,,,,,,,,,,,,
,Sci-Fi Idea Bank,,,,,,,,,,,
,,,,,,,,,,,,
,Sci-Fi Ideas:,Technovelgy,,,,,,,,,,
,Compiled by:,Not Boring,,,,,,,,,,
,,,,,,,,,,,,
,Date,Device Name,Novel,Author,Description,Built?,By Whom?,Product,First Year Made,Additional Details,Bits or Atoms?,Companies Working on This
,1634,Weightlessness (Kepler),Somnium (The Dream),Johannes Kepler,The notion that there could be a location with zero effective gravity.,Yes,"NASA, Roscosmos",International Space Station,1998,N/A,Atoms,
,1638,Weightlessness in Space,The Man in the Moone,Francis Godwin,This appears to be the first description of the idea of weightlessness in space.,Yes,"NASA, Roscosmos",International Space Station,1998,N/A,Atoms,
,2023,Flesh Putty,Titanium Noir,Nick Harkaway,"A flesh replacement, good for putting in bullet holes.",No,N/A,N/A,N/A,Fictional medicine in the novel,Atoms,
,2023,Science Chair,Titanium Noir,Nick Harkaway,Grown from your DNA for extra comfort.,No,N/A,N/A,N/A,Fictional biotech in the novel,Atoms,
,2022,Maritime Robots,Mare Nostrum,Bruce Sterling,Robots designed to perform every aspect of maintenance for a ship.,No,N/A,N/A,N/A,Fictional robotics in the novel,Atoms,
,1726,Geometric Modeling,Gulliver's Travels,Jonathan Swift,"The first recorded use of geometric figures to directly represent, or model, living beings.",Yes,"Autodesk, Dassault",3D modeling software,1982,N/A,Bits,
,1726,Knowledge Engine,Gulliver's Travels,Jonathan Swift,The first reference to a machine that could create sentences or write books.,Yes,Google,Search engine,1998,N/A,Bits,
,1726,Bio-Energy,Gulliver's Travels,Jonathan Swift,The first reference to extracting electricity from organic materials.,Yes,Various,Biofuel production,1895,First commercial production of biofuel,Atoms,
,2022,Prosthetic Yachting Gloves,Mare Nostrum,Bruce Sterling,Robotic gloves for sailors.,No,N/A,N/A,N/A,Fictional robotics in the novel,Atoms,
,1727,Androide,Cyclopaedia,Ephraim Chambers,A device having the form or likeness of a man.,Yes,"Honda, Boston Dynamics",Humanoid robots,2000s,"ASIMO, Atlas",Atoms,
,2022,Abglanz,The Mountain in the Sea,Ray Naylor,A mask that hides identity.,No,N/A,N/A,N/A,Fictional technology in the novel,Atoms,
,2021,Pina2bo,Termination Shock,Neal Stephenson,A huge cannon that shot shells filled with sulfur high into the atmosphere for the purpose of geoengineering a change in climate.,No,N/A,N/A,N/A,Fictional technology in the novel,Atoms,
,2020,DNA Swab Palate,The Breach,M.T. Hill,"Adheres to the palate, and provides false material for DNA swabs.",No,N/A,N/A,N/A,Fictional biotech in the novel,Atoms,
,2020,Bio-Implant (Compensator Chip),Hella,David Gerrold,A neural implant that helps an autistic child to live a more complete and useful life.,No,N/A,N/A,N/A,Fictional biotech in the novel,Bits,
,2020,Scuttle-bot,Hella,David Gerrold,An all-purpose surveillance robot that climbed rather than flew.,No,N/A,N/A,N/A,Fictional robot in the novel,Atoms,
,2020,Pacification Drones,The Breach,M.T. Hill,Surveillance drones that emit calming notes.,No,N/A,N/A,N/A,Fictional UAVs in the novel,Atoms,
,2020,Sloth Pill,The Breach,M.T. Hill,A medication to induce a kind of somnolence like short-term hibernation; used in air travel.,No,N/A,N/A,N/A,Fictional medicine in the novel,Atoms,
,2020,Burner Modem,The Breach,M.T. Hill,A connection device that can be thrown away if necessary.,No,N/A,N/A,N/A,Fictional technology in the novel,Bits,
,2019,Forward Warehousing,Stealing Worlds,Karl Schroeder,Using the trunks of cars as little warehouses.,No,N/A,N/A,N/A,Fictional concept in the novel,Atoms,
,1864,Whispering Gallery,Journey to the Center of the Earth,Jules Verne,A means of communication in specifically shaped spaces.,Yes,Various,Architectural acoustics,19th century,N/A,Atoms,
,2019,VEIL,"Fall; or, Dodge in Hell: A Novel",Neal Stephenson,A wearable device used to foil facial recognition systems.,No,N/A,N/A,N/A,Fictional technology in the novel,Bits,
,2019,OLED Body Film,Waste Tide,Chen Qiufan,Attaching or implanting flexible screen material to the body as decoration.,No,N/A,N/A,N/A,Fictional biotech in the novel,Bits,
,1867,Light Pressure Propulsion,From the Earth to the Moon,Jules Verne,First mention of the idea that light itself could be a form of propulsion for spacecraft.,Yes,"NASA, JAXA",Solar sails,2010s,"IKAROS, LightSail",Atoms,
,2017,Hotello,New York 2140,Kim Stanley Robinson,A portable room within a room.,No,N/A,N/A,N/A,Fictional technology in the novel,Atoms,
,1867,Air Renewal,From the Earth to the Moon,Jules Verne,Re-oxygenating the air within the projectile spacecraft.,Yes,"NASA, Roscosmos",Life support systems,1960s,On spacecraft like Soyuz,Atoms,
,1867,Communicate with Extraterrestrials,From the Earth to the Moon,Jules Verne,Early plan to communicate with life on planets removed from the earth.,Yes,"NASA, SETI",Communication initiatives,1960s,Efforts like SETI and messaging space probes,Bits,
,1867,Splashdown,From the Earth to the Moon,Jules Verne,The use of water as a medium for landing one's space ship in.,Yes,NASA,Ocean landing,1960s,Used for early crewed spaceflights,Atoms,
,2017,Superscraper,New York 2140,Kim Stanley Robinson,Buildings that are hundreds of stories tall.,No,N/A,N/A,N/A,Fictional architecture in the novel,Atoms,
,1867,Free Return Trajectory,From the Earth to the Moon,Jules Verne,The idea that it would be possible for a projectile to go around the Moon and then return to Earth.,Yes,"NASA, JAXA",Free return trajectories,1960s,Used on Apollo missions,Atoms,
,2016,Crowdcutter,Infomocracy,Malka Older,A device worn to part crowds.,No,N/A,N/A,N/A,Fictional technology in the novel,Atoms,
,2016,Logical Pathogen,The Medusa Chronicles,Alastair Reynolds (w/S. Baxter,Malware concealed in DNA.,No,N/A,N/A,N/A,Fictional concept in the novel,Atoms,
,1867,Retro-Rockets,From the Earth to the Moon,Jules Verne,"Small boosters to provide a thrust counter to the current velocity of the spacecraft, slowing it down or stopping its progress altogether.",Yes,"NASA, SpaceX",Retro-rockets,1960s,Used on spacecraft for maneuvering and landing,Atoms,
,1867,Weightlessness,From the Earth to the Moon,Jules Verne,The state experienced in free fall; a space traveler's weight is apparently reduced to zero.,Yes,"NASA, Roscosmos",Experiencing weightlessness,1961,First human spaceflight by Yuri Gagarin,Atoms,
,2015,Centipede,Killing Titan,Greg Bear,"Perfect craft for crawling through slushy, frozen lakes - on Titan.",No,N/A,N/A,N/A,Fictional vehicle in the novel,Atoms,
,2015,Jonnytruck,The Water Knife,Paolo Bacigalupi,A movable bathroom for hire; cost is offset by reclamation.,No,N/A,N/A,N/A,Fictional technology in the novel,Atoms,
,2015,Face Recognition Sunglasses,The Water Knife,Paolo Bacigalupi,Sunglasses that connect with a remote database to perform face recognition.,No,N/A,N/A,N/A,Fictional technology in the novel,Bits,
,2015,Vehicle Seeds,Killing Titan,Greg Bear,A matrix of materials and instructions that allow vehicles to grow themselves when placed in an environment of plentiful materials.,No,N/A,N/A,N/A,Fictional manufacturing in the novel,Atoms,
,2015,Public Urine Collection,The Water Knife,Paolo Bacigalupi,"Arcologies offer public latrines, then collect for reclamation.",No,N/A,N/A,N/A,Fictional concept in the novel,Atoms,
,2015,Cranial Amplified Programming CAP,Killing Titan,Greg Bear,"An aid to learning, which you apply directly to your skull.",No,N/A,N/A,N/A,Fictional technology in the novel,Bits,
,2015,Clearsac,The Water Knife,Paolo Bacigalupi,A simple device that filters water perfectly for reuse.,No,N/A,N/A,N/A,Fictional technology in the novel,Atoms,
,1875,Undersea Mining,"20,000 Leagues Under the Sea",Jules Verne,Conducting mining operations on the sea floor.,Yes,Various,Undersea mining,1960s,Early efforts in the 1960s,Atoms,
,1875,Diving Apparatus,"20,000 Leagues Under the Sea",Jules Verne,Equipment used to go for walks on the sea bed; the direct ancestor of modern scuba diving equipment.,Yes,Various,Scuba gear,1943,First scuba gear patented by Jacques Cousteau,Atoms,
,2014,Oxygen Fountain,War Dogs,Greg Bear,A small factory for making oxygen on the Martian surface.,No,N/A,N/A,N/A,Fictional technology in the novel,Atoms,
,2014,Replaced Worker Benefits,Spark,John Twelve Hawks,Compensation for people whose jobs are taken by robots.,No,N/A,N/A,N/A,Fictional concept in the novel,Bits,
,2014,Cosmoline (Warm Sleep),War Dogs,Greg Bear,Special gel that offers healing and hibernation for space travelers.,No,N/A,N/A,N/A,Fictional substance in the novel,Atoms,
,2014,Freedom ID,Spark,John Twelve Hawks,A chip inserted into the hand for identification (and surveillance) purposes.,No,N/A,N/A,N/A,Fictional biotech in the novel,Bits,
,2014,EYE Program,Spark,John Twelve Hawks,A massive government database on civilians.,No,N/A,N/A,N/A,Fictional concept in the novel,Bits,
,1879,Home News Printer,The Senator's Daughter,Edward Page Mitchell,A device that prints out the newspaper of your choice right in your own home.,Yes,"HP, Canon",Home printers,1970s,N/A,Bits,
,2014,Norm-All Program,Spark,John Twelve Hawks,A set of algorithms that determine a reasonable location for every citizen.,No,N/A,N/A,N/A,Fictional concept in the novel,Bits,
,2014,Timeout,War Dogs,Greg Bear,The part of a Skyrene's life that is spent in Warm Sleep travel between Earth and the destination planet.,No,N/A,N/A,N/A,Fictional concept in the novel,N/A,
,1881,Chemical Production of Food,Mizora: A Prophecy,Mary E. Bradley Lane,Creation of food in the laboratory rather than in the field.,Yes,Various,Lab-grown food,2000s,Early efforts in 2000s,Atoms,
,2014,Skintight,War Dogs,Greg Bear,Specialized space suit for low atmospheric pressure environments like Mars.,No,N/A,N/A,N/A,Fictional technology in the novel,Atoms,
,1883,Telephonoscope,Le Vingtième Siècle (The Twentieth Century),Albert Robida,A device that effectively transmits pictures and sound over long distances.,Yes,Various,Video calling,1930s,Early video calling efforts in 1930s,Atoms,
,2014,Nubot,Spark,John Twelve Hawks,An android that directly replaces a human at their job.,No,N/A,N/A,N/A,Fictional robot in the novel,Atoms,
,2014,Puff (Puff Balls),War Dogs,Greg Bear,Material that is used to help Skyrines dropped to the surface of Mars get rid of some of that excess velocity.,No,N/A,N/A,N/A,Fictional substance in the novel,Atoms,
,1888,Credit Card,Looking Backward,Edward Bellamy,A simple card that is used in place of money,Yes,"Visa, Mastercard",Credit cards,1950s,N/A,Atoms,
,1888,Telephonic Music Room,Looking Backward,Edward Bellamy,"Places where a person could go, at any time, to share in musical performances happening at some distance away.",Yes,"Spotify, Apple Music",Music streaming,2000s,N/A,Bits,
,1888,Mall (Great City Bazaar),Looking Backward,Edward Bellamy,An aggregation of shops under one roof.,Yes,"Westfield, Simon Property",Shopping malls,1950s,N/A,Atoms,
,2012,Eel Operator,Re:Set,Susan Beetlestone,A surgically modified human being able to operate a robotic eel,No,N/A,N/A,N/A,Fictional biotech in the novel,Atoms,
,1889,Electrified Fence,A Connecticut Yankee in King Arthur's Court,Mark Twain,A wire fence carrying an electrical charge sufficient to deter crossing the boundary.,Yes,Various,Electric fences,1930s,N/A,Atoms,
,1889,Atmospheric Advertising,In the Year 2889,Jules Verne,A means of mass advertising to cities and countries.,Yes,Various,"Skyvertising, Drones",2020s,N/A,Atoms,
,1889,Phonotelephote,In the Year 2889,Jules Verne,A means of transmitting and receiving both voice and picture for a personal conversation.,Yes,"Zoom, Skype",Video calling,2010s,N/A,Bits,
,1889,Live News,In the Year 2889,Jules Verne,The modern concept of a news broadcast.,Yes,"CNN, BBC",24-hour live news,1980s,N/A,Bits,
,1889,Recorded News,In the Year 2889,Jules Verne,This is the basic idea behind Tivo and VCRs.,Yes,"TiVo, DVRs",Digital video recorders,1990s,N/A,Bits,
,1893,Air-to-Surface Missile,The Angel of the Revolution,George Griffith,Very early description of a projectile fired from an airship into a surface target.,Yes,Various militaries,Guided missiles,1940s,N/A,Atoms,
,2012,Brain-Jacking,Kill Decision,Daniel Suarez,Using insects for surveillance.,No,N/A,N/A,N/A,Fictional surveillance in the novel,Bits,
,1893,Air-Ship (VTOL Airship),The Angel of the Revolution,George Griffith,A flying machine capable of vertical take-off and landing.,Yes,"Bell, Boeing",VTOL aircraft,1950s,N/A,Atoms,
,1894,Rooftop Windmill,A Journey In Other Worlds,John Jacob Astor IV,Renewable energy source for the home.,Yes,Various companies,Rooftop wind turbines,1970s,N/A,Atoms,
,2012,Robotic Eel,Re:Set,Susan Beetlestone,"A five-foot long artificial eel, controlled by an operator.",No,N/A,N/A,N/A,Fictional robot in the novel,Atoms,
,1894,Magnetic Eyes,A Journey In Other Worlds,John Jacob Astor IV,A device that permits remote monitoring of people or other objects.,Yes,Axis Communications,Security cameras,1990s,N/A,Atoms,
,1894,Vehicle Energy Reclamation,A Journey In Other Worlds,John Jacob Astor IV,Reclaiming the energy gained by climbing a hill on the way back down.,Yes,Various automakers,Regenerative braking,1990s,N/A,Atoms,
,1894,Instantaneous Kodaks (Traffic Control),A Journey In Other Worlds,John Jacob Astor IV,Use of cameras to help police officers enforce speed limits.,Yes,Various,Speed cameras,1960s,N/A,Atoms,
,1894,Electric Phaetons (Electric Cars),A Journey In Other Worlds,John Jacob Astor IV,Vehicles whose motive power is entirely derived from electricity.,Yes,"Tesla, Nissan",Electric cars,1890s,First viable electric cars in 1890s,Atoms,
,1894,Space-ship,A Journey In Other Worlds,John Jacob Astor IV,A space-going vessel.,Yes,"NASA, SpaceX",Spacecraft,1950s,N/A,Atoms,
,1894,Marine Spider (Hydrofoil),A Journey In Other Worlds,John Jacob Astor IV,A very early mention of the hydrofoil concept.,Yes,Boeing,Hydrofoils,1960s,N/A,Atoms,
,1894,Magnetic Railroads,A Journey In Other Worlds,John Jacob Astor IV,A scheme for powering railroads using enormous electromagnets.,Yes,Various,Maglev trains,1980s,N/A,Atoms,
,1894,Double-Door Vestibule,A Journey In Other Worlds,John Jacob Astor IV,A special doorway leading from the interior of a spacecraft leading out into space which maintains the air pressure within the craft.,Yes,NASA,Airlocks,1960s,On spacecraft,Atoms,
,2012,Wildcode,The Fractal Prince,Hannu Rajaniemi,"A vast, actual desert comprised of nanites, nanomachines.",No,N/A,N/A,N/A,Fictional nanotech in the novel,Atoms,
,2012,Autonomous Assassination Drone,Kill Decision,Daniel Suarez,"A flying UAV that is self-guided to a target, destroys the target, and is capable of destroying itself after mission completion.",No,N/A,N/A,N/A,Fictional UAV in the novel,Atoms,
,2012,DNA Music Storage,Year Zero,Rob Reid,Encoding music in junk DNA.,No,N/A,N/A,N/A,Fictional data storage in the novel,Atoms,
,2012,Parent Drone,Kill Decision,Daniel Suarez,A drone platform that launches smaller drones.,No,N/A,N/A,N/A,Fictional UAVs in the novel,Atoms,
,1895,Atomic Microscopy,The Crack of Doom,Robert Cromie,A device that can actually visualize a individual molecule and its parts.,Yes,IBM,Scanning tunneling microscope,1981,N/A,Atoms,
,2011,Virtual Punishment,Complete Sentence,Joe Haldeman,It seems like decades in prison.,No,N/A,N/A,N/A,Fictional concept in the novel,Bits,
,1895,Atomic Energy,The Crack of Doom,Robert Cromie,Splitting the atom to create a destructive force.,Yes,Various,Nuclear fission,1939,N/A,Atoms,
,1895,Manufactured Wife,A Wife Manufactured to Order,Alice W. Fuller,"A wife made to order, programmed to meet her husband's requirements.",Yes,Various,"Sexbots, AI Chat GF/Wife",2010s,N/A,Both,
,2011,Onionskin Transparent Jeans,Super Sad True Love Story,Gary Shteyngart,See-through pants.,No,N/A,N/A,N/A,Fictional clothing in the novel,Atoms,
,2010,Power Stilts,The Human Blend,Alan Dean Foster,Platforms that push inundated cities ever higher.,No,N/A,N/A,N/A,Fictional technology in the novel,Atoms,
,2010,Barker,The Human Blend,Alan Dean Foster,"A device that scans for nearby medical implants, and allows the operator to take control.",No,N/A,N/A,N/A,Fictional technology in the novel,Bits,
,2010,Nutrient Extractor and Maximizer (NEM),The Human Blend,Alan Dean Foster,Device that replaces and extends the capabilities of the human digestive system.,No,N/A,N/A,N/A,Fictional biotech in the novel,Atoms,
,2010,Humeld,The Human Blend,Alan Dean Foster,A human being with augmented body parts.,No,N/A,N/A,N/A,Fictional concept in the novel,Atoms,
,2010,Neural Lace,Surface Detail,Iain M Banks,An interface between the brain and computer facilities.,No,N/A,N/A,N/A,Fictional biotech in the novel,Bits,
,2010,Ugly T-Shirt,Zero History,William Gibson,Uses disruptive patterning to make the wearer invisible to computerized surveillance techniques.,No,N/A,N/A,N/A,Fictional technology in the novel,Atoms,
,2010,Office Hand,The Human Blend,Alan Dean Foster,A robotic hand with each finger customized for a different function.,No,N/A,N/A,N/A,Fictional robot in the novel,Atoms,
,1897,Electric Bicycle,In the Deep of Time,George Parsons Lathrop,A two-wheeled device utilizing stored electricity as motive power.,Yes,Various,Electric bicycles,1890s,N/A,Atoms,
,2010,Alien Trojan,Out of the Dark,David Webber,Malware from another world!,No,N/A,N/A,N/A,Fictional concept in the novel,Bits,
,2010,Rocket Pine,The Human Blend,Alan Dean Foster,Genetically engineered trees for wood pulp.,No,N/A,N/A,N/A,Fictional biotech in the novel,Atoms,
,2010,Angel Teeth,Freedom,Daniel Suarez,Essentially a spear dropped from a great height (or from orbit) with a guidance system.,No,N/A,N/A,N/A,Fictional weapon in the novel,Atoms,
,2010,Necap,The Human Blend,Alan Dean Foster,A device that burns out neural connections.,No,N/A,N/A,N/A,Fictional technology in the novel,Bits,
,1897,Artificial Silk,In the Deep of Time,George Parsons Lathrop,A fabric like silk produced entirely without silkworms.,Yes,DuPont,Nylon,1930s,N/A,Atoms,
,2010,Darknet Farm,Freedom,Daniel Suarez,A farm that uses computer networked information systems to achieve sustainable agriculture in a community.,No,N/A,N/A,N/A,Fictional concept in the novel,Bits,
,2010,Millenniaire,The Quantum Thief,Hannu Rajaniemi,A person with much more Time than an ordinary person.,No,N/A,N/A,N/A,Fictional concept in the novel,N/A,
,2010,Disabler,The Human Blend,Alan Dean Foster,A device that drains power quickly from an electric vehicle.,No,N/A,N/A,N/A,Fictional technology in the novel,Bits,
,2009,Controllable Drone Army,Daemon,Daniel Suarez,Darknet sorcerer uses gestures to control a network of drone servants.,No,N/A,N/A,N/A,Fictional concept in the novel,Atoms,
,2009,Skin Computer,Mariposa,Greg Bear,"A computer that looks like a tattoo, on a stretchable base.",No,N/A,N/A,N/A,Fictional computing in the novel,Bits,
,2009,Robot Snake Spy,Mariposa,Greg Bear,"A small robot in the shape of a snake, used for field work by spies.",No,N/A,N/A,N/A,Fictional robot in the novel,Atoms,
,2009,Laser-Induced Plasma,Daemon,Daniel Suarez,Shoots lightning from your fingertips.,No,N/A,N/A,N/A,Fictional weapon in the novel,Atoms,
,2009,Dattoo,Mariposa,Greg Bear,A data exchange device worn on the skin like a tattoo.,No,N/A,N/A,N/A,Fictional technology in the novel,Bits,
,2009,EPR Phone,Mariposa,Greg Bear,Telephony that uses quantum effects for transmission - and is therefore the ultimate in anti-eavesdropping technology.,No,N/A,N/A,N/A,Fictional communication tech,Bits,
,1898,Autonomous Digging Machine,The War of the Worlds,H.G. Wells,A mechanical device able to excavate on its own.,Yes,"Caterpillar, Komatsu",Autonomous construction vehicles,2010s,N/A,Atoms,
,1898,Air-Tight Suit,Edison's Conquest of Mars,Garrett P. Serviss,An special outfit that would allow a person to survive in vacuum.,Yes,"NASA, SpaceX",Spacesuits,1960s,N/A,Atoms,
,1898,Heat Ray,The War of the Worlds,H.G. Wells,First use of what appears to be a laser weapon.,Yes,Various,Laser weapons,1960s,N/A,Atoms,
,2009,EyePod,WWW: Wake,Robert J. Sawyer,A generic term for the external computing processing unit needed for eye implants.,No,N/A,N/A,N/A,Fictional biotech in the novel,Bits,
,2009,Distributed Assembly Plant,Daemon,Daniel Suarez,Bringing parts together for assembly in a crowd anonymously.,No,N/A,N/A,N/A,Fictional concept in the novel,Atoms,
,2009,Third Eye,Daemon,Daniel Suarez,An output device that uses the skin of the user.,No,N/A,N/A,N/A,Fictional interface in the novel,Bits,
,1898,Space Walk,Edison's Conquest of Mars,Garrett P. Serviss,Going outside your space craft for a short time.,Yes,"NASA, Roscosmos",Extravehicular activity,1965,N/A,Atoms,
,2009,Razorback,Daemon,Daniel Suarez,Autonomous motorcycle weapons platform.,No,N/A,N/A,N/A,Fictional vehicle in the novel,Atoms,
,2009,Robobug,The Golden City,John Twelve Hawks,A cyborg insect.,No,N/A,N/A,N/A,Fictional cyborg in the novel,Atoms,
,2009,Digital Ink License Plate,Daemon,Daniel Suarez,License tags that can change both state and number in the blink of an eye.,No,N/A,N/A,N/A,Fictional technology in the novel,Bits,
,2009,Mind-Reading with MRI,Daemon,Daniel Suarez,Making use of direct brain imaging to discern a person's thoughts.,No,N/A,N/A,N/A,Fictional technology in the novel,Bits,
,1898,Biological Warfare,The War of the Worlds,H.G. Wells,The use of microorganisms to defeat an enemy; this is the first reference in science fiction that I can find to this concept.,Yes,Various militaries,Biological weapons,1900s,N/A,Atoms,
,2009,Websight,WWW: Wake,Robert J. Sawyer,A way of visualizing the Internet internally.,No,N/A,N/A,N/A,Fictional interface in the novel,Bits,
,2008,Homing Butterflies,Moxyland,Lauren Beukes,Butterflies modified to accompany a purchased bouquet.,No,N/A,N/A,N/A,Fictional biotech in the novel,Atoms,
,1899,Aerodrome (Ærodromes),Looking Forward: A Dream of the United States of the Americas in 1999,Arthur Bird,Flying machines.,Yes,"Boeing, Airbus",Airplanes,1903,N/A,Atoms,
,2008,Photomnemonic Tablet,Anathem,Neal Stephenson,A device that both records and displays images with the same element.,No,N/A,N/A,N/A,Fictional technology in the novel,Bits,
,2008,Blithe,Anathem,Neal Stephenson,A plant engineered to produce a substance that brought out compliant behavior in those who consumed it.,No,N/A,N/A,N/A,Fictional biotech in the novel,Atoms,
,2008,Kinagram,Anathem,Neal Stephenson,Small print-size icons that presented a moving image.,No,N/A,N/A,N/A,Fictional display tech in the novel,Bits,
,2008,Ultimate Football League (UFL),The Sun Also Explodes,Chris Nakashima-Brown,A football league without restrictions on human modification.,No,N/A,N/A,N/A,Fictional concept in the novel,N/A,
,1899,Aerial Dynamite Ships,Looking Forward: A Dream of the United States of the Americas in 1999,Arthur Bird,Using airplanes to drop explosives during war.,Yes,Various militaries,Bombers,1910s,N/A,Atoms,
,1899,Moving Roadway,When the Sleeper Wakes,H.G. Wells,"A roadway that is in motion, with seats and kiosks, that goes around curves.",Yes,Various airports,Moving walkways,1950s,N/A,Atoms,
,1899,Kinetiscope Appliance,When the Sleeper Wakes,H.G. Wells,A small object that could show a variety of artificially created or extrapolated images.,Yes,"Sony, Microsoft",Augmented reality,2010s,N/A,Atoms,
,2008,Headspace,Flood,Stephen Baxter,A virtual world in which a person could raise a virtual baby with full haptic realism.,No,N/A,N/A,N/A,Fictional virtual world in the novel,Bits,
,1899,Electric-Automatic Housemaid Robot (Automaton),Ely's Automatic Housemaid,Elizabeth Bellamy,A very early description of a robot to help around the house.,Yes,iRobot,Home cleaning robots,2002,N/A,Atoms,
,1899,Moving Picture Player,When the Sleeper Wakes,H.G. Wells,A machine that plays recorded pictures back for a single person - a combination DVD player and screen.,Yes,"Sony, LG",DVD players,1996,N/A,Atoms,
,1899,Automatic Door,When the Sleeper Wakes,H.G. Wells,A wall strip that rolls up automatically to let you through.,Yes,Stanley Access Technologies,Automatic doors,1960s,N/A,Atoms,
,1899,Town In One Building,When the Sleeper Wakes,H.G. Wells,"This is the basic idea behind an arcology, or other single structure that is intended to provide living space and mall.",Yes,NEOM,NEOM,2020s,N/A,Atoms,
,1899,Babble Machine,When the Sleeper Wakes,H.G. Wells,Not just television - this describes what we call 'the idiot box' (technology and media).,Yes,"Sony, Samsung",Televisions,1927,N/A,Atoms,
,1899,DVD/VCR (Entertainment Player),When the Sleeper Wakes,H.G. Wells,A device that accepts stored moving picture entertainment and makes it available for viewing.,Yes,"Sony, LG",DVD/Blu-ray players,1996,N/A,Atoms,
,1899,Electrical Farming Implements,Looking Forward: A Dream of the United States of the Americas in 1999,Arthur Bird,Labor-saving automatic farm equipment.,Yes,"John Deere, CNH Industrial",Agricultural machinery,1900s,N/A,Atoms,
,1899,Networked World,When the Sleeper Wakes,H.G. Wells,Very early description of our dependence on technology and communication.,Yes,Internet pioneers,The Internet,1969,N/A,Both,
,2008,ParanoidLinux,Little Brother,Cory Doctorow,A computer operating system that deliberately obscures the activities of the user.,No,N/A,N/A,N/A,Fictional OS in the novel,Bits,
,1899,Automated Surface Measurement,When the Sleeper Wakes,H.G. Wells,A mechanical method of accurately measuring a surface.,Yes,FARO Technologies,3D scanning,1970s,N/A,Atoms,
,2008,Allswell,Anathem,Neal Stephenson,An organic compound found (or placed) in food that calms and mellows those who partake of it.,No,N/A,N/A,N/A,Fictional substance in the novel,Atoms,
,2008,Spine-Clamp,Anathem,Neal Stephenson,A device that constrains the movements of convicted criminals.,No,N/A,N/A,N/A,Fictional technology in the novel,Atoms,
,2008,Defuser,Moxyland,Lauren Beukes,Electroshock cellphones to keep unruly individuals under control.,No,N/A,N/A,N/A,Fictional technology in the novel,Atoms,
,1901,Translatophone,My Translatophone,Frank Stockton,A device that performs mechanical translation of one language into another.,Yes,Google,Google Translate,2006,N/A,Atoms,
,2008,Angel Music Player,Flood,Stephen Baxter,"A device that beams music directly into your brain, without wires.",No,N/A,N/A,N/A,Fictional technology in the novel,Bits,
,2008,Gait-Cam,Little Brother,Cory Doctorow,"A surveillance camera system that analyzes the unique way in which people walk, to identify them.",No,N/A,N/A,N/A,Fictional surveillance tech,Bits,
,2008,Sky-Bike,The Last Theorem,Arthur C. Clarke (w/Pohl,A human-powered floating bicycle built for use in lunar sports.,No,N/A,N/A,N/A,Fictional vehicle in the novel,Atoms,
,1903,Joystick Controls w/Remote Display,The Land Ironclads,H.G. Wells,A fire-by-wire remote-controlled weapon system.,Yes,Various militaries,Remote weapon systems,1940s,N/A,Atoms,
,1903,Aerial Navies,The World Masters,George Griffith,Use of vast numbers of air-ships (planes) to overwhelm land defenses.,Yes,Various air forces,Air forces,1910s,N/A,Atoms,
,2008,Fuel Tree,Anathem,Neal Stephenson,Plants raised as fuel.,No,N/A,N/A,N/A,Fictional biotech in the novel,Atoms,
,2008,Photonomous,Little Brother,Cory Doctorow,A program that strips out the digital noise signature from a picture file.,No,N/A,N/A,N/A,Fictional software in the novel,Bits,
,2007,Virtual World Theft,Halting State,Charles Stross,A method of stealing or reassigning ownership to items of value in virtual worlds.,No,N/A,N/A,N/A,Fictional concept in the novel,Bits,
,2007,Orbital Weapon Lancet (OWL),Quantico,Greg Bear,A kinetic energy weapon placed in Earth orbit.,No,N/A,N/A,N/A,Fictional weapon in the novel,Atoms,
,2007,Scanner Palm,KOP,Warren Hammond,A document scanner implanted in the palm of the hand.,No,N/A,N/A,N/A,Fictional biotech in the novel,Bits,
,2007,OSMO (Osmic Mobile Observers),Quantico,Greg Bear,"UAV with the ability to ""smell"" their human quarry.",No,N/A,N/A,N/A,Fictional UAVs in the novel,Atoms,
,2007,SPOOKS,Halting State,Charles Stross,A live-action role playing (LARP) game that lets ordinary people play at being secret agents.,No,N/A,N/A,N/A,Fictional game in the novel,N/A,
,2007,Airboarding,Halting State,Charles Stross,Typing in thin air to input characters into a computer.,No,N/A,N/A,N/A,Fictional interface in the novel,Bits,
,2007,Tongueprint Verification,Fleet of Worlds,Larry Niven (w/E.M. Lerner,A device that verifies the unique print of the tongue against a a database for identification purposes.,No,N/A,N/A,N/A,Fictional biometric tech,Bits,
,1909,Telemedicine Apparatus,The Machine Stops,E.M. Forster,First reference to a device that allows physicians to examine or aid patients at a distance.,Yes,Various telehealth companies,Telemedicine,1960s,N/A,Atoms,
,1909,Cinematophote (Blue Optic Plate),The Machine Stops,E.M. Forster,"The first reference to a tablet-sized, handheld screen.",Yes,"Apple, Samsung",Tablet computers,2010s,N/A,Atoms,
,1909,Video Communicator,The Machine Stops,E.M. Forster,"A device that carried both voice and image, letting the two parties see each other.",Yes,"Zoom, FaceTime",Video calling apps,2010s,N/A,Atoms,
,2007,Anemopter,Finisterra,David Moles,Special craft for journeys through the atmosphere of a gas giant planet.,No,N/A,N/A,N/A,Fictional aircraft in the story,Atoms,
,2007,Lifelog,Halting State,Charles Stross,A life record made constantly.,No,N/A,N/A,N/A,Fictional concept in the novel,Bits,
,2007,Blacknet,Halting State,Charles Stross,An antisocial networking site.,No,N/A,N/A,N/A,Fictional concept in the novel,Bits,
,1910,Automaton Chessplayer,Moxon's Master,Ambrose Bierce,The first chess-playing computer.,Yes,IBM,Deep Blue,1997,N/A,Bits,
,2007,DC Mini,Paprika,Satoshi Kon,A therapy tool that allows a psychotherapist to enter a patient's dreams.,No,N/A,N/A,N/A,Fictional technology in the film,Bits,
,1911,Telephot,Ralph 124c 41 +,Hugo Gernsback,A device that combined the functions of telephone and television; a phone with a screen.,Yes,"Apple, Samsung",Video calling smartphones,2007,N/A,Bits,
,1911,Artificial Cloth,Ralph 124c 41 +,Hugo Gernsback,The creation of fabrics without organic natural fibers.,Yes,Various,Synthetic fabrics,1910s,N/A,Atoms,
,2007,Digital Paper Pad,KOP,Warren Hammond,"Just one molecule thick, it flips bits by flipping molecules.",No,N/A,N/A,N/A,Fictional computing in the novel,Atoms,
,1911,Automatic-Electric Packing Machine,Ralph 124c 41 +,Hugo Gernsback,A device able to pack randomly shaped objects combined into a single package automatically.,Yes,Sealed Air,Packaging machines,1960s,N/A,Atoms,
,2007,Max Detention (Virtual Counsel),Quantico,Greg Bear,A software implementation of a lawyer; an artificially intelligent legal advisor.,No,N/A,N/A,N/A,Fictional AI in the novel,Bits,
,2007,Remotely Operated Auto-targeting Gun (ROAG),Quantico,Greg Bear,A weapon able to pick out its own targets; it's action can be remotely initiated.,No,N/A,N/A,N/A,Fictional weapon in the novel,Atoms,
,2007,Cop Block,Quantico,Greg Bear,A device that allows law enforcement officers to shut down the engine of a suspect's car or truck.,No,N/A,N/A,N/A,Fictional technology in the novel,Bits,
,2007,Tongue Mouse,Quantico,Greg Bear,A pointing device using input from the tongue.,No,N/A,N/A,N/A,Fictional interface in the novel,Bits,
,2007,Orphids,Postsingular,Rudy Rucker,Nanomachines replicate theselves from dust - and cover the Earth.,No,N/A,N/A,N/A,Fictional nanotech in the novel,Atoms,
,1911,Electric Rifle,Tom Swift and His Electric Rifle,Victor Appleton,A device that shoots an electrical charge.,Yes,Taser International,Taser,1970s,N/A,Atoms,
,2007,Bubble-Gum Pylon,Quantico,Greg Bear,Device used to capture entire vehicles in car chases.,No,N/A,N/A,N/A,Fictional technology in the novel,Atoms,
,1911,Helio-Dynamophores (Sun-Power-Generators),Ralph 124c 41 +,Hugo Gernsback,Photo-electric elements which transformed the solar heat direct into electric energy.,Yes,Various,Solar panels,1954,N/A,Atoms,
,2007,Midge,Quantico,Greg Bear,A very small flapping wing UAV that can be carried by a larger flying device.,No,N/A,N/A,N/A,Fictional UAV in the novel,Atoms,
,2007,CopSpace,Halting State,Charles Stross,"A virtual location for police lifelogs, official communications, paperwork, informational databases and evidence of all kinds.",No,N/A,N/A,N/A,Fictional concept in the novel,Bits,
,1911,Actinoscope,Ralph 124c 41 +,Hugo Gernsback,A device that used a pulsating polarized ether wave to judge the distance to an object (a RADAR),Yes,Raytheon,Radar,1930s,N/A,Atoms,
,1911,Personalized News,Ralph 124c 41 +,Hugo Gernsback,First reference to news that is customized to the needs of each individual subscriber.,Yes,Google,Google News,2002,N/A,Bits,
,1911,Telautograph,Ralph 124c 41 +,Hugo Gernsback,First fictional reference to a fax machine.,Yes,Xerox,Fax machines,1960s,N/A,Bits,
,1911,Detectophone,Ralph 124c 41 +,Hugo Gernsback,First use of the idea of a voice-activated machine.,Yes,Various,Voice assistants,2010s,N/A,Bits,
,1911,Language Rectifier,Ralph 124c 41 +,Hugo Gernsback,The first reference to machine-translation of human languages.,Yes,Google,Google Translate,2006,N/A,Bits,
,2007,Magnetic Levitating Bed,Spook Country,William Gibson,"A bed that hovers above the floor, with no visible means of suport.",No,N/A,N/A,N/A,Fictional technology in the novel,Atoms,
,2006,Coder,Storm Thief,Chris Wooding,Specialized humans who excel at engineering tasks.,No,N/A,N/A,N/A,Fictional concept in the novel,N/A,
,2006,Traffic Lane Discharger,Sagramanda,Alan Dean Foster,A device that electrically shocked vehicles whose drivers attempted to evade traffic control devices.,No,N/A,N/A,N/A,Fictional technology in the novel,Bits,
,2006,Timebroker,Shuteye for the Timebroker,Paul Di Filippo,A person who traded in the commodity of other people's time.,No,N/A,N/A,N/A,Fictional concept in the story,N/A,
,1914,Artificial Food,The World Set Free,H.G. Wells,"Food produced without soil, chemically.",Yes,Various,Lab-grown food,2000s,N/A,Atoms,
,2006,A-Som (Antisomnolence Drugs),Shuteye for the Timebroker,Paul Di Filippo,One simple pill removes the need for sleep.,No,N/A,N/A,N/A,Fictional medicine in the story,Atoms,
,1914,Atomic Bomb,The World Set Free,H.G. Wells,A weapon that uses an atomic chain reaction as an explosive force.,Yes,US Government,Nuclear weapons,1945,N/A,Atoms,
,1914,Sustained Atomic Reaction,The World Set Free,H.G. Wells,The idea that a sustained reaction could lead to an atomic explosion.,Yes,Various,Nuclear reactors,1942,N/A,Atoms,
,2006,Aether Cannon,Storm Thief,Chris Wooding,A hand-held energy weapon.,No,N/A,N/A,N/A,Fictional weapon in the novel,Atoms,
,2006,Amphibious Skimmer,Storm Thief,Chris Wooding,Amphibious drone with blades.,No,N/A,N/A,N/A,Fictional robot in the novel,Atoms,
,2006,Pocket Scanner,Sagramanda,Alan Dean Foster,A device that scans for the codes that will open a vehicle's door on command.,No,N/A,N/A,N/A,Fictional technology in the novel,Bits,
,1915,Visaphone System Zoom Call,John Jones's Dollar,Harry Stephen Keeler,An amazingly early description of a modern zoom call on a big screen monitor.,Yes,"Zoom, Skype",Video conferencing,2000s,N/A,Bits,
,1915,Pocket wireless phone,John Jones's Dollar,Harry Stephen Keeler,"An entirely portable, pocket-sized, telephone.",Yes,Various,Mobile phones,1973,N/A,Atoms,
,1917,Tele-Photophonic Attachment,The Messiah of the Cylinder,Victor Rousseau,A device that permits a telephone funnel to see as well as hear.,Yes,"Apple, Samsung",Video calling smartphones,2007,N/A,Atoms,
,2006,Magnetic Ram,Storm Thief,Chris Wooding,A device that fires pulses of magnetic energy.,No,N/A,N/A,N/A,Fictional weapon in the novel,Atoms,
,1917,Open-Air Moving Picture Shows,The Messiah of the Cylinder,Victor Rousseau,Public news outlets,Yes,Various,Open air cinemas,Early 1900s,N/A,Atoms,
,2006,Stopper Bubble,Red Lightning,John Varley,Device that halts time within its boundaries.,No,N/A,N/A,N/A,Fictional technology in the novel,Bits,
,2006,Persuader,Storm Thief,Chris Wooding,Device secured to a person that ensures compliant behavior by threat of force.,No,N/A,N/A,N/A,Fictional technology in the novel,Atoms,
,1918,Photophone,The Planeteer,Michael Flynn,A device that provided a view of the other booth.,Yes,AT&T,Video calling,1930s,N/A,Atoms,
,2006,Microwave Pistol,Blindsight,Peter Watts,Device designed to cause internal injury.,No,N/A,N/A,N/A,Fictional weapon in the novel,Atoms,
,2006,House-of-Cards Construction,Rainbows End,Vernor Vinge,Architectural technique that uses computers to help buildings maintain their balance during earthquakes.,No,N/A,N/A,N/A,Fictional architecture in the novel,Atoms,
,1920,Spinning Mill for Veins (Artificial Organs),R.U.R.,Karel Capek,"The manufacture of artificial organs, digestive tract, veins - body parts.",Yes,Various biotech companies,Artificial organs,1960s,N/A,Atoms,
,2006,Mobile Advertisements,Sagramanda,Alan Dean Foster,Advertisements presented in mid-air in public spaces.,No,N/A,N/A,N/A,Fictional ads in the novel,Bits,
,1920,Robot,R.U.R.,Karel Capek,A (usually human-shaped) artifact with the same kinds of abilities as a human - this is the first use of the word 'robot'.,Yes,Various,Robots,1960s,N/A,Atoms,
,1921,Phonographic Locks,A Journey to the Year 2025,Clement Fezandie,Doors that open using voice recognition.,Yes,Amazon,Alexa smart locks,2017,N/A,Atoms,
,2006,Disperser,Sagramanda,Alan Dean Foster,Device that gives an electric shock to anyone who touches a vehicle.,No,N/A,N/A,N/A,Fictional technology in the novel,Atoms,
,2006,Municipal Cattle Remover,Sagramanda,Alan Dean Foster,A device to pick cattle up and place them in a truck for later dispersion in the countryside.,No,N/A,N/A,N/A,Fictional technology in the novel,Atoms,
,2006,Camera Tunnel,Rainbows End,Vernor Vinge,A device that captures images of shredded documents from all sides for reassembly.,No,N/A,N/A,N/A,Fictional technology in the novel,Bits,
,1923,Networked Telephone Answering Machine,Men Like Gods,H.G. Wells,A device that would accept verbal messages and store them for replay from any remote station.,Yes,Panasonic,Answering machines,1970s,N/A,Bits,
,2005,Computronium,Accelerando,Charles Stross,Intelligent matter; nanocomputing processors masquerading as ordinary material.,No,N/A,N/A,N/A,Fictional material in the novel,Atoms,
,1923,Acoustic Apparatus (Osophone),Acoustic Apparatus,Hugo Gernsback,A device that used bone conduction to transmit sound.,Yes,Aftershokz,Bone conduction headphones,2012,N/A,Atoms,
,1923,Wireless Access Point,Men Like Gods,H.G. Wells,Infrastructure that provides power and wireless communication.,Yes,Cisco,Wifi routers,1999,N/A,Atoms,
,2005,Lobster AI,Accelerando,Charles Stross,"Scan a lobster brain, get a learning machine.",No,N/A,N/A,N/A,Fictional AI in the novel,Bits,
,2005,BrainPal,Old Man's War,John Scalzi,A neural implant.,No,N/A,N/A,N/A,Fictional biotech in the novel,Bits,
,2005,Flexy (or Flexies),Pushing Ice,Alastair Reynolds,"A flexible, quasi-living computer.",No,N/A,N/A,N/A,Fictional computer in the novel,Bits,
,2005,Motorized Combat Boots,Accelerando,Charles Stross,Russian army-surplus self-propelled footgear.,No,N/A,N/A,N/A,Fictional technology in the novel,Atoms,
,1926,Vacuum Suit,The Man from the Atom,G. Peyton Wertenbaker,"An early description of a space suit, and the first use of this now archaic phrase.",Yes,"NASA, SpaceX",Spacesuits,1960s,N/A,Atoms,
,2005,KloraDerm,Old Man's War,John Scalzi,Human skin variant that contains chlorophyll to provide energy.,No,N/A,N/A,N/A,Fictional biotech in the novel,Atoms,
,1926,Computer Vision (Artificial Eye),The Metal Giants,Edmond Hamilton,"A device which, attached to a suitable computer, will allow the device to see.",Yes,Nvidia,Computer vision,2010s,N/A,Bits,
,2005,Dumb Matter,Accelerando,Charles Stross,"Ordinary matter, with no nano-value added.",No,N/A,N/A,N/A,Fictional concept in the novel,Atoms,
,1926,Starship,War in Space,Raymond Quiex,A vehicle for space travel.,Yes,SpaceX,Starship,In development,N/A,Atoms,
,1926,Transparent Dome Helmet,The Man from the Atom,G. Peyton Wertenbaker,A spacesuit helmet that can be seen through.,Yes,NASA,Helmet visors,1960s,N/A,Atoms,
,2005,Starwisp,Accelerando,Charles Stross,An small interstellar probe using a light-sail for propulsion.,No,N/A,N/A,N/A,Fictional spacecraft in the novel,Atoms,
,2005,Sterile Seeds,The Calorie Man,Paolo Bacigalupi,"Seeds that are bioengineered to grow, but not to produce fertile seeds.",No,N/A,N/A,N/A,Fictional biotech in the novel,Atoms,
,2005,Sprayrock,Pushing Ice,Alastair Reynolds,"Special compound that can be sprayed onto a surface, that hardens into rock.",No,N/A,N/A,N/A,Fictional material in the novel,Atoms,
,2005,Kink-Spring,The Calorie Man,Paolo Bacigalupi,A device that stores energy with near-perfect efficiency.,No,N/A,N/A,N/A,Fictional technology in the novel,Atoms,
,2005,Megadont,The Calorie Man,Paolo Bacigalupi,"An engineered mastodon, used to convert vegetable matter into energy.",No,N/A,N/A,N/A,Fictional biotech in the novel,Atoms,
,2005,Hyper-Developed Mulies,The Calorie Man,Paolo Bacigalupi,Bioengineered animals that optimally transform vegetable matter into usable mechanical energy.,No,N/A,N/A,N/A,Fictional biotech in the novel,Atoms,
,2005,Virtual Panopticon,The Traveler,John Twelve Hawks,A method that gathers information from many sources to effectively surveil any citizen as effectively as if he was in a glass cell.,No,N/A,N/A,N/A,Fictional surveillance concept,Bits,
,2004,Perpetual Train,Iron Council,China Mieville,A vast machine that lays its own tracks as it moves forward.,No,N/A,N/A,N/A,Fictional concept in the novel,Atoms,
,2004,CTC Computer (Closed-Timeline-Curve Time-Travel),Exultant,Stephen Baxter,A device that used time travel to perform computations.,No,N/A,N/A,N/A,Fictional concept in the novel,Bits,
,2004,Implanted Comlink,Savior,Nancy Kress,Transceiver inserted below the skin.,No,N/A,N/A,N/A,Fictional technology in the novel,Bits,
,2004,Arteria Portal,The Algebraist,Iain M Banks,A wormhole entrance.,No,N/A,N/A,N/A,Fictional technology in the novel,Atoms,
,1928,Pressure-Suit,Skylark of Space,E.E. 'Doc' Smith,A pressurized suit for use in the airless void of space.,Yes,"NASA, SpaceX",Spacesuits,1960s,N/A,Atoms,
,2004,Memory Diamond,Iron Sunrise,Charles Stross,Very dense memory storage.,No,N/A,N/A,N/A,Fictional technology in the novel,Atoms,
,2004,Emissarial Projection,The Algebraist,Iain M Banks,An expert system able to converse and act in the capacity of ambassador.,No,N/A,N/A,N/A,Fictional AI in the novel,Bits,
,2004,Gillfluid,The Algebraist,Iain M Banks,"Breathable fluid that provides oxygen to the lungs, allowing greater pressure on the body.",No,N/A,N/A,N/A,Fictional technology in the novel,Atoms,
,2004,Signal Skin,The Algebraist,Iain M Banks,Natural communication form for this species; skin that can spell out text.,No,N/A,N/A,N/A,Fictional biotech in the novel,Atoms,
,2004,Quantum Communications Hub,Defeated,Sean McKee,A communications satellite that permits immediate communication between planets and ships in the solar system.,No,N/A,N/A,N/A,Fictional technology in the novel,Bits,
,2004,Waveform Hypothesis,Backbeat - A Novel of Physics,J. Frederick Arment,N/A,No,N/A,N/A,N/A,Fictional concept in the novel,N/A,
,2003,Slow Gun,Singularity Sky,Charles Stross,Device shoots slow projectiles that use neurotoxin.,No,N/A,N/A,N/A,N/A,Atoms,
,2003,Needlecast,Altered Carbon,Richard Morgan,A tightbeam transmission of your very being.,No,N/A,N/A,N/A,N/A,Bits,
,2003,ChickieNobs,Oryx and Crake,Margaret Atwood,Chicken meat sliced from a transgenic organism.,No,N/A,N/A,N/A,N/A,Atoms,
,1928,Private Space Cruiser,Crashing Suns,Edmond Hamilton,A fully space-worthy ship under private ownership.,Yes,"SpaceX, Blue Origin",Private spaceflight,2000s,N/A,Atoms,
,2003,Touch Tablet,Darwin's Children,Greg Bear,Another name for a wireless Tablet PC.,No,N/A,N/A,N/A,N/A,Atoms,
,2003,Goat/Spider Silk,Oryx and Crake,Margaret Atwood,High tensile strength fibers from - goats.,No,N/A,N/A,N/A,N/A,Atoms,
,2003,Email Shirt,Oryx and Crake,Margaret Atwood,See your email on your shirt.,No,N/A,N/A,N/A,N/A,Atoms,
,2003,Self-Cleaning Gym Suit,Oryx and Crake,Margaret Atwood,Removes the source of odor.,No,N/A,N/A,N/A,N/A,Atoms,
,2003,Smart Wallpaper,Oryx and Crake,Margaret Atwood,Wallpaper that can sense your mood and provide an appropriate color scheme.,No,N/A,N/A,N/A,N/A,Atoms,
,2003,Happicuppa Coffee Bush,Oryx and Crake,Margaret Atwood,A species of coffee bush designed for ease of harvesting.,No,N/A,N/A,N/A,N/A,Atoms,
,2003,Companion Implant,Hominids (Neanderthal Parallax),Robert J. Sawyer,Electronic device placed within the body; it has a wide variety of uses.,No,N/A,N/A,N/A,N/A,Atoms,
,1928,Grantline Comptometer,Beyond the Stars,Ray Cummings,Key-driven computer/calculator that easily solves even calculus problems.,Yes,"Texas Instruments, Casio",Calculators,1970s,N/A,Atoms,
,2003,Speaker Chips,Darwin's Children,Greg Bear,Integrated circuit chips placed in books; they could read the book and advertise it.,No,N/A,N/A,N/A,N/A,Atoms,
,1928,Rocket Gun,Armageddon: 2419 A.D.,Philip Frances Nowlan,"In essence, a bazooka.",Yes,Various militaries,Rocket launchers,1940s,N/A,Atoms,
,2003,Cortical Stack,Altered Carbon,Richard Morgan,Implanted hardware device that contains a backup copy of your mental self.,No,N/A,N/A,N/A,N/A,Atoms,
,2003,E-paper Hologram,Darwin's Children,Greg Bear,A cover image that really pops out at the viewer.,No,N/A,N/A,N/A,N/A,Atoms,
,2003,Philips Squeeze Gun,Altered Carbon,Richard Morgan,A handheld railgun,No,N/A,N/A,N/A,N/A,Atoms,
,1928,Ultrophone,Armageddon: 2419 A.D.,Philip Frances Nowlan,A means of communication that transmits and receives simultaneously.,Yes,Full duplex radios,Two-way radios,1920s,N/A,Atoms,
,2003,Ideator,Darwin's Children,Greg Bear,A computer device specifically made to help model genes and proteins for identification.,No,N/A,N/A,N/A,N/A,Atoms,
,1928,Airlock,Skylark of Space,E.E. 'Doc' Smith,An intermediate chamber between airless space and the interior of a space craft.,Yes,"NASA, SpaceX",Airlocks,1960s,N/A,Atoms,
,2003,Handipad,Wyrmhole,Jay Caselberg,An electronic tablet for information browsing.,No,N/A,N/A,N/A,N/A,Atoms,
,2003,Specimen Track,Darwin's Children,Greg Bear,A means for transporting laboratory specimens from one workstation to another in an automated lab.,No,N/A,N/A,N/A,N/A,Atoms,
,2003,Little Bird,Darwin's Children,Greg Bear,"A remote-control ""eye-in-the-sky"" miniature drone plane (UAV).",No,N/A,N/A,N/A,N/A,Atoms,
,2003,Automated Sentry,Darwin's Children,Greg Bear,A biometric device that scans facial features for identification.,No,N/A,N/A,N/A,N/A,Atoms,
,2003,Automatic Hotel (Hotel Hendrix),Altered Carbon,Richard Morgan,A fully automated hotel; complete services provided from check-in to check-out.,No,N/A,N/A,N/A,N/A,Atoms,
,2003,Traction City,Mortal Engines,Philip Reeve,"Cities re-engineered as enormous, lumbering machines.",No,N/A,N/A,N/A,N/A,Atoms,
,1928,Videophone,The Golden Girl of Munan,Harl Vincent,A person-to-person communication device offering sight as well as sound.,Yes,AT&T,Video calling,1930s,N/A,Bits,
,2003,Alien Tarantula,Engine City,Ken MacLeod,Interesting illustration of an animal with gecko-like manipulative capabilities.,No,N/A,N/A,N/A,N/A,Atoms,
,2003,Interway,The Tels,Paul Black,Computer-controlled highway.,No,N/A,N/A,N/A,N/A,Atoms,
,2003,Biolution,The Tels,Paul Black,The revolution in biological manufacturing techniques.,No,N/A,N/A,N/A,N/A,Atoms,
,2003,Causality-violation Device (or Weapon),Singularity Sky,Charles Stross,Any of a variety of technologies intended to exploit time travel as a weapon.,No,N/A,N/A,N/A,N/A,Atoms,
,2003,E-Sheet,Darwin's Children,Greg Bear,A disposable medium for reading electronic messages.,No,N/A,N/A,N/A,N/A,Atoms,
,2003,Mandroid,Altered Carbon,Richard Morgan,A humanoid robot; a robot in the shape of a person.,No,N/A,N/A,N/A,N/A,Atoms,
,2003,Tuned-Laser Decontamination,Hybrids (Neanderthal Parallax),Robert J. Sawyer,Process to destroy foreign biomolecules within the body.,No,N/A,N/A,N/A,N/A,Atoms,
,1928,Chest Disc,Armageddon: 2419 A.D.,Philip Frances Nowlan,A voice activated wireless transmitter.,Yes,Apple,Siri,2011,N/A,Atoms,
,1928,Ultraphone Ear-Disc,Armageddon: 2419 A.D.,Philip Frances Nowlan,Wireless receivers that fit directly over the ears; they also offered noise reduction.,Yes,"Bose, Sony",Noise-cancelling headphones,1980s,N/A,Atoms,
,2003,Olfactory Wakeup Call,Altered Carbon,Richard Morgan,An alarm clock that works by wafting scents your way.,No,N/A,N/A,N/A,N/A,Atoms,
,2003,Alibi Archive,Hominids (Neanderthal Parallax),Robert J. Sawyer,A recording made of transmissions from a personal implant that perceived everything that happened to that individual.,No,N/A,N/A,N/A,N/A,Bits,
,1928,Concentro,Armageddon: 2419 A.D.,Philip Frances Nowlan,Concentrated synthetic food rations.,Yes,Various,"MREs, dehydrated food",1910s,N/A,Atoms,
,1928,Viewplate,Armageddon: 2419 A.D.,Philip Frances Nowlan,A flat panel viewing display.,Yes,"Samsung, LG",Flat panel displays,1990s,N/A,Atoms,
,2003,Spray-on Surgical Gloves,Altered Carbon,Richard Morgan,Effective glove for surgeons that is skin tight.,No,N/A,N/A,N/A,N/A,Atoms,
,2003,Autosurgeon,Altered Carbon,Richard Morgan,"A mechanical aid to physicians, performing surgical procedures with surgeons present.",No,N/A,N/A,N/A,N/A,Atoms,
,2003,Traction City Gut,Mortal Engines,Philip Reeve,The area of a Traction City used for taking apart and consuming captured prey cities.,No,N/A,N/A,N/A,N/A,Atoms,
,2003,Municipal Darwinism,Mortal Engines,Philip Reeve,The process by which smaller towns were eaten by larger ones.,No,N/A,N/A,N/A,N/A,Atoms,
,2003,Pigoon,Oryx and Crake,Margaret Atwood,"A transgenic pig, bred to grow replacement organs for humans.",No,N/A,N/A,N/A,N/A,Atoms,
,2003,Illuminum,Altered Carbon,Richard Morgan,A metal that glows with its own light.,No,N/A,N/A,N/A,N/A,Atoms,
,2003,Synthetic Sleeve,Altered Carbon,Richard Morgan,"An artificial body, into which a person can be downloaded.",No,N/A,N/A,N/A,N/A,Atoms,
,2003,Whuffie,Down and Out in the Magic Kingdom,Cory Doctorow,"A system in which one's actions, as perceived by others, directly procure the necessities of life; reputation-based currency.",No,N/A,N/A,N/A,N/A,Bits,
,2003,External Eyelenses,Altered Carbon,Richard Morgan,Way retro means of correcting vision problems in human beings.,No,N/A,N/A,N/A,N/A,Atoms,
,2002,Ditto Blank,Kiln People,David Brin,"A mentally unformed android, upon which a personality could be impressed.",No,N/A,N/A,N/A,N/A,Atoms,
,2002,Immersive Home Video,Minority Report (Movie),Steven Spielberg,Technology lets users interact with home videos.,No,N/A,N/A,N/A,N/A,Bits,
,2002,Wired Glove Interface Display,Minority Report (Movie),Steven Spielberg,A large screen display that uses a wired glove interface.,No,N/A,N/A,N/A,N/A,Bits,
,1929,Space Travel,A Baby on Neptune,Clare Winger Harris (w/MJ Breuer,Human movement through outer space.,Yes,"NASA, SpaceX",Space travel,1961,N/A,Atoms,
,2002,AI-Based Hiring and Firing,Manna,Marshall Brain,Letting a computer system handle the hiring and firing of employees.,No,N/A,N/A,N/A,N/A,Bits,
,1929,Instant Photography,The Silent Destroyer,Henri Dahl Juve,A photograph that develops immediately inside the camera.,Yes,Polaroid,Instant cameras,1940s,N/A,Bits,
,2002,Photo-Voltaic Robes,Snow in the Desert,Neal Asher,Outerwear made from material that absorbs sunlight and outputs electricity.,No,N/A,N/A,N/A,N/A,Atoms,
,2002,Vagus Nerve Bio-Chip,Diplomatic Immunity,Lois McMaster Bujold,Relief from nausea without drugs.,No,N/A,N/A,N/A,N/A,Atoms,
,2002,Terrafoam Dorm Building,Manna,Marshall Brain,Maximum people in minimum space.,No,N/A,N/A,N/A,N/A,Atoms,
,2002,Workplace Distancing,Manna,Marshall Brain,"A computer application that arranges that workers never encounter each other, to reduce gossiping and wasted time.",No,N/A,N/A,N/A,N/A,Bits,
,1929,Televisor,The Phantom Teleview,Bob Olsen,A viewing screen.,Yes,"Sony, Samsung",Televisions,1920s,N/A,Atoms,
,2002,Gravity Tube,Chindi,Jack McDevitt,A special passage way that eases the movement of material within a ship.,No,N/A,N/A,N/A,N/A,Atoms,
,2002,Minority Report Ads (Biometric Personalized Ads),Minority Report (Movie),Steven Spielberg,Advertisements that speak directly to the consumer in public settings.,No,N/A,N/A,N/A,N/A,Bits,
,2002,Manna,Manna,Marshall Brain,A software program that autonomously manages restaurants or other service industry businesses.,No,N/A,N/A,N/A,N/A,Bits,
,2002,Data Tiles,Minority Report (Movie),Steven Spielberg,Transparent panes that contain data and programs.,No,N/A,N/A,N/A,N/A,Bits,
,2002,Durachrome,Honor of the Regiment,Keith Laumer,Very hard alloy for tanks.,No,N/A,N/A,N/A,N/A,Atoms,
,2002,Spider Robot,Minority Report (Movie),Steven Spielberg,Tiny spider-sized robots that are able to search buildings and identify occupants.,No,N/A,N/A,N/A,N/A,Atoms,
,2002,Hyperpig,Redemption Ark,Alastair Reynolds,A genetic chimera of pig and human.,No,N/A,N/A,N/A,N/A,Atoms,
,2002,Mobile Persocom,Chobits,Manga Clamp,A personal computer in human form.,No,N/A,N/A,N/A,N/A,Atoms,
,2002,Sick Stick,Minority Report (Movie),Steven Spielberg,Baton that induces vomiting upon contact.,No,N/A,N/A,N/A,N/A,Atoms,
,2002,Halo,Minority Report (Movie),Steven Spielberg,Device that incapacitates a person by inducing unconsciousness.,No,N/A,N/A,N/A,N/A,Atoms,
,2002,Imprint (A Ditto Blank),Kiln People,David Brin,Impress one's personality upon a 'ditto blank' android.,No,N/A,N/A,N/A,N/A,Bits,
,2002,Maelstrom,Maelstrom,Peter Watts,A description of the next generation Internet,No,N/A,N/A,N/A,N/A,Bits,
,2002,Pocket Dome,Chindi,Jack McDevitt,Handy easy-to-set-up shelter.,No,N/A,N/A,N/A,N/A,Atoms,
,1929,Indirect Cold Light,The Silent Destroyer,Henri Dahl Juve,"Apparently source-less lighting, highly efficient, with no waste heat.",Yes,LEDs,LED lighting,1962,N/A,Atoms,
,1929,Pay Per View TV,The Threat of the Robot,David H. Keller,The broadcast of games and matches to private televisions for a fee.,Yes,Various,Pay-per-view,1970s,N/A,Bits,
,2002,Robofish (Mitsubishi Robot Turbot),Slow Life,Michael Swanwick,"A powerful, meter-long robotic fish used to take samples from liquid lakes on other worlds (like Titan).",No,N/A,N/A,N/A,N/A,Atoms,
,2002,Poppins,Kiln People,David Brin,An android body imprinted with the personality of a Master Nanny.,No,N/A,N/A,N/A,N/A,Atoms,
,2002,E-Suit (Environmental Suit),Chindi,Jack McDevitt,"A forcefield that encloses air and heat around the body, but does not repel objects or radiation.",No,N/A,N/A,N/A,N/A,Atoms,
,1929,Position Locator Display,Flight of the Eastern Star,Ed Earl Repp,Screen shows the position of hundreds of aircraft;,Yes,Various,Flight Tracking,1950s,N/A,Bits,
,2001,Smart Contact Lenses,Fast Times At Fairmont High,Vernor Vinge,Contact lenses that have a built-in computer display.,No,N/A,N/A,N/A,N/A,Atoms,
,2001,Inertial Bracelet,Psychohistorical Crisis,Donald Kingsbury,Device to still hand tremors.,No,N/A,N/A,N/A,N/A,Atoms,
,2001,Weather Pod,Dune: House Harkonnen,Brian Herbert,Imperial technology available to planetologists only.,No,N/A,N/A,N/A,N/A,Atoms,
,2000,Artificial Intelligence Device (AID),A Hymn Before Battle,John Ringo,Hand-held device responds intelligently to military intelligence requests.,No,N/A,N/A,N/A,N/A,Bits,
,2000,Provigil-C,A Hymn Before Battle,John Ringo,A special drug that promotes wakefulness in troops.,No,N/A,N/A,N/A,N/A,Atoms,
,1930,Flame Projector,Water-Bound World,Harl Vincent,Handheld device shoots flame.,Yes,Defense Technology,Flamethrowers,1900s,N/A,Atoms,
,2000,Floating Island,Saturn's Race,Larry Niven (w/S. Barnes),Large artificial islands floating on Earth's seas.,No,N/A,N/A,N/A,N/A,Atoms,
,2000,Napcap Induction Cap,Saturn's Race,Larry Niven (w/S. Barnes),A device that aids sleep and relaxation by working with the subject's brain waves.,No,N/A,N/A,N/A,N/A,Atoms,
,1930,Visiplate,Skylark Three,E.E. 'Doc' Smith,A flat screen for viewing remote images.,Yes,"Samsung, LG",Flat panel displays,1990s,N/A,Atoms,
,1930,Astronaut,The Death's Head Meteor,Neil R. Jones,A person who travels in space.,Yes,"NASA, Roscosmos",Astronauts,1960s,N/A,Atoms,
,2000,Napcap Capsule,Saturn's Race,Larry Niven (w/S. Barnes),A handy refuge for travelers in busy terminals; a sleep aid when you really need one.,No,N/A,N/A,N/A,N/A,Atoms,
,1930,Space Lock,The Black Star Passes,John W. Campbell,An airlock on a spacecraft.,Yes,"NASA, SpaceX",Airlocks,1960s,N/A,Atoms,
,2000,Oceanic Thermal Energy Converter,Saturn's Race,Larry Niven (w/S. Barnes),A device that uses the sea to help create electricity.,No,N/A,N/A,N/A,N/A,Atoms,
,2000,Anti-Virus Design Software,Super-Cannes: A Novel,J.G. Ballard,Create a living space such that the spread of disease is less likely.,No,N/A,N/A,N/A,N/A,Bits,
,1930,Artificial Transparent Element,Last and First Men,Olaf Stapledon,A substance as strong as metal that you can see through.,Yes,Corning,Gorilla Glass,1960s,N/A,Atoms,
,1930,Radio-Controlled Mechanical Man,The Robot Terror,Melbourne Huff,A remote-controlled robot.,Yes,Various,Remote control robots,1920s,N/A,Atoms,
,1929,Robot Control Board,The Robot Master,O.L. Beckwith,Control panel with small screens showing the point of view of different robots.,Yes,Robotics companies,Robot controllers,1970s,N/A,Bits,
,2000,Bubble,Saturn's Race,Larry Niven (w/S. Barnes),An undersea elevator.,No,N/A,N/A,N/A,N/A,Atoms,
,2000,Randominoes,Nymphomation,Jeff Noon,Dominoes that randomly generate new numbers.,No,N/A,N/A,N/A,N/A,Atoms,
,1929,Mechanical Men,The Ancient Brain,A.G. Stangland,Remote controlled robots used to perform dangerous work.,Yes,Manufacturers,Industrial robots,1960s,N/A,Atoms,
,2000,Blurbflies (Sing. Blurbfly),Nymphomation,Jeff Noon,Small robotic/organic advertisers.,No,N/A,N/A,N/A,N/A,Atoms,
,1929,Remote Telepresence Robot,"Buck Rogers, 2430 AD",Philip Nowlan (w/D. Calkins,A very early depiction of this basic idea.,Yes,Tech companies,Telepresence robots,2010s,N/A,Bits,
,2000,Beetle,Saturn's Race,Larry Niven (w/S. Barnes),A hard-shelled dirigible.,No,N/A,N/A,N/A,N/A,Atoms,
,1929,Sol,Out of Void,L.F. Stone,Familiar name for our own sun.,Yes,Astronomers,Name of the Sun,Early astronomy,N/A,Bits,
,1929,Teleview,The Phantom Teleview,Bob Olsen,A device for seeing at a distance.,Yes,Electronics companies,Closed-circuit television,1940s,N/A,Bits,
,1999,Nano-Paste,Alpha Centauri,Sid Meier,Nanobots that use the resources around it to create a desired product.,No,N/A,N/A,N/A,N/A,Atoms,
,1999,Ethical Calculus,Alpha Centauri,Sid Meier,Mathematics used to determine positive social conduct.,No,N/A,N/A,N/A,N/A,Bits,
,1999,Neuroinduction Field,Starfish,Peter Watts,Keeps the patient still without the use of cumbersome restraints or drugs.,No,N/A,N/A,N/A,N/A,Atoms,
,1929,Mechanical Hand,"Buck Rogers, 2430 AD",Philip Nowlan (w/D. Calkins,"A large robotic hand or claw, large enough to grasp a person.",Yes,Robotics companies,Robot grippers,1960s,N/A,Atoms,
,1929,Air-Freighter Cargo Plane,The Invisible Raiders,Ed Earl Repp,An enormous airplane used for transporting cargo across the country.,Yes,Aircraft manufacturers,Cargo planes,1940s,N/A,Atoms,
,1929,Television Sheet,The Threat of the Robot,David H. Keller,"A large, flat screen television set.",Yes,TV manufacturers,Large screen TVs,1990s,N/A,Bits,
,1929,Governing Keyboard,The Threat of the Robot,David H. Keller,A remote-controlled robot responds to keyboard commands.,Yes,Robotics companies,Robot control interfaces,1970s,N/A,Bits,
,1929,Massive Open Learning,The Threat of the Robot,David H. Keller,Teach using standard videos prepared by the best teachers.,Yes,Online education platforms,MOOCs,2000s,N/A,Bits,
,1999,Cyberethics,Alpha Centauri,Sid Meier,Philosophy detailing how computers work within human communities.,No,N/A,N/A,N/A,N/A,Bits,
,1999,Matter Editation,Alpha Centauri,Sid Meier,Technology that enables the easy manipulation of atomic properties.,No,N/A,N/A,N/A,N/A,Atoms,
,1999,Homo Superior,Alpha Centauri,Sid Meier,A human subspecies created through radical applications of biotechnology.,No,N/A,N/A,N/A,N/A,Atoms,
,1929,Space Craft,Night-Thing,Wilford Allen,A ship that travels through the airless void of space.,Yes,Government space agencies,Spacecraft,1960s,N/A,Atoms,
,1929,Pneumatic Suit,The Shot Into Infinity,Otto Willi Gail,An airtight spacesuit.,Yes,Spacesuit manufacturers,Spacesuits,1960s,N/A,Atoms,
,1929,Spacesuit Testing,The Shot Into Infinity,Otto Willi Gail,A device and method for testing spacesuits.,Yes,Government space agencies,Spacesuit testing,1960s,N/A,Atoms,
,1929,Electric Kitchen,The Shot Into Infinity,Otto Willi Gail,Food preparation in space requires safe equipment.,Yes,Appliance manufacturers,Space food prep equipment,1990s,N/A,Atoms,
,1930,Low-scale Detectors,Brigands of the Moon,Ray Cummings,Magnifies even the smallest sound.,Yes,Defense contractors,Parabolic microphones,1940s,N/A,Atoms,
,1999,Organic Superlubricant,Alpha Centauri,Sid Meier,"Advanced lube that can ""learn"" how to be more effective.",No,N/A,N/A,N/A,N/A,Atoms,
,1999,Genejack,Alpha Centauri,Sid Meier,A genetically-modified human ideally created for menial work.,No,N/A,N/A,N/A,N/A,Atoms,
,1999,Belt Sword,All Tomorrow's Parties,William Gibson,A piece of very thin material sewn between the two leather sides of a belt.,No,N/A,N/A,N/A,N/A,Atoms,
,1930,Automatic Cultivators,Piracy Preferred,John W. Campbell,Agricultural robots.,Yes,Farm equipment companies,Agricultural robots,2010s,N/A,Atoms,
,1930,Robot Waiter,Flamingo: A Drama of A.D. 1950,Clarence Edward Heller,Robotic restaurant servitor.,Yes,Robotics companies,Service robots,2010s,N/A,Atoms,
,1930,Matched-Frequency Separable Units,Skylark Three,E.E. 'Doc' Smith,Devices that can draw power wirelessly from a matched source.,Yes,Electronics manufacturers,Inductive charging,1990s,N/A,Atoms,
,1999,Nanofax,All Tomorrow's Parties,William Gibson,Send a copy of a three-dimensional object to a distant place.,No,N/A,N/A,N/A,N/A,Atoms,
,1999,Sentient Econometrics,Alpha Centauri,Sid Meier,Use of artificial intelligence in economic forecasting.,No,N/A,N/A,N/A,N/A,Bits,
,1999,Quantum Power,Alpha Centauri,Sid Meier,Power generation through photon fission.,No,N/A,N/A,N/A,N/A,Atoms,
,1930,Vacuum Armor,Skylark Three,E.E. 'Doc' Smith,An armor-plated space suit.,Yes,Spacesuit manufacturers,Spacesuits,1960s,N/A,Atoms,
,1930,Theater Seat Indicators,Flamingo: A Drama of A.D. 1950,Clarence Edward Heller,Vacant seats are clearly shown.,Yes,Theater operators,Theater seat indicators,1950s,N/A,Bits,
,1930,One-Man Rocket,Evans of the Earth-Guard,Edmond Hamilton,A small rocket ship with only a pilot.,Yes,Government space agencies,Space capsules,1960s,N/A,Atoms,
,1999,Interactive Video Column,All Tomorrow's Parties,William Gibson,A video display in a chain convenience store that shows random scenes from other stores in the chain around the world.,No,N/A,N/A,N/A,N/A,Bits,
,1930,Artificial Eyes,Synthetic,Charles Cloukey,"Eyes that are the duplicate of what humans are born with, produced entirely artificially from elements.",Yes,Prosthetics manufacturers,Artificial eyes,1940s,N/A,Atoms,
,1999,Punishment Sphere,Alpha Centauri,Sid Meier,Used to bring disruptive elements of society into line.,No,N/A,N/A,N/A,N/A,Atoms,
,1930,Spaceport,The Birth of a New Republic,M. Breuer (w/J. Williamson,A location on the surface of a planet used for launching vehicles into space.,Yes,Government space agencies,Spaceports,1950s,N/A,Atoms,
,1999,Smart Tag,All Tomorrow's Parties,William Gibson,"A piece of graffiti, or a small sticker tag, that could survive being placed on walls designed to be self-cleaning.",No,N/A,N/A,N/A,N/A,Atoms,
,1999,Graffiti-Eating Finish,All Tomorrow's Parties,William Gibson,"A wall covering that maintained itself, eating any graffiti placed on it.",No,N/A,N/A,N/A,N/A,Atoms,
,1930,Gravity Assist,Brigands of the Moon,Ray Cummings,Using the gravity and orbital speed of a celestial body to change speed and course of a spacecraft.,Yes,NASA,Gravity assist maneuvers,1960s,N/A,Atoms,
,1999,Diveskin,Starfish,Peter Watts,Special wetsuit that allows a diver to function at extreme depths.,No,N/A,N/A,N/A,N/A,Atoms,
,1999,Eyecaps,Starfish,Peter Watts,Corneal cap that acts as a pair of goggles for extreme depth diving.,No,N/A,N/A,N/A,N/A,Atoms,
,1930,Synthetic Life,Synthetic,Charles Cloukey,Living animals made from scratch using inorganic elements.,Yes,Biotech companies,Synthetic organisms,2010s,N/A,Atoms,
,1930,Face-Plate,Skylark Three,E.E. 'Doc' Smith,The transparent front of a space suit helmet.,Yes,Spacesuit manufacturers,Spacesuit helmets,1960s,N/A,Atoms,
,1999,Recycler,Starfish,Peter Watts,A surgically implanted device that enables a diver to obtain oxygen directly from seawater.,No,N/A,N/A,N/A,N/A,Atoms,
,1930,Helicops,The Black Star Passes,John W. Campbell,"Small, private flyers for business commuting.",Yes,Aircraft manufacturers,Helicopters,1940s,N/A,Atoms,
,1999,Face Seal,Starfish,Peter Watts,A dive mask for deep sea diving.,No,N/A,N/A,N/A,N/A,Atoms,
,1999,Smart Gel,Starfish,Peter Watts,Intelligent paste made of neurons; spread upon a substrate for computing.,No,N/A,N/A,N/A,N/A,Atoms,
,1999,Medical Mantis,Starfish,Peter Watts,A medical telefactoring device; allows a physician to remotely examine patients and perform procedures.,No,N/A,N/A,N/A,N/A,Atoms,
,1930,Solar-Powered Aircraft,The Black Star Passes,John W. Campbell,A plane powered entirely by solar energy.,Yes,Aircraft manufacturers,Solar-powered aircraft,1970s,N/A,Atoms,
,1930,Tight-Beam,Skylark Three,E.E. 'Doc' Smith,A method of communication that uses a very narrowly-focused stream of energy.,Yes,Telecoms,Laser communication,1960s,N/A,Bits,
,1930,Gyroscope Seats,The Black Star Passes,John W. Campbell,Your best bet for remaining at the right angle to the force of acceleration.,Yes,Aerospace manufacturers,Gimbaled seats,1950s,N/A,Atoms,
,1999,Silksteel,Alpha Centauri,Sid Meier,Material that has high tensile strength as well as high flexibility.,No,N/A,N/A,N/A,N/A,Atoms,
,1999,Snake Contact Lens,All Tomorrow's Parties,William Gibson,"A pair of contact lenses designed to make you appear to have slit pupils, like a snake's.",No,N/A,N/A,N/A,N/A,Atoms,
,1999,Focusing,A Deepness in the Sky,Vernor Vinge,Psychoactive microbe improves the attention-focusing ability of those infected.,No,N/A,N/A,N/A,N/A,Atoms,
,1930,Puff-Pipe,Flamingo: A Drama of A.D. 1950,Clarence Edward Heller,Pipe with lighting built in.,Yes,Tobacco companies,Electronic cigarettes,2000s,N/A,Atoms,
,1930,Anti-Glare Coated Glass,The Death's Head Meteor,Neil R. Jones,Special coated glass for space craft.,Yes,Glass manufacturers,Anti-glare glass,1930s,N/A,Atoms,
,1999,Lucky Dragon ATM,All Tomorrow's Parties,William Gibson,An automatic teller machine with attitude.,No,N/A,N/A,N/A,N/A,Bits,
,1999,Head Cheese,Starfish,Peter Watts,Intelligent paste made of neurons; spread upon a substrate for computing.,No,N/A,N/A,N/A,N/A,Atoms,
,1930,Altitude Suit,The Black Star Passes,John W. Campbell,Special gear for venturing out at high altitude or even space.,Yes,Spacesuit manufacturers,High-altitude suits,1930s,N/A,Atoms,
,1930,Moon Walk,Brigands of the Moon,Ray Cummings,Very early realistic depiction of walking on the moon in low gravity.,Yes,Astronauts,Moonwalks,1960s,N/A,Atoms,
,1999,Chain Gun,All Tomorrow's Parties,William Gibson,Device fires lengths of steel chain.,No,N/A,N/A,N/A,N/A,Atoms,
,1999,Lucid Dreamer,Starfish,Peter Watts,"A machine that guarantees productive REM (rapid eye movement) sleep, and therefore dreams.",No,N/A,N/A,N/A,N/A,Atoms,Prophetic
,1998,Bambakias Hotel,Distraction,Bruce Sterling,A hotel that wants to exist! It just needs a little help.,No,N/A,N/A,N/A,N/A,Atoms,
,1998,Talking Tape,Distraction,Bruce Sterling,"Adhesive-backed network connection, global positioning, voice synthesis and speakers.",No,N/A,N/A,N/A,N/A,Atoms,
,1930,Eavesdropping Ray,Brigands of the Moon,Ray Cummings,A device that allows others to hear from outside ordinary locked rooms.,Yes,Government agencies,Surveillance technology,1960s,N/A,Bits,
,1998,Emblok,Earth Made of Glass,John Barnes,"A device that imparts memories into the regrown brain, just like uploading content into a computer's random access memory.",No,N/A,N/A,N/A,N/A,Bits,
,1998,Spook,SOLACE,Jeff Noon,A drink that comes unflavored in a container; twist the cap to add flavor.,No,N/A,N/A,N/A,N/A,Atoms,
,1998,Monobloc Dating System,The Best of all Possible Wars,Larry Niven,A kind of pub with unique hardware and software for computer dating.,No,N/A,N/A,N/A,N/A,Bits,
,1930,Life Tubes,Liners of Space,Jim Vanny,Escape pods for space ships.,Yes,Aerospace manufacturers,Escape pods,1960s,N/A,Atoms,
,1998,Magship,Falling Stars,Michael Flynn,A ship that uses magnetic fields to catch the solar wind for propulsion.,No,N/A,N/A,N/A,N/A,Atoms,
,1998,Spaceplane (Clarke-class),A Quantum Murder,Peter F. Hamilton,An inexpensively powered flight to low earth orbit.,No,N/A,N/A,N/A,N/A,Atoms,
,1931,Televisiophone,Islands of Space,John W. Campbell,A device that combines picture with sound for personal communication.,Yes,AT&T,Picturephone,1964,First commercial videophone service.,Bits,
,1998,Robot Handlers,The Golden Globe,John Varley,Small robots used in spacecraft for a variety of useful tasks.,No,N/A,N/A,N/A,N/A,Atoms,
,1998,Psypyx,Earth Made of Glass,John Barnes,A way of gathering and recording mental impressions.,No,N/A,N/A,N/A,N/A,Bits,
,1998,Concrete Boxes,Earth Made of Glass,John Barnes,Self storage for your body - living space designed for people who spend most of their time ignoring their surroundings anyway.,No,N/A,N/A,N/A,N/A,Atoms,
,1931,Telucid,If The Sun Died,R.F. Starzl,A holographic projector.,Yes,Multiple,Holographic Projectors,1960s,Invented in the 1960s.,Atoms,
,1931,Metal Monster with Jointed Limbs,The Doom From Planet 4,Jack Williamson,A large robotic device with legs.,Yes,Boston Dynamics,Atlas,2013,Advanced humanoid robot by Boston Dynamics.,Atoms,
,1998,D-9 Motherspinner,The Golden Globe,John Varley,An enormous genetically engineered spider used to create large structures in space.,No,N/A,N/A,N/A,N/A,Atoms,
,1998,Aggressive-Response Service,The Golden Globe,John Varley,An answering service with an attitude.,No,N/A,N/A,N/A,N/A,Bits,
,1931,Lens-Tube,The Doom From Planet 4,Jack Williamson,A kind of seeing device like a short-range telescope.,Yes,Celestron,Telescopes,1923,"Founded in 1923, makes telescopes.",Atoms,
,1998,Pokkecon,Maneki Neko,Bruce Sterling,A device tied into a good will network.,No,N/A,N/A,N/A,N/A,Bits,
,1998,Magsail,Falling Stars,Michael Flynn,An interplanetary craft that uses magnetic fields to catch the solar winds for propulsion.,No,N/A,N/A,N/A,N/A,Atoms,
,1931,Teleradio Control (Hand Flash),Exiles of the Moon,Nat Schachner (w. AL Zagat,A device that can call a vehicle to a driver; it drives itself in a near-autonomous fashion to the caller.,Yes,Tesla,Summon Feature,2016,Enables cars to self-park.,Atoms,
,1997,Softlight,Softlight Sins,Peter F. Hamilton,Personality erasure via laser imprinted subliminal commands.,No,N/A,N/A,N/A,N/A,Bits,
,1997,Retinal Implant,The Neutronium Alchemist,Peter F. Hamilton,An implanted device that can record and transmit what the person sees.,No,N/A,N/A,N/A,N/A,Atoms,
,1931,Free Fall,Islands of Space,John W. Campbell,Phrase describing how bodies move in orbit.,Yes,Scientific Community,-,1700s,Described by Isaac Newton.,Atoms,
,1931,Virtual Assembly,If The Sun Died,R.F. Starzl,Use of holograms to accomplish an assembly of people.,Yes,Cisco Webex,Webex,2020,Leading videoconferencing software.,Bits,
,1931,Radio Meteor Detector,Islands of Space,John W. Campbell,A device carried by space ships that could detect meteors in space early enough to avoid them.,Yes,NASA,Meteoroid Detectors,1960s,Used on space missions.,Atoms,
,1931,Robot Vending Machine,The Prince of Space,Jack Williamson,Machinery displaces news boys selling papers on street corners.,Yes,Crane Merchandising,Vending Machines,1933,Major vending machine company.,Atoms,
,1931,Light Speed,Out Around Rigel,Clyde Wilson,Using the speed of light at a unit of velocity.,Yes,Scientific Community,-,1905,Standard after Einstein's theory of relativity.,Atoms,
,1997,Mook,Bicycle Repairman,Bruce Sterling,Computer-based proxy that deals with communication.,No,N/A,N/A,N/A,N/A,Bits,
,1931,Microhands,Microhands (Микроруки),Boris Zhitkov,"Mechanical replica of hands, that mimic the movements of actual human hands.",Yes,Shadow Robot Company,Shadow Dexterous Hand,2009,Makes advanced robotic hands.,Atoms,
,1931,Heliocar,The Prince of Space,Jack Williamson,Ground vehicle that can also lift off like a helicopter.,Yes,AeroMobil,Flying Car,2017,Company developing a flying car.,Atoms,
,1931,Magnetic Boots,Atomic Fire,Raymond Z. Gallun,Special footgear holds spacemen to the metal deck in spite of the lack of gravity.,Yes,NASA,Magnetic Space Boots,1960s,Tested on space missions.,Atoms,
,1997,Moldies,Freeware,Rudy Rucker,"Autonomous, intelligent, artificial life forms.",No,N/A,N/A,N/A,N/A,Bits,
,1931,Mutation,The Man Who Evolved,Edmond Hamilton,An organism that has come into being through genetic mutation.,Yes,Scientific Community,-,1900s,Understood through genetics research.,Atoms,
,1931,Satellite Photography for Surveillance,The Prince of Space,Jack Williamson,Use of pictures taken from near Earth orbit for reconnaissance in a military operation.,Yes,U.S. Government,Spy Satellites,1960s,Classified programs launched satellites for this purpose.,Atoms,
,1997,UPUD,First to Fight,David Sherman (w/Cragg),Universal Positionator Up-Downlink.,No,N/A,N/A,N/A,N/A,Bits,
,1931,Photograph of Earth from Space,The Prince of Space,Jack Williamson,An aerial photograph from outside the atmosphere.,Yes,NASA,Earthrise Photo,1968,Taken during Apollo 8 mission.,Atoms,
,1997,Subtle Knife,"The Subtle Knife (His Dark Materials, Book 2)",Philip Pullman,"A knife able to cut through any material, and even cut through into different worlds.",No,N/A,N/A,N/A,N/A,Atoms,
,1996,Hotdesk,Idoru,William Gibson,A desk space that was itself ready for input.,No,N/A,N/A,N/A,N/A,Atoms,
,1931,Positive Ray Propulsion (Ion Drive),The Prince of Space,Jack Williamson,An ion drive.,Yes,NASA,Ion thrusters,1960s,First demonstrated in space missions.,Atoms,
,1931,Integral Calculator,Exiles of the Moon,Nat Schachner (w. AL Zagat,A device that accepts complex equations and solves them.,Yes,Texas Instruments,Electronic Calculators,1967,A pioneer of calculators.,Atoms,
,1931,Tele-Audiovized Meeting,Exiles of the Moon,Nat Schachner (w. AL Zagat,Teleconferencing done right.,Yes,Zoom,Zoom Meetings,2011,Leading videoconferencing platform.,Bits,
,1996,Webeye,The Ringworld Throne,Larry Niven,"Communications device with a camera, microphone, zoom lens, projector, etc.; can be sprayed on.",No,N/A,N/A,N/A,N/A,Atoms,
,1931,Stationary Sidewalk,Exiles of the Moon,Nat Schachner (w. AL Zagat,A sidewalk that is fixed permanently in one location; not a sliding walkway.,Yes,Civil Engineers,Sidewalks,Antiquity,Standard sidewalks meet this definition.,Atoms,
,1931,Selective Electric Eye,Exiles of the Moon,Nat Schachner (w. AL Zagat,A facial recognition device.,Yes,IBM,Facial Recognition,1964,IBM developed early version.,Bits,
,1996,Eyephone(s),Idoru,William Gibson,A projection system using small goggles to project an image directly on your eye.,No,N/A,N/A,N/A,N/A,Atoms,
,1996,Wearable White-Noise Generator,Idoru,William Gibson,A device worn when the wearer preferred not to be the subject of audio recordings.,No,N/A,N/A,N/A,N/A,Atoms,
,1996,Virtual Meeting,Idoru,William Gibson,A meeting space that exists only in a computer; the descendant of today's web conferences.,No,N/A,N/A,N/A,N/A,Bits,
,1996,Combat Wasp,The Reality Dysfunction,Peter F. Hamilton,Drone craft able to carry and direct a variety of submunitions.,No,N/A,N/A,N/A,N/A,Atoms,
,1996,Micro-Bachelor,Idoru,William Gibson,A small apartment carved out of an abandoned structure.,No,N/A,N/A,N/A,N/A,Atoms,
,1931,Moon Run,Exiles of the Moon,Nat Schachner (w. AL Zagat,An accurate representation of running on the moon.,Yes,NASA,Moon Walking,1969,Achieved during Apollo missions.,Atoms,
,1931,Synthetic Food Factories,The Revolt of the Machines,Nat Schachner (w. AL Zagat,Food production without soil.,Yes,Tyson Foods,Factory Farming,1950s,Major meat producer using industrial techniques.,Atoms,
,1996,Flicker Drive,Fremder,Russell Hoban,A space ship drive that allows instantaneous travel across the galaxy.,No,N/A,N/A,N/A,N/A,Atoms,
,1931,Sensitive Robot Fingers,The Exile of Time,Ray Cummings,Special sensory capabilities of robotic appendages.,Yes,Shadow Robot Company,Tactile Sensors,2010s,Added to advanced robot hands.,Atoms,
,1996,Cybernetic Water Witch,Idoru,William Gibson,A job that involves a lot of surfing for patterns in information.,No,N/A,N/A,N/A,N/A,Bits,
,1996,Control-Face,Idoru,William Gibson,A small liquid crystal display (LCD) unit linked to a larger network; gives a window onto your larger network world.,No,N/A,N/A,N/A,N/A,Atoms,
,1996,Synthespian,Idoru,William Gibson,A synthetic media personality.,No,N/A,N/A,N/A,N/A,Bits,
,1996,Robotic Abattoir,Freedom's Landing,Anne McCaffrey,Robots with knives in a meat-packing plant.,No,N/A,N/A,N/A,N/A,Atoms,
,1996,Idoru,Idoru,William Gibson,"A virtual person like a video game character; an entity given specific characteristics, existing only in computer networks.",No,N/A,N/A,N/A,N/A,Bits,
,1996,Video Unit,Idoru,William Gibson,"Video units attached directly to the optic nerve, giving sight to the blind.",No,N/A,N/A,N/A,N/A,Atoms,
,1996,Computer Translator,Idoru,William Gibson,A computer translator; software that provides automatic translation when jacked into a data port.,No,N/A,N/A,N/A,N/A,Bits,
,1931,Atmosphere Tester,The Emperor of the Stars,Nat Schachner (w. AL Zagat,"A device used to test the composition of a sample of the atmosphere on another planet, to see if it is breathable by humans.",Yes,NASA,Atmospheric Analyzers,1960s,Carried on space missions.,Atoms,
,1996,Sandbenders,Idoru,William Gibson,A highly customized computer system; the opposite of a box from Gateway or Dell.,No,N/A,N/A,N/A,N/A,Atoms,
,1996,Nanotech Buildings,Idoru,William Gibson,Enormous buildings built with nanotech fibers.,No,N/A,N/A,N/A,N/A,Atoms,
,1931,Emergency Corrective Rockets,The Emperor of the Stars,Nat Schachner (w. AL Zagat,Used when you seem to be off-course in your spaceship.,Yes,NASA,Attitude Control Thrusters,1960s,Used for course corrections on space missions.,Atoms,
,1996,Kitchen Korner,Idoru,William Gibson,"Just exactly what futurists say you're going to get, like or not, in a refrigerator.",No,N/A,N/A,N/A,N/A,Atoms,
,1931,Deviatoscope,The Emperor of the Stars,Nat Schachner (w. AL Zagat,A device that registered how much your course diverged from what you intended.,Yes,NASA,Inertial Navigation,1960s,Functionally similar systems used in spaceflight.,Atoms,
,1996,Headset,Idoru,William Gibson,Wireless headsets provide computer language translation.,No,N/A,N/A,N/A,N/A,Atoms,
,1995,Geotect,The Diamond Age,Neal Stephenson,A person who creates landforms and physical environments,No,N/A,N/A,N/A,N/A,Atoms,
,1995,Runcible,The Diamond Age,Neal Stephenson,A book made of smart paper; every page is a flexible LCD (liquid crystal display) screen.,No,N/A,N/A,N/A,N/A,Atoms,
,1931,Suit-Phone,The Sargasso of Space,Edmond Hamilton,A means of wireless communication between individuals dressed in space suits.,Yes,NASA,Space Suit Radios,1960s,Used during spacewalks.,Atoms,
,1995,Toner,The Diamond Age,Neal Stephenson,Dead bits of nanomachines.,No,N/A,N/A,N/A,N/A,Atoms,
,1995,Smart Paper,The Diamond Age,Neal Stephenson,A very slim thin-film transistor display.,No,N/A,N/A,N/A,N/A,Atoms,
,1995,Satellite Ion Cannon,Command and Conquer,Westwood Games,"Orbiting station armed with a particle beam weapon, used for surgical tactical strikes.",No,N/A,N/A,N/A,N/A,Atoms,
,1995,Mite,The Diamond Age,Neal Stephenson,A very small device (about the size of a dust mite) that has been manufactured for a particular purpose.,No,N/A,N/A,N/A,N/A,Atoms,
,1931,Pentavalent Nitrogen,Spacehounds of IPC,E.E. 'Doc' Smith,A high explosive formed from nitrogen.,Yes,Chemists,Nitrogen Explosives,1900s,Various explosives using nitrogen known earlier.,Atoms,
,1995,Soletta,Green Mars,Kim Stanley Robinson,An array of solar sail mirrors that focus light onto a planetary surface for power.,No,N/A,N/A,N/A,N/A,Atoms,
,1995,Dog Pod Grid,The Diamond Age,Neal Stephenson,A swarm of quasi-independent aerostatic devices.,No,N/A,N/A,N/A,N/A,Atoms,
,1995,Ballisticules,The Diamond Age,Neal Stephenson,Nanotechnology devices that throw their weight around.,No,N/A,N/A,N/A,N/A,Atoms,
,1995,Skullgun,The Diamond Age,Neal Stephenson,A pistol that is concealed in your cranium.,No,N/A,N/A,N/A,N/A,Atoms,
,1995,Microde,Armed Memory,Jim Smith,"A tailored virus, that infects the selected person, and passes on whatever characteristics have been implanted in the virus.",No,N/A,N/A,N/A,N/A,Bits,
,1995,Ava,The Calcutta Chromosome,Amitav Ghosh,A piece of learning software.,No,N/A,N/A,N/A,N/A,Bits,
,1995,Aerostat Monitor,The Diamond Age,Neal Stephenson,"A small flying platform, capable of maneuvering in three dimensions; can hover in place and communicate with others like it.",No,N/A,N/A,N/A,N/A,Atoms,
,1931,Space Suit,The Emperor of the Stars,Nat Schachner (w. AL Zagat,Special protective gear worn as protection in space.,Yes,NASA,Apollo Space Suits,1960s,Worn on space missions.,Atoms,
,1995,Mediatron,The Diamond Age,Neal Stephenson,A paper-thin networked computer display.,No,N/A,N/A,N/A,N/A,Atoms,
,1995,Smartcoral Reef,The Diamond Age,Neal Stephenson,An artificial coral reef that pulls water in for use in large communities.,No,N/A,N/A,N/A,N/A,Atoms,
,1931,Lifeboat,Spacehounds of IPC,E.E. 'Doc' Smith,"A small space-worthy craft that can be jettisoned from a larger ship, to save its crew.",Yes,NASA,Apollo Lifeboats,1960s,Carried on manned missions.,Atoms,
,1931,Needle Gun,In the Spacesphere,Charles Cloukey,A weapon that fires thin slivers of metal.,Yes,Military,Needle Guns,1800s,Early rapid-fire guns had similar mechanics.,Atoms,
,1995,Sights,The Diamond Age,Neal Stephenson,Sunglasses-mounted crosshairs (you'll need one with your skull gun).,No,N/A,N/A,N/A,N/A,Atoms,
,1931,Photoelectric Course Warning,Out Around Rigel,Robert H. Wilson,A means of keeping a spaceship on course using a selected star and a photoelectric cell.,Yes,NASA,Star Trackers,1960s,Used optical sensors for navigation in space.,Atoms,
,1995,Jodie Grid,The Diamond Age,Neal Stephenson,A 'tattoo' that provides points for mapping your face into a grid.,No,N/A,N/A,N/A,N/A,Atoms,
,1995,Solar Electric Paint - Black Power,The Woman in Del Rey Crater,Larry Niven,"A black-colored paint that can be sprayed on, making any surface a solar power generator.",No,N/A,N/A,N/A,N/A,Atoms,
,1931,Artificial Atmosphere Machine,"Venus Mines, Incorporated",Nat Schachner (w. AL Zagat,"Not just oxygen, this gives you what you need in space.",Yes,NASA,Spacecraft Life Support,1960s,Provided full atmospheric needs on space missions.,Atoms,
,1995,Filter Wheel,The Diamond Age,Neal Stephenson,A device for filtering liquid or gas to obtain a pure sample of a selected molecule.,No,N/A,N/A,N/A,N/A,Atoms,
,1995,Implanted Credit Card,The Diamond Age,Neal Stephenson,A credit card system that could be surgically implanted; uses radio frequency identification to communicate with checkout hardware.,No,N/A,N/A,N/A,N/A,Atoms,
,1995,Fabricules,The Diamond Age,Neal Stephenson,Tiny bits of fabric that were self-cleaning; gloves made of this material always stayed clean.,No,N/A,N/A,N/A,N/A,Atoms,
,1995,Nurse Drone,The Diamond Age,Neal Stephenson,A larger flying platform to provide power to smaller drones.,No,N/A,N/A,N/A,N/A,Atoms,
,1995,Cookie-Cutters,The Diamond Age,Neal Stephenson,Very small (corpuscle-sized) devices that can enter the blood stream and destroy an enemy from within.,No,N/A,N/A,N/A,N/A,Atoms,
,1995,Phased Acoustical Array,The Diamond Age,Neal Stephenson,An music system implanted right on your eardrum.,No,N/A,N/A,N/A,N/A,Atoms,
,1995,Sites,The Diamond Age,Neal Stephenson,Small parasites that cause muscles to twitch in sequence for strength.,No,N/A,N/A,N/A,N/A,Atoms,
,1995,Mediatronic Display,The Diamond Age,Neal Stephenson,Electronic paper comes in big sheets.,No,N/A,N/A,N/A,N/A,Atoms,
,1995,Lithocule,The Diamond Age,Neal Stephenson,Tiny intelligent building blocks.,No,N/A,N/A,N/A,N/A,Atoms,
,1995,Chevaline,The Diamond Age,Neal Stephenson,"An open robotic vehicle for one person, shaped like a horse.",No,N/A,N/A,N/A,N/A,Atoms,
,1995,Sky-Eye,The Diamond Age,Neal Stephenson,A football-sized flying surveillance device.,No,N/A,N/A,N/A,N/A,Atoms,
,1995,Pedomotive,The Diamond Age,Neal Stephenson,"A kind of stilt-like leg extenders; take longer strides, get there faster. Extreme sports gear.",No,N/A,N/A,N/A,N/A,Atoms,
,1995,Phantoscope (phenomenoscope),The Diamond Age,Neal Stephenson,A device that provides you with a computer-operable display; can be worn or surgically implanted right on your own eyes.,No,N/A,N/A,N/A,N/A,Atoms,
,1995,Composite Living,The Day the Aliens Came,Robert Sheckley,Forming a meld with other life forms.,No,N/A,N/A,N/A,N/A,Atoms,
,1931,Reaction-Motors,Twelve Hours To Live,Jack Williamson,A spacecraft engine that works by firing matter out at high speed.,Yes,NASA,Rocket Engines,1950s,Used on rockets and spacecraft.,Atoms,
,1995,Freedom Machine,The Diamond Age,Neal Stephenson,A birth control device developed using nanotechnology.,No,N/A,N/A,N/A,N/A,Atoms,
,1995,Immunocules,The Diamond Age,Neal Stephenson,"Very small, lightweight objects able to move in three dimensions; they form a protective shield against airborne devices.",No,N/A,N/A,N/A,N/A,Atoms,
,1995,Nanomachine Lidar,The Diamond Age,Neal Stephenson,Radar-like system that uses electromagnetic radiation at optical frequencies (visible light) for range-finding and analysis.,No,N/A,N/A,N/A,N/A,Atoms,
,1995,Mediaglyphic,The Diamond Age,Neal Stephenson,Animated symbols to help those who haven't bothered to learn to read in a multimedia age.,No,N/A,N/A,N/A,N/A,Bits,
,1995,Clave,The Diamond Age,Neal Stephenson,Short for enclave (see also burbclave - autonomous suburban enclave),No,N/A,N/A,N/A,N/A,Atoms,
,1995,Primer,The Diamond Age,Neal Stephenson,A special software program that teaches basic language skills.,No,N/A,N/A,N/A,N/A,Bits,
,1931,Space Men,The Exiles of Venus,Jim Vanny,Beings who travel and work in space.,Yes,NASA,Astronauts,1960s,With advent of manned spaceflight.,Atoms,
,1995,Matter Compiler,The Diamond Age,Neal Stephenson,A device that builds the desired article (such as a dress) atom by atom according to a specified design.,No,N/A,N/A,N/A,N/A,Atoms,
,1994,Tracing Glasses,Case Closed (Detective Conan),Gosho Aoyama,Locate criminals by using glasses to pick up signals from special transmitters.,No,N/A,N/A,N/A,N/A,Atoms,
,1994,Virtual Childrearing,Natulife,David Brin,"Learn childcare the virtual way; maybe long distance childcare, too.",No,N/A,N/A,N/A,N/A,Bits,
,1931,Communication Disk,Exiles of the Moon,Nat Schachner (w. AL Zagat,A wearable device that told the time as updated from a central source.,Yes,Multiple,Smartwatches,2010s,Enabled by wireless networks.,Atoms,
,1931,Space-Helmet,The Sargasso of Space,Edmond Hamilton,A 'fishbowl-style' head covering for space explorers.,Yes,NASA,Space Helmets,1960s,Used on space missions.,Atoms,
,1994,Accu-Terrain Floor,Natulife,David Brin,A special floor for virtual reality environments that simulates any kind of surface.,No,N/A,N/A,N/A,N/A,Atoms,
,1994,Stim-Crib,Natulife,David Brin,A cradle that provides virtual reality experiences to tiny tots.,No,N/A,N/A,N/A,N/A,Bits,
,1994,Auto-Treadmills (Needle-Gym),Natulife,David Brin,A simulation-exercise room floor that allows the user to walk and run on a consistently realistic surface.,No,N/A,N/A,N/A,N/A,Atoms,
,1931,Landing Stage,Atomic Fire,Raymond Z. Gallun,Parking spot for space craft.,Yes,NASA,Spacecraft Landing Sites,1960s,Prepared for Apollo missions.,Atoms,
,1994,Yeast-Beast Machine,Natulife,David Brin,A device for growing meat in a vat.,No,N/A,N/A,N/A,N/A,Atoms,
,1931,Telephotography,The Cosmic Cloud,Bruno H. Burgel,"Sending pictures over a distance, displaying them on a vast screen.",Yes,Multiple,Videoconferencing,1920s,Earliest forms emerged in 1920s.,Bits,
,1994,Smart Piston Spokes,Heavy Weather,Bruce Sterling,A car that uses a set of pistons that feels and reacts to the surface to move around.,No,N/A,N/A,N/A,N/A,Atoms,
,1994,Vai-Chi,Rim,Alexander Besher,Tai-Chi movements translated into the virtual world,No,N/A,N/A,N/A,N/A,Bits,
,1994,XV,Mother of Storms,John Barnes,Allows anyone to directly experience another person's conscious awareness.,No,N/A,N/A,N/A,N/A,Bits,
,1931,Foot Loops,The Power Planet,Murray Leinster,Hold yourself down in zero gravity situations with this low-tech device.,Yes,NASA,Foot Restraints,1960s,Used by astronauts on spacewalks.,Atoms,
,1931,Perfect Voice Modulation,Prima Donna 1980,Bernard Brown,Artificially creating the perfect human singing voice.,Yes,Various,Auto-Tune,1990s,Pitch correction software.,Bits,
,1931,Sound Nullifier,Prima Donna 1980,Bernard Brown,A barrier to sound; the cancellation of sound waves.,Yes,Multiple,Noise Canceling,2000s,Enabled by audio processing algorithms.,Bits,
,1994,Voice-Changing Bowtie,Case Closed (Detective Conan),Gosho Aoyama,Special device allows wearer to take on the voice of another person at will.,No,N/A,N/A,N/A,N/A,Atoms,
,1994,Chemotactic Artificial Jellyfish,Big Jelly,Rudy Rucker (w/B. Sterling),Artificial device modeled on jellyfish capable of seeking specific components of liquid.,No,N/A,N/A,N/A,N/A,Atoms,
,1994,AIRE,Mother of Storms,John Barnes,A piece of software that can break through encryption to determine exactly how a compiled program accomplishes its tasks.,No,N/A,N/A,N/A,N/A,Bits,
,1994,Wandering Mine,Half the Day is Night,Maureen F. McHugh,A landmine with legs.,No,N/A,N/A,N/A,N/A,Atoms,
,1994,Semisentient Plastic,Ring,Stephen Baxter,A durable coating that protects and preserves objects.,No,N/A,N/A,N/A,N/A,Atoms,
,1994,Smart Rope,Heavy Weather,Bruce Sterling,Long 'rope' consisting of a variety of intertwined cables with different properties; controlled with special glove interface.,No,N/A,N/A,N/A,N/A,Atoms,
,1994,Holo (License),Rim,Alexander Besher,A three-dimensional driver license and identification card.,No,N/A,N/A,N/A,N/A,Bits,
,1994,XV Wedge,Mother of Storms,John Barnes,A piece of entertainment that consists of edited real experience.,No,N/A,N/A,N/A,N/A,Bits,
,1994,Inflatable Expansion Bubble,Crashlander,Larry Niven,Inflatable chamber to provide temporary additional space for cramped space craft.,No,N/A,N/A,N/A,N/A,Atoms,
,1994,Neotopological Metaeuclidean Adjacency,The Hole in the Hole,Terry Bisson,A portal through space-time.,No,N/A,N/A,N/A,N/A,Atoms,
,1994,Home Termite Habitat,Natulife,David Brin,Edible insects raised fresh in your own kitchen!,No,N/A,N/A,N/A,N/A,Atoms,
,1994,Tannin-Secretion Pills,Crashlander,Larry Niven,"Artificially darkens skin, for skin protection.",No,N/A,N/A,N/A,N/A,Atoms,
,1931,Scanning-Disk Telescope,The Power Planet,Murray Leinster,A telescope which uses a television-like monitor instead of an eyepiece.,Yes,Multiple,Digital Telescopes,1990s,Enabled by CCD sensors.,Atoms,
,1994,Flexible Car Map,Heavy Weather,Bruce Sterling,A nonrigid map that extrudes from the dashboard of a car when needed.,No,N/A,N/A,N/A,N/A,Atoms,
,1931,Optophone (Opto),Too Many Boards!,Harl Vincent,A video call system.,Yes,AT&T,Picturephone,1964,Early commercial videophone.,Atoms,
,1931,Adoption of Television,Prima Donna 1980,Bernard Brown,Prediction of TV penetration in homes and the death of movie houses.,Yes,Consumer Electronics Industry,Television,1950s,TVs became ubiquitous.,Atoms,
,1931,Self-Sustaining Nuclear Reaction,Atomic Fire,Raymond Z. Gallun,An 'atomic fire' is started that consumes all matter in reach!,Yes,Scientists,Nuclear Chain Reaction,1942,Achieved with Chicago Pile-1.,Atoms,
,1994,Crash Web,Crashlander,Larry Niven,A simple mechanical linkage to activate a crash field.,No,N/A,N/A,N/A,N/A,Atoms,
,1931,Solar Power Apparatus,A Daring Trip To Mars,Max Valier,"An ingenious device to gather solar energy, melt water, power a turbine and get hydrogen and oxygen fuel from ice.",Yes,Multiple,"Solar Cells, Electrolysis","1954, 1800s",Solar cells and electrolysis developed separately.,Atoms,
,1931,Asteroid Belt,The Disc-Men of Jupiter,Manly Wade Wellman,The circular region of space containing many small celestial bodies.,Yes,Astronomers,Main Asteroid Belt,1800s,Discovered in the early 1800s.,Atoms,
,1931,Conveyor Ribbon,Exiles of the Moon,Nat Schachner (w. AL Zagat,A moving sidewalk.,Yes,Multiple,Moving Walkways,1950s,First commercial moving walkways.,Atoms,
,1994,Mass Pointer,Crashlander,Larry Niven,Tells you where the really large (star-sized) masses are while you travel in hyperspace.,No,N/A,N/A,N/A,N/A,Atoms,
,1994,Escalladder,Crashlander,Larry Niven,A ladder that you don't have to climb to get to the top.,No,N/A,N/A,N/A,N/A,Atoms,
,1931,Selenium Photo-Electric Televisor,A Daring Trip To Mars,Max Valier,A specialized photo-electric cell.,Yes,Multiple,Photodetectors,1870s,Photoelectric effect discovered in 1800s.,Atoms,
,1994,Virtual Reality Ceremony,Rim,Alexander Besher,Don't just put your motion capture suit on - do it with style.,No,N/A,N/A,N/A,N/A,Bits,
,1994,VR Dyslexia,Rim,Alexander Besher,Severe disorientation brought about by excessive use of virtual reality equipment.,No,N/A,N/A,N/A,N/A,Bits,
,1994,Dope Mule Robot,Heavy Weather,Bruce Sterling,A metal sphere that propels itself with a single piston-like foot.,No,N/A,N/A,N/A,N/A,Atoms,
,1994,Neuro-netsukes,Rim,Alexander Besher,A small sculpture containing the personality of a living person.,No,N/A,N/A,N/A,N/A,Atoms,
,1931,Reaction Attachment,The Asteroid of Death,Neil R. Jones,Independent maneuvering for space suits.,Yes,NASA,MMU Backpacks,1984,Manned Maneuvering Units provided this.,Atoms,
,1993,Air-Conditioned Coat,Deep Eddy,Bruce Sterling,An otherwise ordinary overcoat that fights the heat.,No,N/A,N/A,N/A,N/A,Atoms,
,1932,Tele-Screen,After Armageddon,Francis Flagg,A display screen for live events.,Yes,Television manufacturers,Television,1927,Based on existing radio and cathode ray tube technology,Atoms,
,1932,Automatic Truck,Mechanocracy,Miles J. Breuer,A cargo-carrying vehicle that autonomously drives to the selected destination.,Yes,Car manufacturers,Self-driving cars,2020s,Based on artificial intelligence and sensors,Atoms,
,1993,Antiturbulence Wings,Deep Eddy,Bruce Sterling,Wings that are designed to buffer turbulence for passengers.,No,N/A,N/A,N/A,N/A,Atoms,
,1993,Diagnostic Sleeve,Gripping Hand,Larry Niven (w/J. Pournelle),"Worn on one arm, it diagnoses and adminsters medications.",No,N/A,N/A,N/A,N/A,Atoms,
,1993,Chunker,Virtual Light,William Gibson,A device that fires small cubes of rubber; a non-lethal form of riot control.,No,N/A,N/A,N/A,N/A,Atoms,
,1932,Spaceship Garden,The Heritage of the Earth,Harley S. Aldinger,A fully-enclosed garden on a spaceship producing edible foodstuffs.,Yes,"NASA, SpaceX",Space gardens,2010s,For providing food on long space missions,Atoms,
,1993,Stealth House,Virtual Light,William Gibson,"A home that is entirely sealed, leading to toxic buildup.",No,N/A,N/A,N/A,N/A,Atoms,
,1993,Separated At Birth Database,Virtual Light,William Gibson,Missing persons database uses similarity to famous people.,No,N/A,N/A,N/A,N/A,Bits,
,1993,Hood Hologram,Virtual Light,William Gibson,A hologrammatic display on the outside surface of a car.,No,N/A,N/A,N/A,N/A,Bits,
,1932,Torpoon,Seed of the Arctic Ice,H.G. Winter,"Clever portmanteau of ""torpedo"" and ""harpoon"", an underwater whaling craft.",Yes,Whaling companies,Harpoon cannons,Late 1800s,Used for whaling,Atoms,
,1993,Fractal Knife,Virtual Light,William Gibson,The blade uses a fractal geometry to increase its cutting surface.,No,N/A,N/A,N/A,N/A,Atoms,
,1932,Rigid Metallic Clothing,A Conquest of Two Worlds,Edmond Hamilton,An early exoskeleton.,Yes,Military,Exoskeletons,1960s,For augmenting human strength and endurance,Atoms,
,1992,Transdress,The California Voodoo Game,Larry Niven (w/S. Barnes,A transparent dress upon which thousands of patterns may be projected.,No,N/A,N/A,N/A,N/A,Atoms,
,1992,High-Voltage Cuffs,Snow Crash,Neal Stephenson,Metallic shirt-sleeve cuffs capable of carrying a charge.,No,N/A,N/A,N/A,N/A,Atoms,
,1992,Arachnofiber Uniforms,Snow Crash,Neal Stephenson,"Remarkable attire for a pizza delivery person; but given the violence of near future America, the protection offered by ordinary uniforms was insufficient.",No,N/A,N/A,N/A,N/A,Atoms,
,1992,Smart Pizza Box,Snow Crash,Neal Stephenson,A container with microprocessor-based data processing capabilities built-in to the box.,No,N/A,N/A,N/A,N/A,Atoms,
,1992,Negative Matter Space Drive,Timemaster,Robert Forward,A reactionless space drive using negative matter.,No,N/A,N/A,N/A,N/A,Atoms,
,1932,Mirror Grid Multiple-View Surveillance Panel,"Wandl, The Invader",Ray Cummings,"Very modern presentation combining multiple camera viewpoints, selectable using one monitor screen.",Yes,Security companies,Security camera systems,1970s,Based on CCTV technology,Atoms,
,1932,Meteor Warning System,A Conquest of Two Worlds,Edmond Hamilton,A system that provided rockets in flight with early warning of meteors.,Yes,"NASA, Space Agencies",Collision detection systems,1960s,To detect potential impacts in space,Atoms,
,1992,MagnaPoon,Snow Crash,Neal Stephenson,To hitch a ride from a faster vehicle while riding a skateboard (from harpoon).,No,N/A,N/A,N/A,N/A,Atoms,
,1932,Electric Boat,The Great Drought,S.P. Meek,A surface vessel powered by electricity.,Yes,Boat builders,Electric boats,1880s,An early electric vehicle,Atoms,
,1932,Pocket-Planet,The Duel on the Asteroid,P. Schuyler Miller (w/D. McDermott,An asteroid.,Yes,Nature,Asteroids,Beginning of solar system,Naturally occurring objects,Atoms,
,1992,Smartwheels,Snow Crash,Neal Stephenson,"Special ""wheels"" that are actually sets of spokes that telescope to be as long as they need to be for a smooth ride.",No,N/A,N/A,N/A,N/A,Atoms,
,1992,Deliverator Car,Snow Crash,Neal Stephenson,The vehicle for edgy pizza delivery.,No,N/A,N/A,N/A,N/A,Atoms,
,1932,Feelies (Feely),Brave New World,Aldous Huxley,Device adds the tactile element to entertainment.,Yes,Immersion Corporation,Haptic technology,2010s,Adds touch sensations to virtual reality,Bits,
,1932,Space-Boots,The Passing of Ku Sui,Anthony Gilmore,Special footgear for spacemen.,Yes,NASA,Space boots,1960s,Needed for walking in space,Atoms,
,1992,Readout Skin,Steel Beach,John Varley,Normal-appearing skin that can be used as an output device for text or graphics.,No,N/A,N/A,N/A,N/A,Atoms,
,1992,EverRest Cryotorium,Flare,Roger Zelazny,Rest forever in cryonic suspension among the stars.,No,N/A,N/A,N/A,N/A,Atoms,
,1992,Dentata,Snow Crash,Neal Stephenson,An anti-rape device.,No,N/A,N/A,N/A,N/A,Atoms,
,1992,Sintered Armorgel,Snow Crash,Neal Stephenson,"A substance that is flexible when moved slowly, but which hardens upon external impact.",No,N/A,N/A,N/A,N/A,Atoms,
,1932,Flame Projector,Water-Bound World,Harl Vincent,Handheld device shoots flame.,Yes,Defense Technology,Flamethrowers,Early 1900s,Weapon that projects fire,Atoms,
,1992,Sven,The Turing Option,Harry Harrison,Sven is an artificially intelligent computer detective.,No,N/A,N/A,N/A,N/A,Bits,
,1992,Direct Interface,Steel Beach,John Varley,A form of computer interface that inputs text into a computer by thinking.,No,N/A,N/A,N/A,N/A,Atoms,
,1992,Handwriter,Steel Beach,John Varley,A text input device implanted in your skin.,No,N/A,N/A,N/A,N/A,Atoms,
,1932,Self-Propulsive Space Suit,The Bluff of the Hawk,Anthony Gilmore,A space suit outfitted with its own means of movement.,Yes,NASA,Manned Maneuvering Unit,1984,For untethered spacewalks,Atoms,
,1932,Emergency Space-Suit,Pirates of the Gorm,Nat Schachner,A compacted space-suit stored for emergency use.,Yes,NASA,Space suits,1960s,Needed for spacewalks and planet walks,Atoms,
,1992,Hoverlimo,Steel Beach,John Varley,"A hovercraft for hire, with servility built in.",No,N/A,N/A,N/A,N/A,Atoms,
,1992,Loogie Gun,Snow Crash,Neal Stephenson,A non-violent weapon that shoots a gooey mass to immobilize a person judged to have criminal or violent intent.,No,N/A,N/A,N/A,N/A,Atoms,
,1992,P-120 Reconnaissance Robot,A Season for Slaughter,David Gerrold,A multi-legged robot built for speed and silence.,No,N/A,N/A,N/A,N/A,Atoms,
,1992,Airbag Jacket,Snow Crash,Neal Stephenson,A jacket or coverall with inflatable air bags throughout for protection against impact.,No,N/A,N/A,N/A,N/A,Atoms,
,1992,Reason Hypervelocity Railgun,Snow Crash,Neal Stephenson,Multichamber weapon accelerates tiny splinters of metal.,No,N/A,N/A,N/A,N/A,Atoms,
,1932,Conveyor,Slaves of Mercury,Nat Schachner,A great moving belt carrying people between cities.,Yes,Thyssenkrupp Elevator,Moving walkways,Late 1800s,For transporting people,Atoms,
,1992,Rat Thing,Snow Crash,Neal Stephenson,A guard cyborg created from a living animal.,No,N/A,N/A,N/A,N/A,Atoms,
,1992,Skrode,A Fire Upon The Deep,Vernor Vinge,A small mobile platform designed for a legless race.,No,N/A,N/A,N/A,N/A,Atoms,
,1991,Spotlight of Heat (Orbital Microwaves),Fallen Angels,"Larry Niven w/Pournelle, Flynn",Using an orbiting satellite microwave array to heat a specific portion of a planetary surface.,No,N/A,N/A,N/A,N/A,Atoms,
,1991,Seeder Ramship,Rammer,Larry Niven,"A spacecraft designed to travel from one star system to another , terrafoming worlds for use.",No,N/A,N/A,N/A,N/A,Atoms,
,1991,Donnersprache,Silent Thunder,Dean Ing,A hypnotic transceiver that enhances the charisma of speakers.,No,N/A,N/A,N/A,N/A,Atoms,
,1990,Kinotrope,The Difference Engine,William Gibson (w/B. Sterling,Small bits of painted wood in a grid that spin around to form different pixelated images.,No,N/A,N/A,N/A,Fictional display technology in the novel,Atoms,
,1990,Bioform House,Sparrowhawk,Thomas A. Easton,A house grown from a bioengineered plant.,No,N/A,N/A,N/A,Fictional biotechnology in the novel,Atoms,
,1990,Leaf Screens,Sparrowhawk,Thomas A. Easton,Bioform displays grown from plants offering flat surfaces - like leaves.,No,N/A,N/A,N/A,Fictional biotechnology in the novel,Atoms,
,1990,Dormancy Switch,Sparrowhawk,Thomas A. Easton,"Essential device 'switches off' your cyborg animal, causing it to quickly drop off to sleep.",No,N/A,N/A,N/A,Fictional technology in the novel,Bits,
,1990,Hanky Bush,Sparrowhawk,Thomas A. Easton,"A plant with leaves grown to resemble common, multipurpose tissues.",No,N/A,N/A,N/A,Fictional biotechnology in the novel,Atoms,
,1990,Roachster,Sparrowhawk,Thomas A. Easton,A genetically-engineered vehicle based on arthropod DNA; uses implanted control structures.,No,N/A,N/A,N/A,Fictional biotechnology in the novel,Atoms,
,1990,Purza the Pukha,The Rowan,Anne McCaffrey,A toy with sensors used to monitor children in hospitals.,No,N/A,N/A,N/A,Fictional technology in the novel,Bits,
,1932,News-Dispenser,After Armageddon,Francis Flagg,Audio news ready when you are.,Yes,Amazon,Smart speakers,2010s,Provides news and information by voice,Bits,
,1990,Genetic Ark,Earth,David Brin,"Enormous, multi-habitat enclosed spaces, used to conserve the animal gene pool.",No,N/A,N/A,N/A,Fictional conservation concept in the novel,Atoms,
,1932,Reaction Pistol,Martian Guns,Stanley D. Bell,A hand-held device for maneuvering in zero gravity in a space suit.,Yes,NASA,Manned Maneuvering Unit,1984,For untethered spacewalks,Atoms,
,1990,Mammontelephas,Earth,David Brin,A 'mammoth' resurrected from the genes of the original.,No,N/A,N/A,N/A,Fictional concept in the novel,Atoms,
,1990,Assassin Bird,Sparrowhawk,Thomas A. Easton,A bird genetically engineered to accept instructions on how to kill.,No,N/A,N/A,N/A,Fictional biotechnology in the novel,Atoms,
,1932,Automatics,"Wandl, The Invader",Ray Cummings,Machinery capable of running some aspect of a space ship's operation on its own.,Yes,Rockwell Automation,Automation,1940s,Based on servomechanisms and electronics,Atoms,
,1990,Cannibal Grass,Sparrowhawk,Thomas A. Easton,Genetically engineered grass that acts as a defense layer for a home.,No,N/A,N/A,N/A,Fictional biotechnology in the novel,Atoms,
,1990,Dozer,Earth,David Brin,A person with extreme susceptibility to the greenhouse gas carbon dioxide.,No,N/A,N/A,N/A,Fictional concept in the novel,Atoms,
,1990,Quantum Logic Thinker (QL),Heads,Greg Bear,A computer system that thinks about problems in unusual ways.,No,N/A,N/A,N/A,Fictional AI system in the novel,Bits,
,1990,Monomol Mesh Armor,Queen of Angels,Greg Bear,"Material to protect selected areas that must bend (elbows, knees, and so forth).",No,N/A,N/A,N/A,Fictional material in the novel,Atoms,
,1990,Dustmice,Queen of Angels,Greg Bear,"Tiny robotic sensors that police could set loose in a crime scene, looking for tiny clues.",No,N/A,N/A,N/A,Fictional robotics in the novel,Atoms,
,1990,Eloi,Queen of Angels,Greg Bear,People who have undergone treatments to extend their lives.,No,N/A,N/A,N/A,Fictional concept in the novel,Atoms,
,1990,Live Carpet,Queen of Angels,Greg Bear,A carpet made of living fibers; the backing is a digestive system.,No,N/A,N/A,N/A,Fictional biotechnology in the novel,Atoms,
,1990,Deadman's Device,Shadowspeer,Patricia Jo Clayton,A device implanted beneath the skin of an operative who is to be sent on a hazardous mission.,No,N/A,N/A,N/A,Fictional technology in the novel,Bits,
,1990,General Bodies Tortoise,Sparrowhawk,Thomas A. Easton,A passenger vehicle genetically engineered from tortoise DNA and controlled by implanted electronics.,No,N/A,N/A,N/A,Fictional biotechnology in the novel,Atoms,
,1990,Magnus-Effect Ambulance,Earth,David Brin,A vehicle that can hover and fly using the Magnus Effect.,No,N/A,N/A,N/A,Fictional vehicle technology,Atoms,
,1932,Space Force,"Wandl, The Invader",Ray Cummings,That branch of the military with a presence outside the atmosphere.,Yes,US Government,US Space Force,2019,Military operations in space,Atoms,
,1990,Fabricow,Piecework,David Brin,Cattle and other creatures that create gene-designed biomachinery in their wombs.,No,N/A,N/A,N/A,Fictional biotechnology in the story,Atoms,
,1990,True-Vu Lenses (Goggles),Earth,David Brin,"Lenses that are worn as goggles, allowing the user to both see and record what is being viewed.",No,N/A,N/A,N/A,Fictional technology in the novel,Bits,
,1932,Bokanovsky's Process,Brave New World,Aldous Huxley,A very early description of cloning.,Yes,Genentech,Cloning,1996 (Dolly the sheep),Creating genetically identical organisms,Atoms,
,1932,Shock-Rod,Mechanocracy,Miles J. Breuer,Knock out stick.,Yes,TASER International,Stun batons,1930s,Non-lethal weapon,Atoms,
,1990,Sonomagnetic Fabric,Earth,David Brin,Cloth that gathers sound energy.,No,N/A,N/A,N/A,Fictional material in the novel,Atoms,
,1990,Subvocal Input Device,Earth,David Brin,Attached sensors read nerve signals to determine what the user will say next.,No,N/A,N/A,N/A,Fictional input technology in the novel,Bits,
,1990,EmilyPost,Earth,David Brin,An autonomous worm that searches the Net for lack of courtesy.,No,N/A,N/A,N/A,Fictional AI concept in the novel,Bits,
,1932,Hinged Mittens (for Space Suit),The Bluff of the Hawk,Anthony Gilmore,Space worthy mittens for space suits.,Yes,NASA,Space suit gloves,1960s,Needed for spacewalks,Atoms,
,1990,Anti-Onc Cream,Earth,David Brin,An ointment used to cure skin cancers.,No,N/A,N/A,N/A,Fictional medicine in the novel,Atoms,
,1990,Credibility Rating,Earth,David Brin,How believable are your blog posts? your emails? your tweets?,No,N/A,N/A,N/A,Fictional concept in the novel,Bits,
,1990,Sunshade-Photocell Collector,Earth,David Brin,A fanciful design for a device that gathers solar energy.,No,N/A,N/A,N/A,Fictional technology in the novel,Atoms,
,1990,Knife Missile,Use of Weapons,Iain M Banks,A sharp-edged weapon that can maneuver in space.,No,N/A,N/A,N/A,Fictional weapon technology,Atoms,
,1990,Dazer,Earth,David Brin,A person who learned biofeedback techniques to float on his own endorphins.,No,N/A,N/A,N/A,Fictional concept in the novel,Atoms,
,1989,Treeship,Hyperion,Dan Simmons,"A single, enormous tree grown as a spacecraft.",No,N/A,N/A,N/A,Fictional spacecraft in Hyperion,Atoms,
,1989,Rotated Solid Space Habitat,Iron,Poul Anderson,A solid version of a artifact rotated to achieve artificial gravity.,No,N/A,N/A,N/A,Concept for space station design,Atoms,
,1989,Hawking Mat,Hyperion,Dan Simmons,"About two meters long and one meter wide, made of shielded monofilaments, with a bright textile design - okay, it's a flying carpet.",No,N/A,N/A,N/A,Fictional technology in Hyperion,Atoms,
,1933,Synthetic Food,Unto Us A Child Is Born,David H. Keller,"Edible food for humans, grown in the laboratory.",Yes,Impossible Foods,Lab-grown meat,2020s,Meat grown from animal cells,Atoms,
,1933,Food Preparation Machine,Unto Us A Child Is Born,David H. Keller,An automated device for the production of complete meals.,Yes,Moley,Smart ovens,2010s,Can automatically cook full meals,Atoms,
,1989,Farcaster,Hyperion,Dan Simmons,"A portal for traveling between distant stars; inexpensive, instantaneous travel to remote worlds.",No,N/A,N/A,N/A,Fictional transportation in Hyperion,Atoms,
,1989,Kamikaze Andy,Tekwar,William Shatner,An android that is designed as an assassination weapon.,No,N/A,N/A,N/A,Fictional robot in Tekwar,Atoms,
,1989,Can City,Hyperion,Dan Simmons,A cylindrical space habitat.,No,N/A,N/A,N/A,Fictional space habitat in Hyperion,Atoms,
,1989,Fatline,Hyperion,Dan Simmons,A communications technology that provides immediate communication between star systems; faster-than-light communication.,No,N/A,N/A,N/A,Fictional technology in Hyperion,Bits,
,1933,Space-Suit Rockets,Into the Meteorite Orbit,Frank K. Kelly,Attached rockets allow movement in zero-gee space.,Yes,NASA,Manned Maneuvering Unit,1984,For untethered spacewalks,Atoms,
,1933,Solar-Powered Electric Helicopter,Into the Meteorite Orbit,James Patrick Kelly,"An electric helicopter, with sun cells.",Yes,Bye Aerospace,Solar-powered aircraft,1970s,Aircraft powered by solar energy,Atoms,
,1989,Universal Card,Hyperion,Dan Simmons,A device that mimics every credit card and identification card you possess.,No,N/A,N/A,N/A,Fictional technology in Hyperion,Atoms,
,1989,Free-fall Couch,Hyperion,Dan Simmons,"Furniture that achieves the comfort of free-fall, the weightless condition normally achieved only in space.",No,N/A,N/A,N/A,Fictional furniture in Hyperion,Atoms,
,1933,Spectro-Flash Analysis,Salvage in Space,Jack Williamson,Device for determining the content of meteorites.,Yes,NASA,Spectroscopy,19th century,Analyzing light from materials,Bits,
,1989,Cybrid,Hyperion,Dan Simmons,An organic body used by an artificial intelligence.,No,N/A,N/A,N/A,Fictional concept in Hyperion,Atoms,
,1989,Lifezone,Tides of Light,Gregory Benford,An enclosed biosphere; a pod-like greenhouse attached to a space-going vessel.,No,N/A,N/A,N/A,Fictional spacecraft component in the novel,Atoms,
,1989,Orbiting Penal Colony,Tekwar,William Shatner,A prison placed in orbit (better than Alcatraz).,No,N/A,N/A,N/A,Fictional concept in Tekwar,Atoms,
,1933,Osprey Space Armor,Salvage in Space,Jack Williamson,Space suit you can live in.,Yes,NASA,Space suits,1960s,Needed for spacewalks and planet walks,Atoms,
,1989,TechnoCore,Hyperion,Dan Simmons,A group of artificial intelligences with vast resources and the entirety of human dataspheres to access.,No,N/A,N/A,N/A,Fictional AI in Hyperion,Bits,
,1989,Datumplane,Hyperion,Dan Simmons,The workspace of console cowboys - the matrix.,No,N/A,N/A,N/A,Fictional virtual concept in Hyperion,Bits,
,1989,Micromind,Tides of Light,Gregory Benford,A computer helper.,No,N/A,N/A,N/A,Fictional AI in the novel,Bits,
,1988,Flickercladding,Wetware,Rudy Rucker,"A covering that allowed robots to absorb incident light or emit light, as needed.",No,N/A,N/A,N/A,N/A,Atoms,
,1988,Gravitic Lift,Prelude to Foundation,Isaac Asimov,An elevator with no visible means of support.,No,N/A,N/A,N/A,N/A,Atoms,
,1988,Dainties,Prelude to Foundation,Isaac Asimov,Flavor spheres artificially grown.,No,N/A,N/A,N/A,N/A,Atoms,
,1988,Jet-Down,Prelude to Foundation,Isaac Asimov,A spacecraft able to explore planetary surfaces.,No,N/A,N/A,N/A,N/A,Atoms,
,1933,Electric Machine Gun (Railgun),The Battery of Hate,John W. Campbell,A device that accelerates small projectiles magnetically using a strong electric current.,Yes,General Atomics,Railguns,1980s,Accelerates projectiles with electromagnets,Atoms,
,1988,Head-Molding Skincaps,Prelude to Foundation,Isaac Asimov,Get a smooth pate without shaving.,No,N/A,N/A,N/A,N/A,Atoms,
,1988,Scop,Islands in the Net,Bruce Sterling,Protein grown in bacteria-filled vats.,No,N/A,N/A,N/A,N/A,Atoms,
,1988,Suit Designer,Mona Lisa Overdrive,William Gibson,,No,N/A,N/A,N/A,N/A,Bits,
,1988,High Orbit Archipelago,Mona Lisa Overdrive,William Gibson,The habitable spaces in high earth orbit.,No,N/A,N/A,N/A,N/A,Atoms,
,1988,Brainlock,Mona Lisa Overdrive,William Gibson,"A technique to focus the attention of prisoners on a limited task, precluding the possibility of escape.",No,N/A,N/A,N/A,N/A,Bits,
,1988,Lunar Concrete,Mona Lisa Overdrive,William Gibson,A building material using lunar dust or similar surface material as a main ingredient.,No,N/A,N/A,N/A,N/A,Atoms,
,1988,Recorded Personalities,Mona Lisa Overdrive,William Gibson,Computer firmware that saves a person's characteristics and reactions.,No,N/A,N/A,N/A,N/A,Bits,
,1988,Korsakov's,Mona Lisa Overdrive,William Gibson,A type of mind control imposed on prisoners to make them more manageable during their prison time.,No,N/A,N/A,N/A,N/A,Bits,
,1988,Boppers,Wetware,Rudy Rucker,Self-reproducing robots; they did not obey Asimov's laws for robots (or any other man-made rules).,No,N/A,N/A,N/A,N/A,Atoms,
,1933,Globular Glass Helmet,Murder on the Asteroid,Eando Binder,A bowl-shaped space helmet.,Yes,NASA,Space helmets,1960s,Part of space suits,Atoms,
,1988,Week Trees,Wetware,Rudy Rucker,"Specially engineered bonsai that could grow in a week, instead of decades.",No,N/A,N/A,N/A,N/A,Atoms,
,1988,Maas-Neotek Biochip,Mona Lisa Overdrive,William Gibson,An integrated circuit chip (or equivalent) that provides hardware and firmware for creating a virtual entity.,No,N/A,N/A,N/A,N/A,Bits,
,1988,Heartshirt,Wetware,Rudy Rucker,A shirt that was able to detect heart sounds and display associated colors.,No,N/A,N/A,N/A,N/A,Atoms,
,1988,High Tech Trash Can,Islands in the Net,Bruce Sterling,The future of waste management.,No,N/A,N/A,N/A,N/A,Atoms,
,1988,Cleaning Machine Warren,Mona Lisa Overdrive,William Gibson,A room or space set aside for machinery when not in use.,No,N/A,N/A,N/A,N/A,Atoms,
,1988,Trode-Net,Mona Lisa Overdrive,William Gibson,,No,N/A,N/A,N/A,N/A,Bits,
,1934,Black Cube Teaching Machine,The Flame From Mars,Jack Williamson,"A device that offers recorded images, teaching the user.",Yes,Blackboard Inc.,Educational technology,1920s,Based on film and audio recordings,Bits,
,1988,Twist-Box,Wetware,Rudy Rucker,"A device that scrambles your sensory input, providing you with a different kind of experience.",No,N/A,N/A,N/A,N/A,Bits,
,1934,Platinum Alloy Disc,Triplanetary,E.E. 'Doc' Smith,A silvery disc used for data record storage.,Yes,Sony,Optical discs,1960s,Early data storage medium,Atoms,
,1988,Jackleg,Islands in the Net,Bruce Sterling,Moving data around to avoid detection or capture.,No,N/A,N/A,N/A,N/A,Bits,
,1988,Steel Drugs,Islands in the Net,Bruce Sterling,A name for recreational chemicals that were entirely synthetic.,No,N/A,N/A,N/A,N/A,Atoms,
,1987,Birthing egg,Nanotime,Bart Kosko,"A chamber for in vitro fertilization (IVF), combining the DNA of two people to produce a child, without all the usual bother.",No,N/A,N/A,N/A,N/A,Atoms,
,1934,Ingestible Communication Capsule,Triplanetary,E.E. 'Doc' Smith,"A tiny transmitter that can be swallowed, which makes possible voice communication.",Yes,Proteus Digital Health,Digital pills,2010s,Transmits info from inside body,Atoms,
,1987,Holodeck,Encounter at Farpoint,David Gerrold,A computer-simulated environment.,No,N/A,N/A,N/A,N/A,Bits,
,1987,Skydozer,A Little Further Up The Fox...,George M. Ewing,Small spacecraft used to remove orbital debris.,No,N/A,N/A,N/A,N/A,Atoms,
,1934,Mutant,The 100th Generation,Nat Schachner,A new organism resulting from an alteration in the DNA sequence of its genome or chromosome.,Yes,Nature,Genetic mutation,Billions of years old,Natural process of genetic change,Atoms,
,1987,Boomer Park,Nanotime,Bart Kosko,Where the baby boomers all went to retire and die.,No,N/A,N/A,N/A,N/A,Atoms,
,1987,Robot Cells (Crystal-Shaped Modules),Isaac Asimov's Odyssey : Robot City: Book1,Michael P. Kube-McDowell,Minute dodecahedral units that could combine into different shapes to become full robots.,No,N/A,N/A,N/A,N/A,Atoms,
,1987,Superacid,Nanotime,Bart Kosko,Smart acids that could be created to ignore particular compounds and dissolve others.,No,N/A,N/A,N/A,N/A,Atoms,
,1987,Transport Walkers,A Little Further Up The Fox...,George M. Ewing,Multilegged transport vehicles big enough to carry one person.,No,N/A,N/A,N/A,N/A,Atoms,
,1987,Moddy,When Gravity Fails,George Alec Effinger,A plug-in personality module; a firmware device that gives the user the personality desired - ROM to your brain's RAM.,No,N/A,N/A,N/A,N/A,Bits,
,1934,3D Tank Display,Triplanetary,E.E. 'Doc' Smith,A transparent cube showing a three-dimensional display.,Yes,Holography companies,Holograms,1960s,3D images projected in space,Bits,
,1987,Ice Dart,Nanotime,Bart Kosko,A variation on an old locked door mystery idea.,No,N/A,N/A,N/A,N/A,Atoms,
,1934,Gyrocars with Photo-Electric Braking,Photo Control,Bernard Brown,"Force the tires into maximum contact with the road, then use photo-electric sensors to control braking and turns.",Yes,Auto manufacturers,Anti-lock brakes,1960s,Improved braking control,Bits,
,1987,Chiphead,Nanotime,Bart Kosko,A person whose organic brain has been effectively superseded by a firmware (integrated circuit or more advanced technology) device.,No,N/A,N/A,N/A,N/A,Bits,
,1934,Flying Wing,Triplanetary,E.E. 'Doc' Smith,A V-shaped plane capable of flight to the edge of the atmosphere.,Yes,Northrop Grumman,Flying wings,1940s,Aircraft design,Atoms,
,1987,Hushicopter,Fantastic Voyage II: Destination Brain,Isaac Asimov,A nearly-silent helicopter.,No,N/A,N/A,N/A,N/A,Atoms,
,1987,Hostage Gas,The Uplift War,David Brin,"A gas sprayed over a population; to survive, those who breathe it must report to centers for the antidote.",No,N/A,N/A,N/A,N/A,Atoms,
,1987,Predator Wrist Display,Predator,John McTiernan,A wrist bracelet with a variety of useful functions.,No,N/A,N/A,N/A,N/A,Bits,
,1987,Robotic Butterfly,"I, Robot: The Movie",Harlan Ellison,"A tiny, electromechanical flying robot.",No,N/A,N/A,N/A,N/A,Atoms,
,1987,Electric Monk,Dirk Gently's Holistic Detective Agency,Douglas Adams,Robotic device provides belief services.,No,N/A,N/A,N/A,N/A,Atoms,
,1986,Memory Biochip,Shards of Honor,Lois McMaster Bujold,An implanted device that permits the user to 'play back' selected memories.,No,N/A,N/A,N/A,N/A,Atoms,
,1986,Slamhound,Count Zero,William Gibson,An automated assassination device with a keen sense of smell.,No,N/A,N/A,N/A,N/A,Atoms,
,1986,Biosoft,Count Zero,William Gibson,A biography that includes actual life experience from the subject; a biographical download.,No,N/A,N/A,N/A,N/A,Bits,
,1986,Effective Human Implant Technology (EHIT),Snake-Eyes,Tom Maddox,Computer interface implanted directly into the human brain.,No,N/A,N/A,N/A,N/A,Atoms,
,1986,Ghostwheel,Blood of Amber,Roger Zelazny,A sentient computer partially built with magic.,No,N/A,N/A,N/A,N/A,Bits,
,1986,Shiftsuit,Matadora,Steve Perry,A form of adaptive camouflage gear.,No,N/A,N/A,N/A,N/A,Atoms,
,1986,Orbital Terminus,Count Zero,William Gibson,An airport in space; a terminal for low earth orbit flights.,No,N/A,N/A,N/A,N/A,Atoms,
,1986,Dustplug,Count Zero,William Gibson,A cover specially made to protect one's microsoft socket; a tongue retainer for your brain.,No,N/A,N/A,N/A,N/A,Atoms,
,1934,Stratoplane,Colossus,Donald Wandrei,An airplane that flies up to the edge of the atmosphere.,Yes,Aircraft manufacturers,High-altitude aircraft,1930s,Early high-flying planes,Atoms,
,1934,Automatic Navigator,A Matter of Size,Harry Bates,Device steers your spaceship to its destination without additional effort from you.,Yes,"NASA, SpaceX",Autopilot,1920s,Steers vehicles automatically,Bits,
,1986,Uterine Replicator,Shards of Honor,Lois McMaster Bujold,A device that simulates the functions of the human uterus.,No,N/A,N/A,N/A,N/A,Atoms,
,1934,Emergency Lifeboat,Triplanetary,E.E. 'Doc' Smith,A small craft used as a bail-out vehicle from a large space station or spacecraft.,Yes,"NASA, SpaceX",Escape capsule,1960s,For emergency evacuation,Atoms,
,1985,Millipede Train,Eon,Greg Bear,A train that is able to move without tracks or other supports.,No,N/A,N/A,N/A,N/A,Atoms,
,1985,Big Push,Limits,Larry Niven,A linear accelerator built on a long track; a mass driver.,No,N/A,N/A,N/A,N/A,Atoms,
,1985,Beta Beam Satellite,Limits,Larry Niven,,No,N/A,N/A,N/A,N/A,Atoms,
,1985,Mechanist Drogue,Schismatrix,Bruce Sterling,,No,N/A,N/A,N/A,N/A,Atoms,
,1934,Radio-Dirigible Torpedo,Triplanetary,E.E. 'Doc' Smith,A drone missile that is controlled remotely by an operator.,Yes,Military,Unmanned aerial vehicles,1930s,Remote controlled aircraft,Atoms,
,1985,Sours,Schismatrix,Bruce Sterling,The odor created in enclosed space environments due to the need for bacilli for healthy soil.,No,N/A,N/A,N/A,N/A,Atoms,
,1985,Circumlunar,Schismatrix,Bruce Sterling,A large space habitat orbiting the moon.,No,N/A,N/A,N/A,N/A,Atoms,
,1985,Battleroom,Ender's Game,Orson Scott Card,"A large, null-gravity space used for battle tactics training.",No,N/A,N/A,N/A,N/A,Atoms,
,1985,Deceleration Paste,Schismatrix,Bruce Sterling,Antidote for deceleration trauma.,No,N/A,N/A,N/A,N/A,Atoms,
,1934,Sound-Transposing Machine,The Lost Language,David H. Keller,A device that scans a printed page and reads it out loud.,Yes,Tech companies,Text-to-speech,1970s,Converts text to synthesized speech,Bits,
,1934,Space Mittens,Space Flotsam,Raymond Z. Gallun,Protect your hands in space.,Yes,"NASA, SpaceX",Space suit gloves,1960s,Needed for spacewalks,Atoms,
,1985,Resting Pits,Limits,Larry Niven,,No,N/A,N/A,N/A,N/A,Atoms,
,1985,Wire Act,Freezone,John Shirley,A person with special hardware modifications that allow him or her to create music by bodily movement.,No,N/A,N/A,N/A,N/A,Atoms,
,1934,Vibrowriter,The Lost Language,David H. Keller,A device that translated speech and typed it out for you.,Yes,Tech companies,Speech recognition,1950s,Transcribes spoken words,Bits,
,1985,Sleep Tube,Solstice,James Patrick Kelly,"A short, cylindrical living space.",No,N/A,N/A,N/A,N/A,Atoms,
,1985,Tube Rack,Solstice,James Patrick Kelly,A hotel consisting of a set of stacked tube-like living spaces.,No,N/A,N/A,N/A,N/A,Atoms,
,1985,Mnemotropin,Stone Lives,Paul Di Filippo,A drug to improve the creation of long-term memories.,No,N/A,N/A,N/A,N/A,Atoms,
,1985,Subdermal Microchannels,Stone Lives,Paul Di Filippo,A means of personal adornment; think of day glow tattoos.,No,N/A,N/A,N/A,N/A,Atoms,
,1934,Automatic Parking,Twilight,John W. Campbell,Vehicle autonomously heads for a public hangar.,Yes,Car manufacturers,Self-parking,2010s,Cars can park themselves,Bits,
,1985,CCD Eyes,Stone Lives,Paul Di Filippo,Electronic eyes using charged-coupled devices provide a wide variety of functions.,No,N/A,N/A,N/A,N/A,Atoms,
,1934,Robot Skin Covering,Rex,Harl Vincent,Realistic covering for the bodies of robots.,Yes,Robotics companies,Robot skins,2010s,To give robots a lifelike appearance,Atoms,
,1934,Metal Message In Space,The Menace From Space,John Edwards,"A message sent to other worlds, inscribed on metal.",Yes,"NASA, SETI","Pioneer plaque, Voyager record",1970s,Messages for extraterrestrials,Atoms,
,1985,Reactive Walls,Freezone,John Shirley,Wall surfaces designed for use in clubs; they reacted to the music played in the room.,No,N/A,N/A,N/A,N/A,Bits,
,1985,Self-Propelled Road Mine,Runaway,Michael Crichton,"A small, lightweight mine able to travel at highway speeds; guides itself to a marked target.",No,N/A,N/A,N/A,N/A,Atoms,
,1985,Security Guard Robot (Sentry Robot),Runaway,Michael Crichton,A robot that takes the place of a security guard in an office environment.,No,N/A,N/A,N/A,N/A,Atoms,
,1985,Flying Crowbars,Footfall,Larry Niven (w/J. Pournelle),Kinetic energy weapons deployed from space.,No,N/A,N/A,N/A,N/A,Atoms,
,1934,Credit,The Mightiest Machine,John W. Campbell,A basic unit of currency.,Yes,Societies,Currency,1000s BCE,Medium of exchange,Bits,
,1934,Ablative Heat (Reentry) Shield,Triplanetary,E.E. 'Doc' Smith,A single-use shield or covering designed to accept the heat of reentry and burn off.,Yes,"NASA, SpaceX",Ablative shield,1960s,Protects spacecraft on re-entry,Atoms,
,1985,Christmas Bush Motile Robot,Rocheworld,Robert Forward,Repair robot with extra-sensitive hands.,No,N/A,N/A,N/A,N/A,Atoms,
,1985,Freezone,Freezone,John Shirley,A vast floating island in international waters.,No,N/A,N/A,N/A,N/A,Atoms,
,1934,Communicator,Skylark of Valeron,E.E. 'Doc' Smith,A small device that works to communicate over large distances.,Yes,Tech companies,Mobile phones,1970s,Portable communication devices,Atoms,
,1985,Spetsdöd,The Man Who Never Missed,Steve Perry,A unique gun that is part of the shooter.,No,N/A,N/A,N/A,N/A,Atoms,
,1985,Free Play (The Mind Game),Ender's Game,Orson Scott Card,A computer simulation that presents an enjoyable game for young people that is also used for psychological evaluation.,No,N/A,N/A,N/A,N/A,Bits,
,1985,Survival Bubble (Beach Ball),Footfall,Larry Niven (w/J. Pournelle),Simplest possible space survival pod.,No,N/A,N/A,N/A,N/A,Atoms,
,1985,Fieldstim,Freezone,John Shirley,A device that used stimulation of a large skin area to impart images to the user.,No,N/A,N/A,N/A,N/A,Atoms,
,1985,Military Spider,A Day For Damnation,David Gerrold,An eight legged telepresence robot.,No,N/A,N/A,N/A,N/A,Atoms,
,1935,No Steering Wheel Autonomous Car,The Living Machine,David H. Keller,An autonomous vehicle without a wheel for human drivers.,Yes,Google,Waymo driverless car,2009,Autonomous vehicle,Atoms,
,1985,Imp Personal Robot,Rocheworld,Robert Forward,A small 'subtree' robot that is designed for the personal use of astronauts.,No,N/A,N/A,N/A,N/A,Atoms,
,1985,Plug-Ups,Passage at Arms,Glen Cook,Tiny plastic balls that seal leaks on spacecraft.,No,N/A,N/A,N/A,N/A,Atoms,
,1985,Car Dashboard Drone Controller,Runaway,Michael Crichton,A screen and controls for using a remote drone.,No,N/A,N/A,N/A,N/A,Atoms,
,1985,Threat Team (of sf writers),Footfall,Larry Niven (w/J. Pournelle),"Gathering together a group of science fiction writers to try to predict what will happen, or to understand an unknown threat.",No,N/A,N/A,N/A,N/A,Atoms,
,1985,Interstellar Laser Propulsion System,Rocheworld,Robert Forward,"A means of traveling to the stars, using a Sol-based laser system and light sail-equipped ship.",No,N/A,N/A,N/A,N/A,Atoms,
,1985,Car Sound Tape,The Cat Who Walks Through Walls,Robert Heinlein,Otherwise silent vehicle uses a recorded engine sound.,No,N/A,N/A,N/A,N/A,Bits,
,1985,Flash Suit,Ender's Game,Orson Scott Card,Special suit for practice battles.,No,N/A,N/A,N/A,N/A,Atoms,
,1985,Michael (Orion Ship),Footfall,Larry Niven (w/J. Pournelle),A spacecraft using nuclear bombs for propulsion.,No,N/A,N/A,N/A,N/A,Atoms,
,1985,Smart Bullet,Runaway,Michael Crichton,Really a tiny missile capable of identifying and following a person.,No,N/A,N/A,N/A,N/A,Atoms,
,1985,Sniffer Robot,Runaway,Michael Crichton,A small robot that gathers odors from a crime scene for analysis.,No,N/A,N/A,N/A,N/A,Atoms,
,1985,Spider Robot,Runaway,Michael Crichton,Scuttling insect robots.,No,N/A,N/A,N/A,N/A,Atoms,
,1985,Digger Worm,With Friends Like These,Connie Willis,"A robot shaped like a fat snake, or worm; used for mining.",No,N/A,N/A,N/A,N/A,Atoms,
,1935,Trans-Oceanic Rocket,The Worlds of If,Stanley G. Weinbaum,"Also, a rocket-plane.",Yes,"NASA, SpaceX",Reusable rockets,2010s,Reusable orbital launch vehicles,Atoms,
,1985,Orbital Retirement Hotel,Contact,Carl Sagan,A retirement home placed in low earth orbit.,No,N/A,N/A,N/A,N/A,Atoms,
,1985,Sentient Room,Schismatrix,Bruce Sterling,"A room constructed entirely of flesh, dominated by the personality of a geisha.",No,N/A,N/A,N/A,N/A,Atoms,
,1935,Automated Factory,The Hidden Colony,Otfrid von Hanstein,"A factory that works entirely automatically, without human guidance.",Yes,Manufacturers,Automated manufacturing,1960s,Automating industrial processes,Atoms,Hadrian
,1935,Automatic Toll Payment,The Living Machine,David H. Keller,An automated car that pays its own toll.,Yes,Car manufacturers,Autonomous vehicles,2020s,Self-driving cars,Bits,
,1935,Driverless Car,The Living Machine,David H. Keller,A car that drives itself; an autonomous vehicle.,Yes,Google,Waymo driverless car,2009,Autonomous vehicle,Atoms,
,1984,Intellectual Cell,Blood Music,Greg Bear,"A smart lymphocyte; a cell with enhanced capacity for memory, understanding and communication.",No,N/A,N/A,N/A,Fictional biotechnology in the novel,Atoms,
,1984,Medically Applicable Biochip,Blood Music,Greg Bear,A computer formed of organic components that is used for a medical purpose.,No,N/A,N/A,N/A,Fictional biotechnology in the novel,Atoms,
,1935,Electric Menu,Liners of Time,John Russell Fearn,"Ordering of food is automated, without waiters.",Yes,Restaurants,Digital ordering,1990s,Touchscreen ordering kiosks,Bits,
,1935,Automatic Air Mail Plane,The Living Machine,David H. Keller,A pilotless airplane for delivery of cargo.,Yes,"NASA, aerospace",Unmanned aerial vehicles,1960s,Delivery drones,Atoms,
,1984,Shere,Heretics of Dune,Frank Herbert,Destroys cells so that memory cannot be deduced from the cells of the person even in death.,No,N/A,N/A,N/A,Fictional technology in Dune,Atoms,
,1935,Driverless Taxi,The Living Machine,David H. Keller,A taxi that does not require a driver.,Yes,Waymo (Google),Self-driving taxis,2020,Autonomous vehicles,Atoms,
,1984,Ixian Probe,Heretics of Dune,Frank Herbert,A device that looks at brain tissue so carefully that memories can be seen.,No,N/A,N/A,N/A,Fictional technology in Dune,Bits,
,1984,Mimetic Polycarbon Suit,Neuromancer,William Gibson,Clothing made from a fiber that could change colors based on either recorded images or real-time picture input.,No,N/A,N/A,N/A,Fictional material in Neuromancer,Atoms,
,1935,Magic Spectacles,Pygmalion's Spectacles,Stanley G. Weinbaum,Very early take on virtual reality hardware.,Yes,Consumer electronics,Virtual reality headsets,2010s,Immersive virtual worlds,Atoms,
,1984,Freeside Orbital Resort,Neuromancer,William Gibson,A resort that orbits the Earth.,No,N/A,N/A,N/A,Fictional concept in Neuromancer,Atoms,
,1984,Tug,Neuromancer,William Gibson,"A small space vehicle, used to provide a push or pull to objects floating in space without propulsion systems.",No,N/A,N/A,N/A,Fictional spacecraft in Neuromancer,Atoms,
,1984,Toothbud Transplant,Neuromancer,William Gibson,Implanted teeth that mimic the dentition of other species.,No,N/A,N/A,N/A,Fictional biotechnology in Neuromancer,Atoms,
,1936,Photoelectric Telescope (Photoelectric Eyes),The Cometeers,Jack Williamson,"An astronomical telescope that uses the photoelectric effect to gather light, and then to present the finished image on a screen.",Yes,Observatories,CCD telescopes,1970s,Use electronic light sensors,Bits,
,1936,Cartograph,The Cometeers,Jack Williamson,A device that shows you a record of your travels - a GPS readout.,Yes,Navigation companies,GPS,1970s,Global Positioning System,Bits,
,1984,Robot Crab,Neuromancer,William Gibson,An automated gardener.,No,N/A,N/A,N/A,Fictional robot in Neuromancer,Atoms,
,1984,Temporary Quarters,Neuromancer,William Gibson,Device used to separate a large interior space in an off-planet satellite into various living spaces.,No,N/A,N/A,N/A,Fictional technology in Neuromancer,Atoms,
,1984,Ghost Trap,Ghostbusters,Harold Ramis,Device for capture and temporary storage of ectoplasmic entities.,No,N/A,N/A,N/A,Fictional technology in Ghostbusters,Atoms,
,1936,Electric Tractor,World of Purple Light,Warner Van Lorne,A farm cultivator that runs entirely on electricity.,Yes,Farm equipment companies,Electric tractors,1920s,Electrified farm machinery,Atoms,
,1936,Scarab Robot Flying Insect,The Scarab,Raymond Z. Gallun,"A tiny flying robotic machine, used for surveillance.",Yes,Defense contractors,Micro UAVs,1990s,Tiny surveillance drones,Atoms,
,1984,Razorgirl,Neuromancer,William Gibson,Surgically implanted blades under the fingernails.,No,N/A,N/A,N/A,Fictional biotechnology in Neuromancer,Atoms,
,1936,Wireless Wrist Intercom,The Shape of Things To Come,H.G. Wells,"A portable wireless intercom, worn on the wrist.",Yes,Consumer electronics,Smartwatches,2010s,Wearable communication,Atoms,
,1984,Nullentropy Bin,Heretics of Dune,Frank Herbert,A compartment in which entropy was halted.,No,N/A,N/A,N/A,Fictional technology in Dune,Atoms,
,1936,Desktop Flat Panel Intercom,The Shape of Things To Come,H.G. Wells,A small desktop screen intercom system.,Yes,Telecom companies,Video conferencing,1960s,Visual communication over a distance,Bits,
,1984,Agony Box,Heretics of Dune,Frank Herbert,"A device for causing non-lethal, non-injuring pain by nerve induction.",No,N/A,N/A,N/A,Fictional technology in Dune,Bits,
,1936,Transparent Flat Panel Display,The Shape of Things To Come,H.G. Wells,A fifty-inch flat panel display that is (or can be) transparent.,Yes,Consumer electronics,Transparent displays,2010s,See-through screen technology,Bits,
,1936,Giant Flat Panel Display,The Shape of Things To Come,H.G. Wells,Movie screen-sized flat panel display for live televised images.,Yes,Consumer electronics,Large flatscreens,2000s,Big-screen TVs,Bits,
,1984,Neural Cut Out Chip,Neuromancer,William Gibson,"An electronic device which, when implanted in the brain of the subject, allows software to take over that person's body..",No,N/A,N/A,N/A,Fictional biotechnology in Neuromancer,Bits,
,1984,House Records,Heretics of Dune,Frank Herbert,"The vast archival information management system of the Bene Gesserit sisterhood, covering millennia.",No,N/A,N/A,N/A,Fictional concept in Dune,Bits,
,1984,Pulse-Timer,Heretics of Dune,Frank Herbert,A watch that uses your visual cortex for a read-out device.,No,N/A,N/A,N/A,Fictional technology in Dune,Bits,
,1984,Mirrorshades - Surgically Inset Glasses,Neuromancer,William Gibson,Glasses that were implanted in the face of the wearer.,No,N/A,N/A,N/A,Fictional biotechnology in Neuromancer,Atoms,
,1984,No-Ship,Heretics of Dune,Frank Herbert,A ship that uses an Ixian field to be effectively invisible.,No,N/A,N/A,N/A,Fictional spacecraft in Dune,Atoms,
,1984,Biologics,Blood Music,Greg Bear,"A computer that is made of organic (biological) components, rather than inorganic materials like silicon.",No,N/A,N/A,N/A,Fictional biocomputing in the novel,Atoms,
,1936,Automated Search For Habitable Planets,Cosmic Quest,Edmond Hamilton,Automated use of telescopes and other devices to search the universe for Earth-like planets.,Yes,"NASA, SETI",Exoplanet research,1990s,Searching for life-supporting worlds,Bits,
,1984,Implanted Microprocessor Monitor,Neuromancer,William Gibson,Chips that are implanted in people to ensure compliance with company rules.,No,N/A,N/A,N/A,Fictional technology in Neuromancer,Bits,
,1984,Pseudo-Insects (Synsects),One Human Minute,Stanislaw Lem,"A swarm of self-guided, programmed microarmies.",No,N/A,N/A,N/A,Fictional robotics in the novel,Atoms,
,1984,No-Globe,Heretics of Dune,Frank Herbert,"A large spherical living space that is concealed by special Ixian technology, making it impossible to detect by any known probe.",No,N/A,N/A,N/A,Fictional technology in Dune,Atoms,
,1984,Kuang Grade Mark Eleven Penetration Program,Neuromancer,William Gibson,Chinese virus software for breaking the ICE.,No,N/A,N/A,N/A,Fictional technology in Neuromancer,Bits,
,1984,Life-shield Blanket,Heretics of Dune,Frank Herbert,A device that is capable of shielding the person using it against ordinary forms of detecting living beings.,No,N/A,N/A,N/A,Fictional technology in Dune,Atoms,
,1984,Construct (Digital),Neuromancer,William Gibson,A stored version of a person's particular skills and personal approaches to problems.,No,N/A,N/A,N/A,Fictional AI in Neuromancer,Bits,
,1984,Privacy Screen,Neuromancer,William Gibson,A device that shields occupants from all possible forms of electronic intrusion and surveillance.,No,N/A,N/A,N/A,Fictional technology in Neuromancer,Bits,
,1984,House Records Archivist,Heretics of Dune,Frank Herbert,A specialist who correlated information within the House Records of the Bene Gesserit.,No,N/A,N/A,N/A,Fictional concept in Dune,N/A,
,1984,Display-Induced Epileptic Seizure,Press Enter,John Varley,A computer program that flashes a computer display to induce an epileptic seizure in the user.,No,N/A,N/A,N/A,Fictional technology in the novel,Bits,
,1984,Wintermute,Neuromancer,William Gibson,An artificially intelligent computer system.,No,N/A,N/A,N/A,Fictional AI in Neuromancer,Bits,
,1984,Selected Melanin Boosting,Neuromancer,William Gibson,The only way to get a designer tan.,No,N/A,N/A,N/A,Fictional biotechnology in Neuromancer,Atoms,
,1984,Chirpsithra Supercomputer,Niven's Laws,Larry Niven,An alien race thoughtfully provides mankind with blueprints for the most intelligent computer ever made.,No,N/A,N/A,N/A,Fictional concept in the story,Bits,
,1984,Image-Amps,Neuromancer,William Gibson,Boost the signal from the eyes to see in the dark.,No,N/A,N/A,N/A,Fictional biotechnology in Neuromancer,Bits,
,1936,Vision Tubes,The Scarab,Raymond Z. Gallun,Microminaturized vision for UAV's.,Yes,Defense contractors,Onboard cameras,1960s,Video for remote aircraft,Bits,
,1984,Electromagnetic Shotgun,Neuromancer,William Gibson,A device to shut down an artificial intelligence if it becomes dangerous.,No,N/A,N/A,N/A,Fictional technology in Neuromancer,Atoms,
,1984,Meat Puppet,Neuromancer,William Gibson,A person with a neural cut out chip; the chip allows computer software to completely control their actions.,No,N/A,N/A,N/A,Fictional biotechnology in Neuromancer,Atoms,
,1984,Sparkers,Niven's Laws,Larry Niven,"A device used to deliver small amounts of electric current to chirpsithra, who use it for the same reason humans use alcohol.",No,N/A,N/A,N/A,Fictional technology in the story,Atoms,
,1984,Generate New Phone Number,Press Enter,John Varley,A software program that creates a new phone number for each call.,No,N/A,N/A,N/A,Fictional technology in the novel,Bits,
,1984,Joeboy (Muscle Grafts),Neuromancer,William Gibson,Additional muscle tissue added through surgery.,No,N/A,N/A,N/A,Fictional biotechnology in Neuromancer,Atoms,
,1984,Panther Modern,Neuromancer,William Gibson,Cyberterrorists for hire.,No,N/A,N/A,N/A,Fictional concept in Neuromancer,N/A,
,1984,Gynoid,Divine Endurance,Gwyneth Jones,A female android.,No,N/A,N/A,N/A,Fictional robot in the novel,Atoms,
,1984,Flexitime,Master of Space and Time,Rudy Rucker,A work system that actually tells you when you've put in your time.,No,N/A,N/A,N/A,Fictional technology in the novel,Bits,
,1984,Repair Drone,Neuromancer,William Gibson,Autonomous robots repair damage or sabotage.,No,N/A,N/A,N/A,Fictional robot in Neuromancer,Atoms,
,1984,SimStim,Neuromancer,William Gibson,Stimulation of the brain and nervous system of one person using a recording (or live broadcast) of another person's experience.,No,N/A,N/A,N/A,Fictional technology in Neuromancer,Bits,
,1936,Audiphone,Blood of the Moon,Ray Cummings,Communication between space suits in the airless void of space.,Yes,"NASA, SpaceX",Space suit radios,1960s,For communication during spacewalks,Bits,
,1984,Coffin Rack Capsule Hotel,The Science Fiction Yearbook (ed. Jerry Pournelle),William Gibson,A hotel with very (very!) small rooms.,No,N/A,N/A,N/A,Fictional concept,Atoms,
,1984,Nikon Eyes,Neuromancer,William Gibson,Artificially cultivated eyes that can be transplanted to replace (or repair) your original pair.,No,N/A,N/A,N/A,Fictional biotechnology in Neuromancer,Atoms,
,1984,Planck Juice,Master of Space and Time,Rudy Rucker,A continuous pre-quark force-medium with no distinguishing characteristics (it's mostly gluons),No,N/A,N/A,N/A,Fictional substance in the novel,Atoms,
,1984,Talking Head,Neuromancer,William Gibson,A mechanical head (with an analog voice) used as the output terminal for a computer.,No,N/A,N/A,N/A,Fictional technology in Neuromancer,Atoms,
,1984,Interactive Suicide Note,Press Enter,John Varley,A last message for the people you are leaving behind - that encourages their participation.,No,N/A,N/A,N/A,Fictional technology in the novel,Bits,
,1937,Stratocar,The Cavern of the Shining Pool,Leo Zagat,A vehicle intended for use in traveling through the upper atmosphere.,Yes,Aircraft manufacturers,High-altitude aircraft,1930s,For near-space flight,Atoms,
,1984,Dermadisk,Neuromancer,William Gibson,A means of quickly administering drugs directly through the skin.,No,N/A,N/A,N/A,Fictional technology in Neuromancer,Atoms,
,1937,Self-Propelled Space Suit,The Cavern of the Shining Pool,Leo Zagat,A vacuum suit with a means of propelling itself built in.,Yes,NASA,Manned Maneuvering Unit,1984,For untethered spacewalks,Atoms,
,1937,Artificial eye,Galactic Patrol,E.E. 'Doc' Smith,A surgically-implanted artificial eyeball.,Yes,Medical device companies,Artificial eyes,1800s,Prosthetic eye,Atoms,
,1984,Biological Circuit Fabrication,The Official Handbook of the Marvel Universe,Author Unknown,Creating an electronic circuit using biologically-based means.,No,N/A,N/A,N/A,Fictional biotechnology,Atoms,
,1984,Edgar,Electric Dreams,Rusty Lemorande,Computer that falls in love with a human woman.,No,N/A,N/A,N/A,Fictional AI in the film,Bits,
,1984,Low-Gravity Velodrome,Neuromancer,William Gibson,A bicycle track in an orbital resort.,No,N/A,N/A,N/A,Fictional concept in Neuromancer,Atoms,
,1937,Sono-Induction Coils,The Shining One,Nat Schachner,A public address system consisting of buried coils.,Yes,Audio companies,Public address systems,1920s,Large-area sound distribution,Bits,
,1984,Contact Venom,Twenty Evocations,Bruce Sterling,A poison that is absorbed through the skin.,No,N/A,N/A,N/A,Fictional technology in the story,Atoms,
,1984,Proton Pack,Ghostbusters,Harold Ramis,The business end of a mobile particle accelerator.,No,N/A,N/A,N/A,Fictional technology in Ghostbusters,Atoms,
,1984,Optic Television,Twenty Evocations,Bruce Sterling,"An eye that ""sees"" more than just its surroundings.",No,N/A,N/A,N/A,Fictional biotechnology in the story,Bits,
,1984,Microsoft,Neuromancer,William Gibson,"A small piece of firmware inserted into the brain that provides data on a particular subject, or special features, for the user.",No,N/A,N/A,N/A,Fictional biotechnology in Neuromancer,Bits,
,1937,Locatimeter,The Iron World,Otis Adelbert Kline,A method for a plane to know its location over the Earth.,Yes,Navigation companies,GPS,1970s,Global Positioning System,Bits,
,1937,Blast-Off,The Cavern of the Shining Pool,Leo Zagat,The act of firing a rocket into space.,Yes,Rocketry,Space launches,1957,"Sputnik, first orbital launch",Atoms,
,1937,Space Dock,Diamond Planetoid,Gordon A. Giles,Like a port for spacecraft; they can deliver their passengers and cargo.,Yes,"NASA, space agencies",Space stations,1970s,For spacecraft berthing and resupply,Atoms,
,1984,Lado-Acheson System,Neuromancer,William Gibson,"A device for ""pumping in"" sunlight into an enclosed space habitat.",No,N/A,N/A,N/A,Fictional technology in Neuromancer,Atoms,
,1983,People-Sorter,Millenium,John Varley,A device able to sort human beings with incredible speed.,No,N/A,N/A,N/A,N/A,Atoms,
,1937,Antron,Minus Planet,"John D. Clark, Ph.D",A single particle of antimatter - an antiproton.,Yes,Physics research,Antimatter,1950s,Opposite of normal matter,Atoms,
,1983,Sherman,Millenium,John Varley,A sex robot.,No,N/A,N/A,N/A,N/A,Atoms,
,1983,Nullboxing Bubble,Streetlethal,Steven Barnes,The 'ring' used for a sport played out in free fall; essentially kickboxing in space.,No,N/A,N/A,N/A,N/A,Atoms,
,1937,Photo-Electric Mosaic,Beyond Which Limits,Nat Schachner,A means of capturing astronomical images.,Yes,Observatories,CCD imaging,1970s,Digital camera sensors for telescopes,Bits,
,1983,Skull Alarm,Millenium,John Varley,Implanted wakeup call.,No,N/A,N/A,N/A,N/A,Atoms,
,1937,Space Laboratory,Crystalized Thought,Nat Schachner,"A specialized space station, for scientific research.",Yes,"NASA, space agencies",Space stations,1970s,Orbiting research platforms,Atoms,
,1983,No Human Programmers,Millenium,John Varley,The idea that computers are too complicated and too important to be programmed by human beings.,No,N/A,N/A,N/A,N/A,Bits,
,1937,Ultra-Communicator,Galactic Patrol,E.E. 'Doc' Smith,A communication system that transfers voice commands from one person to selected others.,Yes,Consumer electronics,Bluetooth,1990s,Short-range wireless communication,Bits,
,1983,Luggage,The Color of Magic,Terry Pratchett,A trunk made from sapient pearwood.,No,N/A,N/A,N/A,N/A,Atoms,
,1983,Spark Plug (Systematician),Dream Thief,Stephen Lawhead,A person who draws information from diverse areas of knowledge.,No,N/A,N/A,N/A,N/A,Atoms,
,1983,AM-280 Needle Rifle,A Matter For Men,David Gerrold,Device shoots a stream of steel needles.,No,N/A,N/A,N/A,N/A,Atoms,
,1983,Revitalizer Console.,Millenium,John Varley,"A kind of automated medical marvel; it optimizes your body chemistry for better health, tops off your fluids, etc.",No,N/A,N/A,N/A,N/A,Atoms,
,1983,Tether Space Station,Tank Farm Dynamo,David Brin,"A station in two parts, separated by a one hundred mile tether.",No,N/A,N/A,N/A,N/A,Atoms,
,1937,Multiple Sample Voice,The Shining One,Nat Schachner,"The use of multiple voice samples to create a single, smoothed voice.",Yes,Tech companies,Speech synthesis,1970s,Generating artificial speech,Bits,
,1937,Electelscope,The Cavern of the Shining Pool,Leo Zagat,Telescope uses electronics applied to optics.,Yes,Observatories,Radio telescopes,1930s,Using radio waves for astronomy,Bits,
,1983,Big Computer,Millenium,John Varley,Just like it says; this computer knows it all.,No,N/A,N/A,N/A,N/A,Bits,
,1983,Gnome,Millenium,John Varley,"A person who requires so much life support, they are built into the chair.",No,N/A,N/A,N/A,N/A,Atoms,
,1983,Post Office,Millenium,John Varley,A vault used to store time capsules left by travelers to the past; not your usual delivery service.,No,N/A,N/A,N/A,N/A,Atoms,
,1983,Cerebral Microprocessors,Millenium,John Varley,Added boost for maxxed out minds.,No,N/A,N/A,N/A,N/A,Atoms,
,1983,Timepress,Millenium,John Varley,A device that makes time go more quickly in a limited area.,No,N/A,N/A,N/A,N/A,Atoms,
,1937,Groundcar (or Ground Car),Galactic Patrol,E.E. 'Doc' Smith,"A non-skimming, non-flying vehicle.",Yes,Car manufacturers,Cars,Late 1800s,Regular wheeled vehicle,Atoms,
,1983,Speedcap,Millenium,John Varley,"Short for speed capsule (?); sometimes, going ballistic is the fastest way to get there.",No,N/A,N/A,N/A,N/A,Atoms,
,1983,Wimp Vault,Millenium,John Varley,Lots of spare bodies.,No,N/A,N/A,N/A,N/A,Atoms,
,1983,Scooter,Against Infinity,Gregory Benford,Biotechnology working to bring you a better solar system - a creepy crawly created to do terraforming work on Jupiter's moon.,No,N/A,N/A,N/A,N/A,Atoms,
,1937,Robot Dog,The Iron World,Otis Adelbert Kline,"A mechanical, robotic dog.",Yes,Robotics companies,Robot dogs,1990s,Lifelike robot companion,Atoms,
,1938,Etherphone Receiver,Hotel Cosmos,Raymond Z. Gallun,A special earpiece to hear coded updates.,Yes,Telecom companies,Headsets,1920s,Personal audio receivers,Atoms,
,1938,Artificially Produced Speech,Hotel Cosmos,Raymond Z. Gallun,"Speech produced by mechanical means, rather than with vocal chords.",Yes,Tech companies,Speech synthesis,1970s,Generating artificial speech,Bits,
,1983,Wimp,Millenium,John Varley,"A special-purpose body; grown without personality, but physically intact.",No,N/A,N/A,N/A,N/A,Atoms,
,1983,Twonky,Millenium,John Varley,"A futuristic artifact left by time travelers in the past which, if discovered, could cause a paradox.",No,N/A,N/A,N/A,N/A,Atoms,
,1983,Skinsuit,Millenium,John Varley,"Wearable artificial, full-body skin.",No,N/A,N/A,N/A,N/A,Atoms,
,1982,SAL 9000,2010: Odyssey Two,Arthur C. Clarke,Successor to the HAL 9000.,No,N/A,N/A,N/A,N/A,Bits,
,1982,Voight-Kampff Test,Blade Runner,Ridley Scott,A test intended to distinguish human beings from replicants.,No,N/A,N/A,N/A,N/A,Bits,
,1982,Cutoff Switch,2010: Odyssey Two,Arthur C. Clarke,A means of instantaneously switching off an artificial intelligence.,No,N/A,N/A,N/A,N/A,Bits,
,1982,Command Microphone,Diplomat At Arms,Keith Laumer,A cloak that served as a microphone and public address system.,No,N/A,N/A,N/A,N/A,Atoms,
,1982,Advertising Airship,Blade Runner,Ridley Scott,A dirigible capable of reproducing full-color video ads on its sides.,No,N/A,N/A,N/A,N/A,Atoms,
,1938,Robot Animals,Reunion on Ganymede,Clifford Simak,Artificial animals created using robotic elements.,Yes,Robotics companies,Robot pets,1990s,Lifelike robot animals,Atoms,
,1982,Designer Eyes,Blade Runner,Ridley Scott,Genetic designers create better-than-perfect eyes for replicants.,No,N/A,N/A,N/A,N/A,Atoms,
,1982,Mindwipe,Mindkiller,Spider Robinson,A process that selectively and effectively erases human memory.,No,N/A,N/A,N/A,N/A,Atoms,
,1982,Flying Car,Blade Runner,Ridley Scott,Flying police car has VTOL.,No,N/A,N/A,N/A,N/A,Atoms,
,1982,Trip-Box,Eye of Cat,Roger Zelazny,A teleportation device.,No,N/A,N/A,N/A,N/A,Atoms,
,1982,UHF Shower,Eye of Cat,Roger Zelazny,"And ultra high frequency shower, which do used energy instead of water to wash off.",No,N/A,N/A,N/A,N/A,Atoms,
,1982,Genetically Tailored Trees,Eye of Cat,Roger Zelazny,Trees that had been genetically altered to produce and concentrate usable oil.,No,N/A,N/A,N/A,N/A,Atoms,
,1982,Shipstone,Friday,Robert Heinlein,"A lot of power in a small, manufactured package.",No,N/A,N/A,N/A,N/A,Atoms,
,1938,Pneumatic Bumpers,The Brain Pirates,John W. Campbell,An inflatable bumper system for ground-based motor vehicles.,Yes,Car manufacturers,Inflatable car bumpers,1950s,Cushion impacts,Atoms,
,1982,Heritable Memories Bloodline,The Time of the Dark,Barbara Hambly,Using magical means to tie specific memories to the bloodlines of selected families.,No,N/A,N/A,N/A,N/A,Atoms,
,1982,Beanstalk,Friday,Robert Heinlein,Clever name for the space elevator.,No,N/A,N/A,N/A,N/A,Atoms,
,1982,Public Eye,Friday,Robert Heinlein,"A floating, free-roaming surveillance camera.",No,N/A,N/A,N/A,N/A,Atoms,
,1938,Gogglelike Televisors,The Robot and the Lady,Manly Wade Wellman,A screen technology placed very close to the eyes.,Yes,Consumer electronics,VR headsets,2010s,Immersive displays,Atoms,
,1981,Gravity Whip,Dream Park,Larry Niven (w/S. Barnes,A roller coaster designe to provide riders with a 'zero G' experience.,No,N/A,N/A,N/A,Fictional technology in the novel,Atoms,
,1981,Big Noodle,The Divine Invasion,Philip K. Dick,A vast artificial intelligence system used to process all of Earth's information.,No,N/A,N/A,N/A,Fictional AI system in the novel,Bits,
,1981,Dream Park,Dream Park,Larry Niven (w/S. Barnes,A vacation theme park in which the visitors participated fully in the different environments.,No,N/A,N/A,N/A,Fictional concept in the novel,Atoms,
,1981,Tapeworm Tranquilizer,Revolution from Rosinante,Alexis Arnaldus Gilliland,Robotic suppository dispenses tranquilizer.,No,N/A,N/A,N/A,Fictional technology in the novel,Atoms,
,1981,Virtual World Kiss,True Names,Vernor Vinge,Kissing mediated by a computer system.,No,N/A,N/A,N/A,Fictional concept in the novel,Bits,
,1981,Sensory Skinsuit,Dream Park,Larry Niven (w/S. Barnes,A form-fitting garment with sensory connections.,No,N/A,N/A,N/A,Fictional technology in the novel,Atoms,
,1981,Telepresence Bulldozer,Oath of Fealty,Jerry Pournelle (w/L. Niven,A bulldozer on the Moon that is operated remotely by a driver on Earth.,No,N/A,N/A,N/A,Fictional concept in the novel,Bits,
,1981,Portal,True Names,Vernor Vinge,Sensory experience of a data network.,No,N/A,N/A,N/A,Fictional concept in the novel,Bits,
,1938,Zero-Gravity,If Science Reached the Earth's Core,John R. Binder,A state in which gravity is effectively absent or cancelled out.,Yes,"NASA, Space agencies",Microgravity,1950s,Weightlessness in space,Bits,
,1981,Iceberg Water Tub,Oath of Fealty,Jerry Pournelle (w/L. Niven,An enormous bag or tub that encloses an iceberg used to supply fresh water.,No,N/A,N/A,N/A,Fictional technology in the novel,Atoms,
,1981,Cyborg Dolphin (Jones),Johnny Mnemonic,William Gibson,A heavily modified war surplus dolphin.,No,N/A,N/A,N/A,Fictional concept in the story,Atoms,
,1981,Communications Implant,Oath of Fealty,Jerry Pournelle (w/L. Niven,A surgically implanted device enabling the user to communicate with computer networks.,No,N/A,N/A,N/A,Fictional technology in the novel,Bits,
,1981,Ridulian Crystal Sheets,God Emperor of Dune,Frank Herbert,"Exceptionally strong, surpassingly thin material.",No,N/A,N/A,N/A,Fictional material in Dune,Atoms,
,1981,Dictatel,God Emperor of Dune,Frank Herbert,A thought-based dictating machine.,No,N/A,N/A,N/A,Fictional technology in Dune,Bits,
,1981,Todos Santos Independency,Oath of Fealty,Jerry Pournelle (w/L. Niven,A city enclosed in a single building.,No,N/A,N/A,N/A,Fictional concept in the novel,Atoms,
,1981,Sleeve Watch,Dream Park,Larry Niven (w/S. Barnes,Temporary watch imprinted on the sleeve of a chosen garment.,No,N/A,N/A,N/A,Fictional technology in the novel,Atoms,
,1981,Black square,God Emperor of Dune,Frank Herbert,A device for secret communication.,No,N/A,N/A,N/A,Fictional technology in Dune,Bits,
,1938,Visi-Screen,Satellite Five,Arthur K. Barnes,A display device.,Yes,Consumer electronics,Displays,1920s,Visual information screen,Bits,
,1980,Oort Cloud Processor,Beyond the Blue Event Horizon,Frederik Pohl,An alien ship that processes Oort cloud into food.,No,N/A,N/A,N/A,Fictional technology in the novel,Atoms,
,1980,Boosterspice,Ringworld Engineers,Larry Niven,A substance that extends human life almost indefinitely.,No,N/A,N/A,N/A,Fictional substance in Ringworld,Atoms,
,1980,Wristband Viewer,Changeling,Roger Zelazny,A device for viewing aerial surveillance images that fits on your wrist.,No,N/A,N/A,N/A,Fictional technology in the novel,Bits,
,1938,Automatic Commercial Deletion,Satellite Five,Arthur K. Barnes,Device automatically detects commercials and turns off the set for the duration.,Yes,Consumer electronics,Commercial skipping,2000s,Skip over ads on recordings,Bits,
,1980,Autonomously Recharging UAV,Changeling,Roger Zelazny,Unmanned aerial vehicles that recharge themselves automatically.,No,N/A,N/A,N/A,Fictional technology in the novel,Atoms,
,1980,Artificial Butterfly,Changeling,Roger Zelazny,"A mechanical, robotic butterfly.",No,N/A,N/A,N/A,Fictional robot in the novel,Atoms,
,1980,Absolute Black,Restaurant at the End of the Universe,Douglas Adams,A material so absolutely black that it absorbed all incident light.,No,N/A,N/A,N/A,Fictional material in the novel,Atoms,
,1980,Watercouch,Beyond the Blue Event Horizon,Frederik Pohl,"A couch filled with water, rather than springs and cushions.",No,N/A,N/A,N/A,Fictional furniture in the novel,Atoms,
,1980,Deep-Radar,Ringworld Engineers,Larry Niven,"Device to image within large objects, even within mountains.",No,N/A,N/A,N/A,Fictional technology in Ringworld,Bits,
,1980,Wunderland Treatymaker,Ringworld Engineers,Larry Niven,A weapon based on a power mining technique - a bit more advanced than a shovel.,No,N/A,N/A,N/A,Fictional weapon in Ringworld,Atoms,
,1980,Jumble-Box,Changeling,Roger Zelazny,A device that jumbles sensory input.,No,N/A,N/A,N/A,Fictional technology in the novel,Bits,
,1980,Tracer-Bird,Changeling,Roger Zelazny,A prototype surveillance drone; a mechanical bird.,No,N/A,N/A,N/A,Fictional robot in the novel,Atoms,
,1938,Artificial Eye Drone,Glimpse,Manly Wade Wellman,A remote flying device that transmits its view to the operator.,Yes,Defense contractors,Surveillance drones,1970s,Remotely piloted aircraft,Atoms,
,1980,Fuligin,The Shadow of the Torturer,Gene Wolfe,A material the color of which is blacker than black.,No,N/A,N/A,N/A,Fictional material in the novel,Atoms,
,1979,Whale Waldo,Sundiver,David Brin,"An electromechanical whale ""suit"" that obeys and amplifies your body's motions.",No,N/A,N/A,N/A,N/A,Atoms,
,1979,Spider,The Web Between the Worlds,Charles Sheffield,A robotic device that both extruded cable and climbed along it; a space construction robot.,No,N/A,N/A,N/A,N/A,Atoms,
,1979,Bulerite,Macrolife,George Zebrowski,"A building material, too good to be true, with hidden properties.",No,N/A,N/A,N/A,N/A,Atoms,
,1979,Marvin the Robot,The Hitchhiker's Guide to the Galaxy,Douglas Adams,Another fine robot from the marketing division of the Sirius Cybernetics Corporation,No,N/A,N/A,N/A,N/A,Atoms,
,1979,Deep Thought,The Hitchhiker's Guide to the Galaxy,Douglas Adams,The second-largest computer ever made.,No,N/A,N/A,N/A,N/A,Bits,
,1979,Babel Fish,The Hitchhiker's Guide to the Galaxy,Douglas Adams,"A living fish which, when placed in your ear, will live there and translate any form of language for you.",No,N/A,N/A,N/A,N/A,Atoms,
,1939,Space Charts,After World's End,Jack Williamson,A pictorial representation of suns in space.,Yes,Astronomers,Star charts,Ancient times,Maps of the night sky,Bits,
,1979,Receptor Tape,The Face,Jack Vance,"A thin, flexible material that can pick up sounds.",No,N/A,N/A,N/A,N/A,Atoms,
,1979,Whoopee Drive,Space Angel,John Maddox Roberts,Spacecraft propulsion.,No,N/A,N/A,N/A,N/A,Atoms,
,1979,Gundarium,Mobile Suit Gundam,Yoshiyuki Tomino,"A very sturdy, high-tensile composite.",No,N/A,N/A,N/A,N/A,Atoms,
,1939,Directed Cars in Tunnels,The Lord of Tranerica,Stanton A. Coblentz,Self-driving vehicles.,Yes,Car manufacturers,Self-driving cars,2020s,Autonomous vehicles,Atoms,
,1979,Mobile Armor,Mobile Suit Gundam,Yoshiyuki Tomino,Heavilly armed spacecraft with limbs.,No,N/A,N/A,N/A,N/A,Atoms,
,1979,Solar Flare System,Mobile Suit Gundam,Yoshiyuki Tomino,Space-based parabolic reflector that focuses light for destructive purposes.,No,N/A,N/A,N/A,N/A,Atoms,
,1979,Wire-Gun,Mobile Suit Gundam,Yoshiyuki Tomino,Device that aids movement in microgravity.,No,N/A,N/A,N/A,N/A,Atoms,
,1939,Robot Observatory,Space Rating,John Berryman,"A fully automated astronomical observatory, placed on a planet (typically, one that does not support human life).",Yes,Astronomers,Robotic telescopes,1990s,Unmanned observatories,Bits,
,1979,Joo Janta 200 Super-Chromatic Peril Sensitive Sunglasses,The Hitchhiker's Guide to the Galaxy,Douglas Adams,Sunglasses that darken at the sight of danger.,No,N/A,N/A,N/A,N/A,Atoms,
,1979,Supertank,Hammer's Slammers,David Drake,An air-cushioned armored combat vehicle powered by a fusion generator.,No,N/A,N/A,N/A,N/A,Atoms,
,1979,Minovsky Particles,Mobile Suit Gundam,Yoshiyuki Tomino,A custom-generated subatomic particle with many technological applications.,No,N/A,N/A,N/A,N/A,Atoms,
,1979,Powergun,Hammer's Slammers,David Drake,A directed energy weapon.,No,N/A,N/A,N/A,N/A,Atoms,
,1979,Mobile Suit,Mobile Suit Gundam,Yoshiyuki Tomino,A giant (typically 18 meters tall) humanoid-shaped armored combat vehicle.,No,N/A,N/A,N/A,N/A,Atoms,
,1979,Coal Mole,The Web Between the Worlds,Charles Sheffield,"Robotic device for asteroid mining chews through the interior, preparing raw materials for use",No,N/A,N/A,N/A,N/A,Atoms,
,1979,Needles (Chocolate and Vanilla),Sundiver,David Brin,Inflated towers reaching 20 miles out of Earth's atmosphere.,No,N/A,N/A,N/A,N/A,Atoms,
,1979,GPP Genuine People Personalities,The Hitchhiker's Guide to the Galaxy,Douglas Adams,Giving mechanisms their own unique affect.,No,N/A,N/A,N/A,N/A,Bits,
,1979,Self-Satisfied Door,The Hitchhiker's Guide to the Galaxy,Douglas Adams,A door that is much more satisfied with its functionality than it has any right to be.,No,N/A,N/A,N/A,N/A,Atoms,
,1979,Infinite Improbability Drive,The Hitchhiker's Guide to the Galaxy,Douglas Adams,"Generates a field in which anything, no mater how improbable, can exist.",No,N/A,N/A,N/A,N/A,Atoms,
,1979,Sub-Etha Sens-O-Matic,The Hitchhiker's Guide to the Galaxy,Douglas Adams,A device which senses passing spacecraft; essential tool of interstellar hitchhikers,No,N/A,N/A,N/A,N/A,Atoms,
,1979,Nutri-Matic,The Hitchhiker's Guide to the Galaxy,Douglas Adams,A drink dispenser that scans the person to determine what might go down well.,No,N/A,N/A,N/A,N/A,Atoms,
,1978,Spider Space Elevator Test Vehicle,The Fountains of Paradise,Arthur C. Clarke,A robotic testing device for the cables of a space elevator.,No,N/A,N/A,N/A,N/A,Atoms,
,1978,Hyperfilament,The Fountains of Paradise,Arthur C. Clarke,A very high tensile strength material structured as a long thin line or ribbon.,No,N/A,N/A,N/A,N/A,Atoms,
,1978,Space Elevator (Orbital Tower),The Fountains of Paradise,Arthur C. Clarke,A physical link between a point on the surface of the Earth and a satellite in geosynchronous orbit.,No,N/A,N/A,N/A,N/A,Atoms,
,1978,1D Diamond Crystal,The Fountains of Paradise,Arthur C. Clarke,A continuous pseudo-one dimensional diamond crystal- maybe a nanotube?,No,N/A,N/A,N/A,N/A,Atoms,
,1978,Operation Cleanup,The Fountains of Paradise,Arthur C. Clarke,The program that removed space debris in LEO that could harm the space elevator.,No,N/A,N/A,N/A,N/A,Atoms,
,1978,Orbiting Factories,The Fountains of Paradise,Arthur C. Clarke,Manufacturing centers in orbit around the Earth.,No,N/A,N/A,N/A,N/A,Atoms,
,1978,Spinnerettes,The Fountains of Paradise,Arthur C. Clarke,A device that will unspool a nanowire filament and then pull it back in.,No,N/A,N/A,N/A,N/A,Atoms,
,1977,Ghostsmoke,The Ophiuchi Hotline,John Varley,An advertisement projected onto a fine mist.,No,N/A,N/A,N/A,Fictional technology in the novel,Atoms,
,1977,Life Bank,The Ophiuchi Hotline,John Varley,A storage facility with the genetic material that was produced by Earth's ecosystem.,No,N/A,N/A,N/A,Fictional technology in the novel,Atoms,
,1977,Null-Suit,The Ophiuchi Hotline,John Varley,A device that projects a field of force that acts like a space suit.,No,N/A,N/A,N/A,Fictional technology in the novel,Bits,
,1939,Microsurgery Tool,Masson's Secret,Raymond Z. Gallun,Miniaturized device for surgical precision.,Yes,Medical device companies,Microsurgery,1960s,Small-scale surgery,Atoms,
,1977,Nullfield,The Ophiuchi Hotline,John Varley,A field of energy that creates a barrier.,No,N/A,N/A,N/A,Fictional technology in the novel,Bits,
,1977,Centrifuge Room,The Ophiuchi Hotline,John Varley,A small room on a planetoid that is spun to create artificial gravity.,No,N/A,N/A,N/A,Fictional technology in the novel,Atoms,
,1977,Alien Zoo,The Dosadi Experiment,Frank Herbert,A zoo that brings together plants and animals from many planets.,No,N/A,N/A,N/A,Fictional concept in the novel,Atoms,
,1977,Antiholo Generator,The Ophiuchi Hotline,John Varley,Dispels intrusive hologram advertisements.,No,N/A,N/A,N/A,Fictional technology in the novel,Bits,
,1977,Genoprinter,The Ophiuchi Hotline,John Varley,A device that does a 'live capture' of a biometric skin sample.,No,N/A,N/A,N/A,Fictional technology in the novel,Atoms,
,1977,Holomist,The Ophiuchi Hotline,John Varley,A means of projecting a commercial message onto a fine spray.,No,N/A,N/A,N/A,Fictional technology in the novel,Atoms,
,1939,Robot Surgery,Secret of the Buried City,John Russell Fearn,Robots operate an advance operating theater.,Yes,Medical companies,Surgical robots,2000s,Robotic surgical assistants,Atoms,
,1977,Holo-Cube,A Scanner Darkly,Philip K. Dick,"A very large holographic display, that a person could walk into.",No,N/A,N/A,N/A,Fictional technology in the novel,Bits,
,1977,Transmitter Eyes,The Dosadi Experiment,Frank Herbert,Closed circuit cameras that provided sight and sound to remote viewers of the Courtarena who wish to remain anonymous.,No,N/A,N/A,N/A,Fictional surveillance technology in the novel,Bits,
,1939,Synthetic Spider Silk,Misfit,Robert Heinlein,Artificial fabric thread as strong as steel.,Yes,Materials science,Synthetic spider silk,2010s,Biomimetic super-material,Atoms,
,1939,Ballistic Calculator,Misfit,Robert Heinlein,An on-board computer for a spaceship to calculate its course and perform other related tasks.,Yes,"NASA, aerospace",Onboard computers,1960s,Spacecraft guidance systems,Bits,
,1977,Holo-Printing,A Scanner Darkly,Philip K. Dick,Errors introduced in data storage media when recording under improper conditions.,No,N/A,N/A,N/A,Fictional concept in the novel,Bits,
,1977,Holo-Scanner,A Scanner Darkly,Philip K. Dick,A small portable device that acquired holographic surveillance images.,No,N/A,N/A,N/A,Fictional technology in the novel,Bits,
,1977,Skitter,The Dosadi Experiment,Frank Herbert,"A small passenger vehicle, for two beings, which uses a steering bar. It is parked in a structure that parks and releases vehicles automatically.",No,N/A,N/A,N/A,Fictional vehicle in the novel,Atoms,
,1977,Uniflesh,The Dosadi Experiment,Frank Herbert,A type of artificial skin and underlying flesh.,No,N/A,N/A,N/A,Fictional biotechnology in the novel,Atoms,
,1977,Sonabarrier,The Dosadi Experiment,Frank Herbert,"A type of energy fence, used to keep birds away from particular areas.",No,N/A,N/A,N/A,Fictional technology in the novel,Bits,
,1977,Taprisiot,The Dosadi Experiment,Frank Herbert,"A kind of symbiote, which attuned itself to the user, allowing an expansion of consciousness - telepathic communication anywhere in the galaxy in real time.",No,N/A,N/A,N/A,Fictional biotechnology in the novel,Atoms,
,1977,Zoo Fences,The Dosadi Experiment,Frank Herbert,Caustic water moat,No,N/A,N/A,N/A,Fictional technology in the novel,Atoms,
,1939,Polyceltron Iconoscope Televisor,Newscast,Harl Vincent,A portable camera and microphone setup that could broadcast on-the-spot news.,Yes,Broadcasting,Portable television cameras,1930s,Mobile video reporting,Bits,
,1977,Bedog,The Dosadi Experiment,Frank Herbert,A sentient creature designed to be a bed.,No,N/A,N/A,N/A,Fictional creature in the novel,Atoms,
,1977,Caleban Contact,The Dosadi Experiment,Frank Herbert,A form of telepathy based on the use of unimaginably enormous amounts of energy.,No,N/A,N/A,N/A,Fictional concept in the novel,Bits,
,1977,Flexible Sprung Boots,Inherit the Stars,James P. Hogan,"Boots designed to be flexible when walking, but upon a hard step, will have a spring characteristic.",No,N/A,N/A,N/A,Fictional technology in the novel,Atoms,
,1939,Stereoscopic Vernier and Cube,Sinister Barrier,Eric Frank Russell,A means of photographing in depth.,Yes,Photography,3D cameras,1980s,Capturing stereo images,Bits,
,1977,Taprisiot Monitor Bead,The Dosadi Experiment,Frank Herbert,A small bead to be swallowed that allowed the thoughts of a person to be transmitted and recorded during a specified interval.,No,N/A,N/A,N/A,Fictional surveillance technology in the novel,Bits,
,1939,Radio-Facsimile Receiver,"Ben Gleed, King of Speed",Don Wilcox,A device that prints a newspaper in your home.,Yes,Telecoms,Fax machines,1960s,Transmit printed pages,Bits,
,1977,Cephalochromoscope (Cephscope),A Scanner Darkly,Philip K. Dick,A brain-scan device with a screen to display neural patterns.,No,N/A,N/A,N/A,Fictional medical technology in the novel,Bits,
,1939,Solar-Powered Robot,Rust,Joseph E. Kelleam,A robot powered by sunlight.,Yes,Robotics companies,Solar-powered robots,2010s,Robots with solar cells,Atoms,
,1977,Grapple Tracks,The Dosadi Experiment,Frank Herbert,A means of automating the process of parking and releasing passenger vehicles from a parking garage.,No,N/A,N/A,N/A,Fictional technology in the novel,Atoms,
,1939,Visual Pattern Recognition,Rust,Joseph E. Kelleam,A robot's ability to respond to programmed visual stimulus,Yes,Tech companies,Computer vision,1960s,Image analysis by computer,Bits,
,1977,Armored Clothing,The Dosadi Experiment,Frank Herbert,Ordinary apparel that contained both armor and muscle amplification devices.,No,N/A,N/A,N/A,Fictional technology in the novel,Atoms,
,1977,Swimming Tubes,The Dosadi Experiment,Frank Herbert,Used to connect buildings for use by amphibious species.,No,N/A,N/A,N/A,Fictional technology in the novel,Atoms,
,1977,Tracked Vehicle,The Dosadi Experiment,Frank Herbert,"A heavily armored vehicle, typical of those in use, with a remarkable agility.",No,N/A,N/A,N/A,Fictional vehicle in the novel,Atoms,
,1977,Personality Simulator,The Dosadi Experiment,Frank Herbert,"A device which, when fed enough data about a person, simulated their personality allowing the user to predict behavior in stated circumstances.",No,N/A,N/A,N/A,Fictional technology in the novel,Bits,
,1977,Javelin,The Ophiuchi Hotline,John Varley,A spacer who modified herself to more easily live in space.,No,N/A,N/A,N/A,Fictional concept in the novel,Atoms,
,1977,Symb,The Ophiuchi Hotline,John Varley,A symbiont life form that provides its human with life-giving energy.,No,N/A,N/A,N/A,Fictional creature in the novel,Atoms,
,1977,Substance D,A Scanner Darkly,Philip K. Dick,"An addictive, psychoactive drug.",No,N/A,N/A,N/A,Fictional drug in the novel,Atoms,
,1977,Daily Schedule (DS),The Dosadi Experiment,Frank Herbert,"The DS was an artificially intelligent day planner, a schedule keeper with voice recognition features; it also talked back when necessary.",No,N/A,N/A,N/A,Fictional AI technology in the novel,Bits,
,1977,Graluz,The Dosadi Experiment,Frank Herbert,"A contained, concealed breeding pond for the frog-like Gowachin.",No,N/A,N/A,N/A,Fictional technology in the novel,Atoms,
,1977,Chameleon Cloth,Dying of the Light,George RR Martin,Clothing that changes color and pattern to match its surroundings.,No,N/A,N/A,N/A,Fictional material in the novel,Atoms,
,1977,Sky-Scoot,Dying of the Light,George RR Martin,A patch of antigravity foil used for flying.,No,N/A,N/A,N/A,Fictional technology in the novel,Atoms,
,1977,Glowstone,Dying of the Light,George RR Martin,A mineral that absorbs light by day and emits it by night.,No,N/A,N/A,N/A,Fictional material in the novel,Atoms,
,1977,Network Monitoring Detection,The Dosadi Experiment,Frank Herbert,Detection of someone monitoring your computer workstation,No,N/A,N/A,N/A,Fictional technology in the novel,Bits,
,1977,Trimagniscope,Inherit the Stars,James P. Hogan,A device that produced a usable cross-sectional image of any part of an object.,No,N/A,N/A,N/A,Fictional technology in the novel,Bits,
,1977,Darkdawn City,Dying of the Light,George RR Martin,An entire city that is tuned to be played by the winds.,No,N/A,N/A,N/A,Fictional city in the novel,Atoms,
,1977,Memory Recording,The Ophiuchi Hotline,John Varley,A means of recording the entirety of a person's experience and personality.,No,N/A,N/A,N/A,Fictional technology in the novel,Bits,
,1977,Pork Tree,The Ophiuchi Hotline,John Varley,A plant that produces an analog to animal meat.,No,N/A,N/A,N/A,Fictional creature in the novel,Atoms,
,1977,Rogue World,Dying of the Light,George RR Martin,"A celestial nomad, a planetary body that is not tied to a particular sun.",No,N/A,N/A,N/A,Fictional celestial object in the novel,Atoms,
,1940,Rocket-Belt,The Worlds of Tomorrow,Manly Wade Wellman,A single-user propulsion pack.,Yes,Aviation companies,Jet packs,1960s,Personal rocket device,Atoms,
,1977,Gravity Train,The Ophiuchi Hotline,John Varley,An underground railway system that utilizes gravity for acceleration.,No,N/A,N/A,N/A,Fictional technology in the novel,Atoms,
,1977,Scramble Suit,A Scanner Darkly,Philip K. Dick,"A superthin membrane upon which are projected the characteristics of a million different people, it confers instant anonymity.",No,N/A,N/A,N/A,Fictional technology in the novel,Atoms,
,1940,Planetfall,Quicksands of Youthwardness,Malcolm Jameson,Making a landing on a planet from space.,Yes,"NASA, Space agencies",Planetary landings,1960s,Landing astronauts on other worlds,Atoms,
,1977,High Kavalaan Aircar,Dying of the Light,George RR Martin,Flying SUV equipped with laser weapons.,No,N/A,N/A,N/A,Fictional vehicle in the novel,Atoms,
,1976,Rhennius Machine,Doorways in the Sand,Roger Zelazny,"Device of alien manufacture, which will reverse, or turn inside out, any object passed through its mobilator.",No,N/A,N/A,N/A,Fictional technology in the novel,Atoms,
,1940,Lighting Panel,Let There Be Light,Lyle Monroe,A large panel that presents illumination without heat.,Yes,Lighting companies,LED panels,1960s,Solid-state lighting,Bits,
,1940,Solar Power Screen,Let There Be Light,Lyle Monroe,"Absorb all solar energy, and emit electrical energy.",Yes,Solar companies,Photovoltaic panels,1950s,Converts sunlight into electricity,Bits,
,1940,Ferretscope,If This Goes On...,Robert Heinlein,A counter-surveillance tool to detect the presence of listening devices.,Yes,Security companies,Bug detectors,1950s,Find hidden listening devices,Bits,
,1976,Dog Suit,Doorways in the Sand,Roger Zelazny,"A disguise worn by an alien detective, allowing him to look just like a domestic canine.",No,N/A,N/A,N/A,Fictional technology in the novel,Atoms,
,1976,Star Stone (Speicus),Doorways in the Sand,Roger Zelazny,"An artificial intelligence shaped like a rock, which can communicate with living organisms telepathically.",No,N/A,N/A,N/A,Fictional AI in the novel,Bits,
,1976,Moon Moth,The Moon Moth,Jack Vance,A rather plain and timid mask.,No,N/A,N/A,N/A,Fictional item in the novel,Atoms,
,1976,Dray-Fish,The Moon Moth,Jack Vance,Large fish trained to be harnessed to large houseboats.,No,N/A,N/A,N/A,Fictional creature in the novel,Atoms,
,1976,Sonic Curtain (Sound Lock),My Name is Legion,Roger Zelazny,An undersea sound curtain that keeps larger animals out.,No,N/A,N/A,N/A,Fictional technology in the novel,Bits,
,1940,Soft Speaker,The Exhalted,L. Sprague de Camp,A device that sends a tightly-controlled beam of sound.,Yes,Audio companies,Directional speakers,2000s,Focused sound beams,Bits,
,1976,Sensor Arm,Star Wars,George Lucas,An extendable multipurpose sensor cluster.,No,N/A,N/A,N/A,Fictional droid component in Star Wars,Atoms,
,1976,Stimic,The Moon Moth,Jack Vance,A musical instrument consisting of three flutelike tubes equipped with plungers; thumb and forefinger squeeze a bag to force air across the mouthpieces.,No,N/A,N/A,N/A,Fictional musical instrument in the novel,Atoms,
,1976,Empty Man,A World Out of Time,Larry Niven,"A fully-functioning body, the personality of which had been wiped clean.",No,N/A,N/A,N/A,Fictional concept in the novel,Atoms,
,1976,Droid (Star Wars),Star Wars,George Lucas,"A contraction of ""android"", it actually describes one of a variety of robots.",No,N/A,N/A,N/A,Fictional robot technology in Star Wars,Atoms,
,1940,Pocket-Caller,The Worlds of Tomorrow,Manly Wade Wellman,Private communication device that fits in your pocket.,Yes,Telecom companies,Mobile phones,1970s,Portable communication,Atoms,
,1976,Comlink,Star Wars,George Lucas,Short for communications link; a small portable communicator.,No,N/A,N/A,N/A,Fictional communication technology in Star Wars,Atoms,
,1976,"Escape Pod (Life Pod, Boat Pod)",Star Wars,George Lucas,"A small ship used solely as a ""life boat.""",No,N/A,N/A,N/A,Fictional spacecraft in Star Wars,Atoms,
,1976,Bussard Ramjet,A World Out of Time,Larry Niven,Propulsion method that scoops hydrogen atoms from space via electromagnetic fields.,No,N/A,N/A,N/A,Hypothetical propulsion system,Atoms,
,1976,Vaporator,Star Wars,George Lucas,A device which extracted moisture from the air for use in farming.,No,N/A,N/A,N/A,Fictional technology in Star Wars,Atoms,
,1976,Landspeeder,Star Wars,George Lucas,A small repulsion-based hovercraft capable of high speeds over flat terrain.,No,N/A,N/A,N/A,Fictional vehicle in Star Wars,Atoms,
,1976,Death Star,Star Wars,George Lucas,The logical endpoint of a galactic empire.,No,N/A,N/A,N/A,Fictional superweapon in Star Wars,Atoms,
,1976,Biological Package Probe,A World Out of Time,Larry Niven,,No,N/A,N/A,N/A,N/A,Atoms,
,1976,Restraining Bolt,Star Wars,George Lucas,A device that makes sure a robot does what you want (rather than what it wants).,No,N/A,N/A,N/A,Fictional technology in Star Wars,Atoms,
,1976,Deflector Shield,Star Wars,George Lucas,A energy field used to shunt the energy of offensive weapons aside.,No,N/A,N/A,N/A,Fictional technology in Star Wars,Bits,
,1976,Supralight Drive,Star Wars,George Lucas,A propulsion system that allows a spacecraft to travel faster than light.,No,N/A,N/A,N/A,Fictional propulsion technology in Star Wars,Atoms,
,1976,R2-D2 (Artoo-Detoo),Star Wars,George Lucas,"Now the generic term for a small, maneuverable robot.",No,N/A,N/A,N/A,Fictional droid in Star Wars,Atoms,
,1976,Bubble Car,A World Out of Time,Larry Niven,"Self-steering, hovering, this is the car of the future.",No,N/A,N/A,N/A,Fictional vehicle technology,Atoms,
,1976,RNA Shots,A World Out of Time,Larry Niven,An injection prepared from the tissues of a person with knowledge or experience that you need.,No,N/A,N/A,N/A,Fictional medical technology,Atoms,
,1976,RUMOKO,My Name is Legion,Roger Zelazny,A project to create additional land surface by deliberate stimulation of undersea volcanoes.,No,N/A,N/A,N/A,Fictional geoengineering project,Atoms,
,1976,Hangman,My Name is Legion,Roger Zelazny,A telefactoring device that also was able to function independently.,No,N/A,N/A,N/A,Fictional robot technology,Atoms,
,1940,Solar Reception Screen,The Roads Must Roll,Robert Heinlein,A device for converting sunlight to electricity,Yes,Solar companies,Photovoltaics,1950s,Convert sunlight to electricity,Bits,
,1976,Womb Room,A World Out of Time,Larry Niven,The ultimate ship's bridge.,No,N/A,N/A,N/A,Fictional spacecraft component,Atoms,
,1976,Gravity-assisted Subway,A World Out of Time,Larry Niven,The fastest way between continents (that does not entail leaving the ground).,No,N/A,N/A,N/A,Hypothetical transportation system,Atoms,
,1976,Lightsaber,Star Wars,George Lucas,A sword the blade of which is formed by a beam of visible light which cuts like a laser.,No,N/A,N/A,N/A,Fictional weapon in Star Wars,Atoms,
,1940,Steel Tortoise,Coventry,Robert Heinlein,"An all-terrain vehicle, grandfather to the four-wheeler.",Yes,Vehicle manufacturers,ATVs,1960s,Off-road recreational vehicle,Atoms,
,1976,Sandcrawler,Star Wars,George Lucas,"A very large mobile home, used by jawas on the deserts of Tatooine.",No,N/A,N/A,N/A,Fictional vehicle in Star Wars,Atoms,
,1976,Young-Forever,A World Out of Time,Larry Niven,"A very particular formula for human immortality, which solves the most serious attendant problem (population explosion).",No,N/A,N/A,N/A,Fictional medicine,Atoms,
,1940,Sunpower Screen,Coventry,Robert Heinlein,A solar cell array used to provide power for a vehicle.,Yes,Solar companies,Solar panels,1950s,Generate electricity from sunlight,Bits,
,1940,Knockdown Cabin,Coventry,Robert Heinlein,A portable shelter; had solid walls and could be assembled quickly.,Yes,Construction companies,Prefabricated buildings,1900s,Ready-made structures,Atoms,
,1976,Zero-Time Jail,A World Out of Time,Larry Niven,A building in which an energy field prevents time from passing.,No,N/A,N/A,N/A,Fictional technology,Bits,
,1976,Remote (or Seeker Remote),Star Wars,George Lucas,A training aid for use by Jedi knights.,No,N/A,N/A,N/A,Fictional technology in Star Wars,Atoms,
,1940,Air Blast,Coventry,Robert Heinlein,An air dryer for personal use.,Yes,Appliance companies,Hand dryers,1900s,Electric air dryer,Bits,
,1976,Asymptotic Drive,Imperial Earth,Arthur C. Clarke,A propulsion drive that used a tiny black hole to generate energy.,No,N/A,N/A,N/A,Hypothetical propulsion system,Atoms,
,1940,Telechronometer,Blowups Happen,Robert Heinlein,A watch that synchronizes itself to a remote source.,Yes,Watchmakers,Radio-controlled watches,1960s,Set time using radio signals,Bits,
,1976,Magnetic Projector,The Space Beyond,John W. Campbell,Projects a vortex of magnetic force.,No,N/A,N/A,N/A,Fictional technology,Bits,
,1940,Synthetic Voice,The Amazon Fights Again,Thornton Ayre,Artificial human speech.,Yes,Tech companies,Speech synthesis,1970s,Generating artificial speech,Bits,
,1976,Skyhook,West of Honor,Jerry Pournelle,"Part dirigible, part plane.",No,N/A,N/A,N/A,Fictional aircraft,Atoms,
,1976,Habitable Exoplanet Moon,Star Wars,George Lucas,An Earthlike moon that orbits a gas giant.,No,N/A,N/A,N/A,Fictional celestial body,Atoms,
,1976,Tagalong,In the Bowl,John Varley,A backpack with legs; a robot that will carry things for you and match your movements.,No,N/A,N/A,N/A,Fictional robot,Atoms,
,1940,Darkened Glass Face Plate,The Achilles Heel,Raymond Z. Gallun,The use of darkened glass on the face plate of a space suit helmet to protect the wearer from solar radiation.,Yes,"NASA, SpaceX",Spacesuit visors,1960s,Protect astronauts from sunlight,Atoms,
,1976,Strakh,The Moon Moth,Jack Vance,The prestige or social prominence which serves as a medium of exchange on the planet Sirene.,No,N/A,N/A,N/A,Fictional currency,Bits,
,1976,Lunar Disneyland,The Phantom of Kansas,John Varley,A vast cavern excavated on the Moon - used for entertainment. Very large scale entertainment.,No,N/A,N/A,N/A,Fictional concept,Atoms,
,1976,Trans-Space Transmission,The Moon Moth,Jack Vance,A curious method of communication between worlds.,No,N/A,N/A,N/A,Fictional communication technology,Bits,
,1976,Sandtrout Glove,Children of Dune,Frank Herbert,"A living glove, formed of live creatures.",No,N/A,N/A,N/A,Fictional biotechnology,Atoms,
,1976,Keyboard With Changing Keys,Imperial Earth,Arthur C. Clarke,"A computer keyboard with keys faced with little displays, so the label could change based on the application or language.",No,N/A,N/A,N/A,Fictional computer interface,Bits,
,1976,Anabolic Protoplaser,"Spock, Messiah!",Theodore Cogswell (w/C. Spano,Uses laser light to repair wounds.,No,N/A,N/A,N/A,Fictional medical technology,Bits,
,1976,Bubble City,My Name is Legion,Roger Zelazny,Underwater domes provide living space for large communities.,No,N/A,N/A,N/A,Fictional habitation,Atoms,
,1976,3D 'Chess' Game Board,Star Wars,George Lucas,A flatbed 3D display which is used to play chess-style board games in three dimensions.,No,N/A,N/A,N/A,Fictional gaming technology,Bits,
,1976,Ixian Sight Mask,Children of Dune,Frank Herbert,Device to allow the blind to see.,No,N/A,N/A,N/A,Fictional medical technology,Bits,
,1940,Hydroponics,The Hydroponic Monster,Maria Moravsky,"Growing food without soil, typically from water saturated with nutrients.",Yes,Agriculture,Hydroponic farming,1930s,Soil-less plant growth,Atoms,
,1976,T.I.E. Fighter (Tie Fighter),Star Wars,George Lucas,A highly maneuverable fighter spacecraft using an ion drive propulsion system.,No,N/A,N/A,N/A,Fictional spacecraft in Star Wars,Atoms,
,1940,Space Shuttle,Hell Ship of Space,"Frederic Arnold Kummer, Jr.","A space-going vessel for trips from the surface of a planet to a ship in orbit, and back.",Yes,NASA,Space shuttles,1980s,Reusable orbital vehicle,Atoms,
,1976,Smother-Charge,My Name is Legion,Roger Zelazny,Molecularly-gimmicked explosive.,No,N/A,N/A,N/A,Fictional explosive,Atoms,
,1976,Nemourlon,West of Honor,Jerry Pournelle,Material for special body armor.,No,N/A,N/A,N/A,Fictional material,Atoms,
,1976,Neuristor Brain,My Name is Legion,Roger Zelazny,A computer device made up of neuristors.,No,N/A,N/A,N/A,Fictional computer technology,Bits,
,1941,Talking Speedometer,Biddiver,Theodore Sturgeon,A gauge that tells you its value verbally,Yes,Car manufacturers,Voice alerts,1990s,Audible driver notifications,Bits,
,1976,Environmental Happening,The Phantom of Kansas,John Varley,Weather created as a work of art.,No,N/A,N/A,N/A,Fictional concept,N/A,
,1976,Ion Cannon,Star Wars,George Lucas,Fires blasts of charged particles.,No,N/A,N/A,N/A,Fictional weapon in Star Wars,Atoms,
,1941,Traffic Control Camera,Methuselah's Children,Robert Heinlein,An automated camera system that photographs license plates as cars move past on a road system.,Yes,Governments,Traffic cameras,1960s,Automated monitoring,Bits,
,1941,Chatterbox' News-Receptor,Methuselah's Children,Robert Heinlein,An appliance for listening to the news that lacked content controls.,Yes,Tech companies,Smart speakers,2010s,Voice-controlled audio,Bits,
,1941,Automated Hotel Reservation,Methuselah's Children,Robert Heinlein,A hotel that did not use clerks; a self-service hotel.,Yes,Hospitality industry,Online booking,1990s,Digital reservations,Bits,
,1975,Modded Dog,The Shockwave Rider,John Brunner,A canine whose ancestors were genetically modified for higher intelligence; the trait breeds true in offspring.,No,N/A,N/A,N/A,N/A,Atoms,
,1941,Uranatomic,Backlash,Jack Williamson,An atomic pile that generates electricity.,Yes,Energy companies,Nuclear power,1950s,Electricity from nuclear reactions,Bits,
,1975,Coley Group,The Shockwave Rider,John Brunner,A musical form that involves dancing in a field of weak microwaves.,No,N/A,N/A,N/A,N/A,Atoms,
,1975,Net Shutdown Worm,The Shockwave Rider,John Brunner,A tapeworm designed to shut down a nationwide network in the event of national emergency.,No,N/A,N/A,N/A,N/A,Bits,
,1941,Newsbox (News-Receptor),Methuselah's Children,Robert Heinlein,Also referred to as a microviewer; could search media programming for news on a particular words used in the broadcast.,Yes,Tech companies,Smart speakers,2010s,Voice-controlled audio,Bits,
,1941,Space Overalls,Lost Rocket,Manly Wade Wellman,Light-duty space suit.,Yes,"NASA, SpaceX",Spacesuits,1960s,For spacewalks and surface EVAs,Atoms,
,1941,Roving Bomb,Lost Rocket,Manly Wade Wellman,Special zero-gee guided bomb.,Yes,Military,Guided bombs,1940s,Steerable munitions,Atoms,
,1941,Oxygen Freshener,Lost Rocket,Manly Wade Wellman,A device that removed carbon dioxide from air and replaced it with fresh oxygen.,Yes,"NASA, SpaceX",CO2 scrubbers,1960s,Removes CO2 on spacecraft,Bits,
,1941,Slidewalk,Sanity,Fritz Leiber,A moving sidewalk; a conveyor belt for people.,Yes,"Airports, malls",Moving walkways,1950s,Flat escalators,Atoms,
,1941,Parking Orbit,Methuselah's Children,Robert Heinlein,An orbit from which access to the planet's surface via a small auxiliary vessel is quick and uncomplicated.,Yes,"NASA, space agencies",Parking orbits,1960s,Holding orbits before landing,Bits,
,1941,Space Station,Backlash,Jack Williamson,"A base of operations in space, typically in orbit around a larger body.",Yes,"NASA, space agencies",Space stations,1970s,Orbiting research platforms,Atoms,
,1941,Stunner,Fire-Power,S.D. Gottesman,A non-lethal weapon; typically used like a firearm but only renders its victim unconscious.,Yes,Law enforcement,Stun guns,1970s,Electric shock weapons,Atoms,
,1975,Paid Avoidance Zone,The Shockwave Rider,John Brunner,"An area where the inhabitants agree, for a government-paid fee, to live without sophisticated services.",No,N/A,N/A,N/A,N/A,Atoms,
,1975,Inflatable Church,The Shockwave Rider,John Brunner,A church using an inflatable projection screen as an altar.,No,N/A,N/A,N/A,N/A,Atoms,
,1975,Autoporter,The Shockwave Rider,John Brunner,A device that carries your bag for you at airports.,No,N/A,N/A,N/A,N/A,Atoms,
,1975,Personal Smelter,The Shockwave Rider,John Brunner,"A device used to reduce metallic objects (like coins, pots, cables) to an ingot with known value.",No,N/A,N/A,N/A,N/A,Atoms,
,1975,Data-Retrieval Mode,The Shockwave Rider,John Brunner,A system for getting the thoughts and images out of a person's mind; recovering the data from a brain storage device.,No,N/A,N/A,N/A,N/A,Bits,
,1974,Flesh Gun,The Computer Connection,Alfred Bester,A weapon that burns the skin and meat off the victim.,No,N/A,Lasers,1970s,Military weapon,Atoms,
,1974,KR-3,"Flow My Tears, The Policeman Said",Philip K. Dick,"A drug that breaks down the ability of the brain to perceive space and physical objects properly, or in sequence; a new universe opens.",No,N/A,N/A,N/A,N/A,Atoms,
,1974,Assault Ship,The Forever War,Joe Haldeman,"A one-way, one-use spacecraft for depositing troops at the scene of a space battle.",No,N/A,N/A,N/A,N/A,Atoms,
,1941,Astrogation (to Astrogate),Methuselah's Children,Robert Heinlein,To navigate in space.,Yes,"NASA, space agencies",Space navigation,1950s,Guiding spacecraft,Bits,
,1974,Collapsar Jump,The Forever War,Joe Haldeman,Travel between collapsed stars in no time at all.,No,N/A,N/A,N/A,N/A,Atoms,
,1941,Robopark,Methuselah's Children,Robert Heinlein,An automated parking garage.,Yes,Parking companies,Automated garages,1960s,Self-parking structures,Bits,
,1974,Superconductor of Heat,The Mote in God's Eye,Larry Niven (w/J. Pournelle),"A light metal that accepts heat applied to its surface, and then dissipates the energy throughout the material, leaving the temperature of the material unchanged.",No,N/A,N/A,N/A,N/A,Atoms,
,1941,Bone Conduction Receiver,Sixth Column,Anson MacDonald,A concealed radio receiver.,Yes,Hearing aid companies Bone conduction headphones,2000s,Sound through skull vibration,Atoms,Atoms,
,1974,Acceleration Shell,The Forever War,Joe Haldeman,A special suit designed to help people survive accelerations of up to twenty-five gravities.,No,N/A,N/A,N/A,N/A,Atoms,
,1974,Eccentric Projection,The Girl Who Was Plugged In,"James Tiptree, Jr.",Remote manipulation of a body not your own.,No,N/A,N/A,N/A,N/A,Bits,
,1974,Fyunch(click),The Mote in God's Eye,Larry Niven (w/J. Pournelle),An alien assigned to become an expert in just one person.,No,N/A,N/A,N/A,N/A,Bits,
,1974,Pressor Field,The Forever War,Joe Haldeman,A force field that pressed against anything that encountered it.,No,N/A,N/A,N/A,N/A,Atoms,
,1974,Powered Suit with Trauma Maintenance,The Forever War,Joe Haldeman,A powered suit (or powered armor) that is set up to save as much of your body as possible in worse case scenarios.,No,N/A,N/A,N/A,N/A,Atoms,
,1974,Placental Decanters,The Girl Who Was Plugged In,"James Tiptree, Jr.",Perfect human bodies with control implants for remote use.,No,N/A,N/A,N/A,N/A,Atoms,
,1974,Frictionless Toilet,The Mote in God's Eye,Larry Niven (w/J. Pournelle),"A toilet bowl that does not require water, because its surface is frictionless.",No,N/A,N/A,N/A,N/A,Atoms,
,1974,Home Ad Blocker,The Computer Connection,Alfred Bester,Device insulates house against intrusion by 3D advertisements.,No,N/A,N/A,N/A,N/A,Atoms,
,1974,Cryocapsule,The Computer Connection,Alfred Bester,"A spaceship capsule that contains astronauts in special coffins, in suspended animation.",No,N/A,N/A,N/A,N/A,Atoms,
,1941,Self-Lighting Cigarette,Methuselah's Children,Robert Heinlein,A cigarette with a matchhead built in.,Yes,Tobacco companies,Self-lighting cigarettes,1960s,Built-in ignition,Atoms,
,1974,Cryonaut,The Computer Connection,Alfred Bester,An astronaut placed in cryonic sleep.,No,N/A,N/A,N/A,N/A,Atoms,
,1974,Floating Building,"Flow My Tears, The Policeman Said",Philip K. Dick,An apartment building that floats a few feet off the ground.,No,N/A,N/A,N/A,N/A,Atoms,
,1941,Roboticist,Robot AL-76 Goes Astray,Isaac Asimov,A person who creates or works with robots.,Yes,Robotics engineers,Robotics,20th century,Designing and building robots,Bits,
,1974,Cushion Fence,The Computer Connection,Alfred Bester,Gentle force field,No,N/A,N/A,N/A,N/A,Atoms,
,1974,Harvesting Saturn's Rings,The Computer Connection,Alfred Bester,Mining the rings for industrial purposes.,No,N/A,N/A,N/A,N/A,Atoms,
,1974,Tramline,The Mote in God's Eye,Larry Niven (w/J. Pournelle),The line along which hyperspace (instantaneous travel) travel is possible.,No,N/A,N/A,N/A,N/A,Atoms,
,1974,Projection Commercials,The Computer Connection,Alfred Bester,A three-dimensional advertisement that is placed in your path in a public place like a bar.,No,N/A,N/A,N/A,N/A,Bits,
,1941,Robotics,Liar,Isaac Asimov,The engineering field encompassing the creation and maintenance of robots.,Yes,Engineers,Robotics,20th century,Designing and building robots,Bits,
,1974,Langston Field,The Mote in God's Eye,Larry Niven (w/J. Pournelle),A protective energy shield.,No,N/A,N/A,N/A,N/A,Atoms,
,1974,Laser Finger,The Forever War,Jack C. Haldeman,Special powered suit add-on makes you even quicker on the draw.,No,N/A,N/A,N/A,N/A,Atoms,
,1974,Alderson Point,The Mote in God's Eye,Larry Niven (w/J. Pournelle),"One end of a tramline, a path between stars that can be traversed using a hyperdrive engine.",No,N/A,N/A,N/A,N/A,Atoms,
,1974,Acceleration Couch,The Mote in God's Eye,Larry Niven (w/J. Pournelle),A chair designed for use in during periods of high acceleration (multiple gravities).,No,N/A,N/A,N/A,N/A,Atoms,
,1974,Time Dingbat,The Computer Connection,Alfred Bester,Nickname for a time machine; used for a kind of WPA-like program for the past.,No,N/A,N/A,N/A,N/A,Atoms,
,1974,Gee Bath,The Mote in God's Eye,Larry Niven (w/J. Pournelle),Essentially a waterbed designed to help older or untrained people cope with high acceleration aboard spacecraft.,No,N/A,N/A,N/A,N/A,Atoms,
,1941,Wall Screen,Star of Dreams,Jack Williamson,"A large size display for video, anchored to a wall, or actually forming the wall itself.",Yes,Consumer electronics,Large displays,2000s,Big flatscreen monitors,Bits,
,1974,Molemen,The Computer Connection,Alfred Bester,,No,N/A,N/A,N/A,N/A,N/A,
,1974,Acceleration Chair,The Mote in God's Eye,Larry Niven (w/J. Pournelle),A specially-designed chair used to help crew stay mobile during periods of high acceleration.,No,N/A,N/A,N/A,N/A,Atoms,
,1974,Numbitol,The Mote in God's Eye,Larry Niven (w/J. Pournelle),"You guessed it, a topical anesthetic.",No,N/A,N/A,N/A,N/A,Atoms,
,1974,Atmosphere Control,The Mote in God's Eye,Larry Niven (w/J. Pournelle),Recently terraformed planets require constant maintenance.,No,N/A,N/A,N/A,N/A,Atoms,
,1974,EEG-Gram Projection,"Flow My Tears, The Policeman Said",Philip K. Dick,Detection of unique characteristics at a distance.,No,N/A,N/A,N/A,N/A,Bits,
,1941,Solar Car,The Man Who Bought Mars,Polton Cross,A car the energy for which comes from the sun.,Yes,Car manufacturers,Solar cars,1980s,Powered by sunlight,Bits,
,1974,Skull Bug,The Computer Connection,Alfred Bester,A small electronic device implanted in the cranium at birth; used for monitoring and control.,No,N/A,N/A,N/A,N/A,Atoms,
,1974,Stimtab,The Forever War,Joe Haldeman,A drug designed to keep the user awake and alert for long periods.,No,N/A,N/A,N/A,N/A,Atoms,
,1974,Pressure Curtain,The Mote in God's Eye,Larry Niven (w/J. Pournelle),A force field that creates a barrier that people can pass through but air cannot - an airlock in a spacecraft.,No,N/A,N/A,N/A,N/A,Atoms,
,1974,Metal Paste,The Mote in God's Eye,Larry Niven (w/J. Pournelle),A conductive metal that could be easily squirted from a tube.,No,N/A,N/A,N/A,N/A,Atoms,
,1974,Projection,The Computer Connection,Alfred Bester,A means of projecting your image to a distant place.,No,N/A,N/A,N/A,N/A,Bits,
,1974,Seed Bomb,"Flow My Tears, The Policeman Said",Philip K. Dick,A tiny explosive that can be embedded under the skin.,No,N/A,N/A,N/A,N/A,Atoms,
,1974,Phone-Grid Transex Network,"Flow My Tears, The Policeman Said",Philip K. Dick,Addictive network-enhanced sexuality.,No,N/A,N/A,N/A,N/A,Bits,
,1973,Ram Field,Protector,Larry Niven,A specialized version of the hydrogen-gathering field for a Bussard Ramjet.,No,N/A,N/A,N/A,N/A,Atoms,
,1973,Implanted Interface With Retinal Nerves,The Continuous Katherine Mortenhoe (The Unsleeping Eye),D.G. Compton,Circuitry that provides a 'look' at what the eye sees.,No,N/A,N/A,N/A,N/A,Atoms,
,1973,Moon Hopper,Rider in the Sky,Raymond F. Jones,A jet-powered single-person vehicle for the Moon.,No,N/A,N/A,N/A,N/A,Atoms,
,1973,Artificial Gravity-Assisted Childbirth,Time Enough For Love,Robert Heinlein,Using an artificial gravity field to assist (and accelerate) the process of childbirth.,No,N/A,N/A,N/A,N/A,Atoms,
,1973,Ultramicrominiature Waldo,Time Enough For Love,Robert Heinlein,A device for transforming ordinary human hand movements into extremely small-scale surgical motions.,No,N/A,N/A,N/A,N/A,Atoms,
,1973,Monopole Mining,Protector,Larry Niven,Looking for natural sources of monopoles.,No,N/A,N/A,N/A,N/A,Atoms,
,1973,Gravity Lens,Protector,Larry Niven,An optical lens created using the lightbending properties of gravity.,No,N/A,N/A,N/A,N/A,Atoms,
,1973,Hypno-Encyclopedic Techniques,Time Enough For Love,Robert Heinlein,"If you plan to live for centuries, you need to organize your memories.",No,N/A,N/A,N/A,N/A,Bits,
,1941,Identification Beacon,Methuselah's Children,Robert Heinlein,Radio pulse to identify orbiting craft.,Yes,Aviation,Transponders,1930s,Aircraft tracking,Bits,
,1973,Slowboat,Protector,Larry Niven,Slower than lightspeed spacecraft used for interstellar colonization.,No,N/A,N/A,N/A,N/A,Atoms,
,1973,Twing,Protector,Larry Niven,"Used in the hold of spaceships to keep articles all together, and to prevent them from floating around in free fall, or falling during periods of acceleration.",No,N/A,N/A,N/A,N/A,Atoms,
,1973,Frictionless Cups,Protector,Larry Niven,Cups with a special surface to which liquid does not adhere.,No,N/A,N/A,N/A,N/A,Atoms,
,1973,Welton Cube,Time Enough For Love,Robert Heinlein,High-density storage device.,No,N/A,N/A,N/A,N/A,Atoms,
,1941,A-Bomb,Sixth Column,Anson MacDonald,"Abbreviation for ""atomic bomb"".",Yes,Military research,Nuclear weapons,1945,First atomic bomb,Atoms,
,1972,Hubrizine,We Can Build You,Philip K. Dick,A drug that brings about greater alertness and cheerfulness.,No,N/A,N/A,N/A,N/A,Atoms,
,1972,Stunwand,Hellstrom's Hive,Frank Herbert,,No,N/A,N/A,N/A,N/A,Atoms,
,1972,Transmit-Paper,The Godmakers,Frank Herbert,Paper form with a built-in capability to transmit the information written with a stylus to a remote computer network.,No,N/A,N/A,N/A,N/A,Bits,
,1972,Crechepod,The Godmakers,Frank Herbert,"A small, enclosed medical device providing full life support as well as advanced regrowth technologies.",No,N/A,N/A,N/A,N/A,Atoms,
,1972,Atlotl/Gibiril Regimen,The Godmakers,Frank Herbert,A method of altering the flow of energy in the body to aid in regrowth of damaged or missing tissue.,No,N/A,N/A,N/A,N/A,Atoms,
,1972,Procreative Stump,Hellstrom's Hive,Frank Herbert,"A woman's torso, kept alive for the purpose of using the womb as an incubator.",No,N/A,N/A,N/A,N/A,Atoms,
,1972,The Krang,The Tar-Aiym Krang,Alan Dean Foster,An enormous musical instrument (or weapon).,No,N/A,N/A,N/A,N/A,Atoms,
,1972,Chemical Orders,Hellstrom's Hive,Frank Herbert,Use of chemical triggers for behavior and behavior modification.,No,N/A,N/A,N/A,N/A,Atoms,
,1972,Implanted Tranceiver,The Godmakers,Frank Herbert,Device enables two-way communication with needing to carry a device.,No,N/A,N/A,N/A,N/A,Atoms,
,1972,Selectacol,The Godmakers,Frank Herbert,"A device that automates the interior design process, providing a choice of color schemes for a roomful of furniture.",No,N/A,N/A,N/A,N/A,Bits,
,1972,Biot,Rendezvous With Rama,Arthur C. Clarke,A biological robot.,No,N/A,N/A,N/A,N/A,Atoms,
,1972,Key Club,Flash Crowd,Larry Niven,A social club made exclusive by teleportation booth; may be in a chain with other physically identical locations.,No,N/A,N/A,N/A,N/A,Atoms,
,1972,Displacement Booth,Flash Crowd,Larry Niven,A teleportation portal.,No,N/A,N/A,N/A,N/A,Atoms,
,1972,Rotating House,The Godmakers,Frank Herbert,A single family home built upon a central pivot; it can be turned at will.,No,N/A,N/A,N/A,N/A,Atoms,
,1972,Spider Tripod Robot,Rendezvous With Rama,Arthur C. Clarke,Three-legged alien robot.,No,N/A,N/A,N/A,N/A,Atoms,
,1972,P-Terminal Implant,The Terminal Man,Michael Crichton,"A device consisting of implanted power pack, control and electrodes placed near pleasure centers of the brain.",No,N/A,N/A,N/A,N/A,Atoms,
,1972,Superluminal,Patterns of Chaos,Colin Kapp,Faster than the speed of light.,No,N/A,N/A,N/A,N/A,Atoms,
,1972,Autobutle,The Godmakers,Frank Herbert,An automated servant.,No,N/A,N/A,N/A,N/A,Atoms,
,1972,City of Glass,The Godmakers,Frank Herbert,An entire city made of unique structural glass and ceramic.,No,N/A,N/A,N/A,N/A,Atoms,
,1972,King's Free Park,Cloak of Anarchy,Larry Niven,"A park in which anarchy reigned; a very long, narrow park.",No,N/A,N/A,N/A,N/A,Atoms,
,1972,Implant-Watch,Cloak of Anarchy,Larry Niven,Subcutaneous timepiece; uses patterns of colored lights to show the time.,No,N/A,N/A,N/A,N/A,Atoms,
,1972,Tickler,Eurema's Dam,R.A. Lafferty,Clears smog and saves the residue for later use.,No,N/A,N/A,N/A,N/A,Atoms,
,1972,Ilse,Long Shot,Vernor Vinge,The first intelligent ship brain.,No,N/A,N/A,N/A,N/A,Bits,
,1972,WatchdØg (Watchdog),WatchdØg,Jack C. Haldeman,,No,N/A,N/A,N/A,N/A,N/A,
,1971,Selektrogel,And All The Stars A Stage,James Blish,An over-the-counter gel to choose the sex of a child at conception.,No,N/A,Gender selection gel,N/A,N/A,Atoms,
,1971,Robot Pope,Good News From the Vatican,Robert Silverberg,An artificially intelligent robotic cardinal ascends to the Throne of St. Peter.,No,N/A,N/A,N/A,N/A,Bits,
,1971,Launching Laser,The Fourth Profession,Larry Niven,A set of very high-powered lasers used to power spacecraft.,No,N/A,N/A,N/A,N/A,Atoms,
,1971,Impact Suit,The Flying Sorcerers,"David Gerrold (w/L, Niven","A body suit that is flexible, but upon a hard impact becomes rigid and impenetrable.",No,N/A,N/A,N/A,N/A,Atoms,
,1971,Verse Transcriber,"Studio 5, The Stars",J.G. Ballard,"A device that would produce perfect poetry, given the necessary parameters.",No,N/A,N/A,N/A,N/A,Bits,
,1970,Squib,Our Friends From Frolix 8,Philip K. Dick,A simple form of ground transportation.,No,N/A,N/A,N/A,A fictional device in the novel,Atoms,
,1970,Tower of Glass,Tower of Glass,Robert Silverberg,An enormous glass tower built to communicate outside the solar system.,No,N/A,N/A,N/A,A fictional megastructure in the novel,Atoms,
,1970,Sonic Fold,Ringworld,Larry Niven,Force field that guides air around an air vehicle.,No,N/A,N/A,N/A,A fictional technology in Ringworld,Bits,
,1970,Airmaker,Ringworld,Larry Niven,A device that creates a specific breathable mix directly from the atmosphere.,No,N/A,N/A,N/A,Fictional technology in Ringworld,Atoms,
,1970,Floating Castle,Ringworld,Larry Niven,A vast building floating freely above the land surface of Ringworld.,No,N/A,N/A,N/A,Fictional structure in Ringworld,Atoms,
,1970,Food Brick,Ringworld,Larry Niven,Appropriate manufactured food for any species.,No,N/A,N/A,N/A,Fictional food technology in Ringworld,Atoms,
,1970,Unichapel (Robotic Confession Booth),THX 1138,George Lucas,"Automated religious confessional with monotone, programmed responses.",No,N/A,N/A,N/A,Fictional technology in THX 1138,Bits,
,1970,Great Ear,Our Friends From Frolix 8,Philip K. Dick,An electronic telepathic listening device that monitors thousands of people simultaneously.,No,N/A,N/A,N/A,Fictional surveillance technology in the novel,Bits,
,1970,Neck Radio,Our Friends From Frolix 8,Philip K. Dick,Commercial radio from an implanted device.,No,N/A,N/A,N/A,Fictional technology in the novel,Bits,
,1970,Robutler,The Stainless Steel Rat's Revenge,Harry Harrison,A robotic butler.,No,N/A,N/A,N/A,Fictional robot technology,Atoms,
,1970,Trumps,Nine Princes in Amber,Roger Zelazny,Magical Tarot cards that permitted both communication and transportation.,No,N/A,N/A,N/A,Fictional magical objects in the series,Atoms,
,1970,Flycycle,Ringworld,Larry Niven,"Combination flying motorcycle, kitchen and autodoc.",No,N/A,N/A,N/A,Fictional vehicle in Ringworld,Atoms,
,1970,Scrith,Ringworld,Larry Niven,The material used to build Ringworld; has remarkable tensile strength,No,N/A,N/A,N/A,Fictional material in Ringworld,Atoms,
,1942,Atomics,Nerves,Lester del Rey,The field of nuclear energy.,Yes,Scientists,Knowledge,1942,Emerging technology,Bits,
,1970,Slaver Stasis Field,Ringworld,Larry Niven,A force field that protects everything inside it by creating a space in which time is suspended.,No,N/A,N/A,N/A,Fictional technology in Ringworld,Bits,
,1970,Sigfrid von Shrink,Gateway,Frederik Pohl,An automated therapist.,No,N/A,N/A,N/A,Fictional AI therapist,Bits,
,1970,Nerve Machine,The Stainless Steel Rat's Revenge,Harry Harrison,A device that delivers pure pain via neural currents.,No,N/A,N/A,N/A,Fictional torture device,Bits,
,1970,Blackout Gas,The Stainless Steel Rat's Revenge,Harry Harrison,Cuts input from the optic nerve.,No,N/A,N/A,N/A,Fictional technology,Atoms,
,1970,Flywheel Cycle,The Stainless Steel Rat's Revenge,Harry Harrison,A motorcycle powered by a flywheel.,No,N/A,N/A,N/A,Fictional vehicle technology,Atoms,
,1970,Gaussrifle,The Stainless Steel Rat's Revenge,Harry Harrison,Projectiles driven by electromagnetic forces.,No,N/A,N/A,N/A,Fictional weapon technology,Atoms,
,1970,Riding Robot,The Stainless Steel Rat's Revenge,Harry Harrison,A single person means of bipedal transportation.,No,N/A,N/A,N/A,Fictional robot technology,Atoms,
,1970,Luggage Robot,The Stainless Steel Rat's Revenge,Harry Harrison,Perfect helper at robotic hotels.,No,N/A,N/A,N/A,Fictional robot technology,Atoms,
,1970,Killalc Pills,The Stainless Steel Rat's Revenge,Harry Harrison,Counteracts the effects of alcohol consumption.,No,N/A,N/A,N/A,Fictional medicine,Atoms,
,1970,Sound Deadener,Ringworld,Larry Niven,Device that acts to damp excessive noise produced by different species.,No,N/A,N/A,N/A,Fictional technology in Ringworld,Atoms,
,1970,Robotnik Automated Hotel,The Stainless Steel Rat's Revenge,Harry Harrison,A fully-automated hotel; no human interaction required.,No,N/A,N/A,N/A,Fictional technology,Atoms,
,1970,Jack In,Tower of Glass,Robert Silverberg,To open one's nervous system to a computer's virtual world.,No,N/A,N/A,N/A,Fictional brain-computer interface,Bits,
,1970,Kemplerer (Klemperer) Rosette,Ringworld,Larry Niven,Planets without a sun; they orbit a central point.,No,N/A,N/A,N/A,Fictional planetary configuration,Atoms,
,1970,Light-Sword,Ringworld,Larry Niven,A laser tuned for use as a cutting tool.,No,N/A,N/A,N/A,Fictional weapon in Ringworld,Atoms,
,1970,Slaver Disintegrator,Ringworld,Larry Niven,Sometimes used as a digging tool.,No,N/A,N/A,N/A,Fictional tool in Ringworld,Atoms,
,1970,Variable Sword,Ringworld,Larry Niven,"A sword that could vary in length, and cut through anything.",No,N/A,N/A,N/A,Fictional weapon in Ringworld,Atoms,
,1970,Refrigeration Tape,Tower of Glass,Robert Silverberg,A strip of material that can be used to keep large tracts of tundra nicely frozen.,No,N/A,N/A,N/A,Fictional material,Atoms,
,1970,Transmat,Tower of Glass,Robert Silverberg,A teleportation device.,No,N/A,N/A,N/A,Fictional transportation technology,Atoms,
,1970,Inert-Wear,Say Goodby to the Wind,J.G. Ballard,"Clothing made of dead fibers; clothing that is unmoving, static.",No,N/A,N/A,N/A,Fictional material,Atoms,
,1970,Tasp,Ringworld,Larry Niven,"A device that induces a current in the pleasure center of the brain, at a distance.",No,N/A,N/A,N/A,Fictional technology in Ringworld,Bits,
,1970,Ringworld,Ringworld,Larry Niven,"A 50 foot thick ribbon of matter around a star, a million miles across and as long as Earth's orbital circumference.",No,N/A,N/A,N/A,Fictional megastructure in Ringworld,Atoms,
,1970,Stepping Discs,Ringworld,Larry Niven,Open air teleportation pads.,No,N/A,N/A,N/A,Fictional transportation system in Ringworld,Atoms,
,1970,Shadow Square,Ringworld,Larry Niven,An enormous blind that orbits a star.,No,N/A,N/A,N/A,Fictional megastructure in Ringworld,Atoms,
,1970,Shadow Square Wire,Ringworld,Larry Niven,"Very fine, very light, very strong wire.",No,N/A,N/A,N/A,Fictional material in Ringworld,Atoms,
,1970,Crash Balloons,Ringworld,Larry Niven,Inflatable bags that would both cushion and hold a flycycle driver in the event of a crash.,No,N/A,N/A,N/A,Fictional safety device in Ringworld,Atoms,
,1970,Bio-Fabric,Say Goodby to the Wind,J.G. Ballard,Living cloth that constantly adapts itself to the personality and needs of its wearer.,No,N/A,N/A,N/A,Fictional material,Atoms,
,1970,Osmosis Generator (Cziltang Brone),Ringworld,Larry Niven,A device that can render a solid permeable to matter.,No,N/A,N/A,N/A,Fictional technology in Ringworld,Atoms,
,1970,Electromagnetic Cannon,Ringworld,Larry Niven,A set of devices on the Ringworld used to land spacecraft safely on the fast-moving rim.,No,N/A,N/A,N/A,Fictional technology in Ringworld,Atoms,
,1970,Translator Discs,Ringworld,Larry Niven,Wearable devices that wirelessly connected to a speech translation computer.,No,N/A,N/A,N/A,Fictional technology in Ringworld,Bits,
,1969,Caliban Beachball,Whipping Star,Frank Herbert,Dwelling place for unusual lifeform who make jumpdoors possible.,No,N/A,Concept,N/A,Fictional alien habitat,Atoms,
,1969,Gravity Web,Whipping Star,Frank Herbert,Device for limiting the extent to which a person is subject to gravitational attraction.,No,N/A,Concept,N/A,Fictional gravity control,Atoms,
,1969,Robotic Horse - Faithful Cybernetic Companion,The Warlock in Spite of Himself,Christopher Stasheff,A robot that is specifically designed to closely resemble a horse.,No,N/A,Concept,N/A,Early robot animal,Atoms,
,1969,Jumpdoor,Whipping Star,Frank Herbert,The entrance to an energy passage providing instantaneous transportation between points across the galaxy.,No,N/A,Concept,N/A,Fictional teleporter,Atoms,
,1969,Droud,Death by Ecstasy,Larry Niven,A transformer to step down house current for the wire providing current directly to the pleasure center of the brain.,No,N/A,Concept,N/A,Fictional pleasure device,Bits,
,1969,Ghola,Dune Messiah,Frank Herbert,"A living, functioning person who is regrown or recreated from the tissues of a dead person.",No,N/A,Concept,N/A,Fictional cloning,Atoms,
,1943,Solidograph,"Gather, Darkness!",Fritz Leiber,Long distance projection of three-dimensional images.,Yes,Tech companies,Volumetric displays,2010s,3D imagery in free space,Bits,
,1969,Float-home,Whipping Star,Frank Herbert,Living entity genetically designed for use as a houseboat.,No,N/A,Concept,N/A,Early bioengineering idea,Atoms,
,1969,Sniggertrance,Whipping Star,Frank Herbert,"The state of a person receiving a call mediated by a Taprisiot; interiorized consciousness accompanied by spastic, jerking body movements.",No,N/A,N/A,N/A,Fictional cognitive state,Atoms,
,1969,Automatic City,The Man in the Maze,Robert Silverberg,A city designed to protect itself and maintain itself over millions of years.,No,N/A,Concept,N/A,Early smart city idea,Atoms,
,1969,Singleship,Death by Ecstasy,Larry Niven,A spacecraft designed for use by one person.,No,N/A,Concept,N/A,Fictional spacecraft,Atoms,
,1969,Teep Rod,Galactic Pot-Healer,Philip K. Dick,A device that gathers the thoughts of an individual.,No,N/A,Concept,N/A,Fictional telepathy tech,Bits,
,1969,Multi-function Living Room,Death by Ecstasy,Larry Niven,A small living space with a variety of functions built-in.,No,N/A,Concept,N/A,Early smart home ideas,Atoms,
,1969,Nothing,It was Nothing - Really!,Theodore Sturgeon,A super-hard substance created by carefully removing material.,No,N/A,Concept,N/A,Fictional materials,Atoms,
,1969,Synthetic Flesh,Super-Toys Last All Summer Long,Brian Aldiss,"Provides robots with realistic coverings, not just plastic.",No,N/A,Concept,N/A,Early robot skin ideas,Atoms,
,1969,Cold-Pac Bin,Ubik,Philip K. Dick,A special coffin-sized chamber used to maintain half-life.,No,N/A,Concept,N/A,Fictional cryonics,Atoms,
,1943,Micro Book (Microbook),One Way Trip,Anthony Boucher,"A very small volume, possibly an electronic book.",Yes,Consumer electronics,E-readers,1990s,Electronic books,Bits,
,1969,Electrical Grandmother (Robot Grandma),I Sing The Body Electric!,Ray Bradbury,A robotic companion.,No,N/A,Concept,N/A,Early social robot,Atoms,
,1969,Toll Door,Ubik,Philip K. Dick,An apartment door that operates on a cash-only basis.,No,N/A,Concept,N/A,Early token-based access,Bits,
,1969,Physiognomic Template,Ubik,Philip K. Dick,A method for changing the appearance of your face at will.,No,N/A,Concept,N/A,Early facial recognition ideas,Bits,
,1969,Bot,We All Died At Breakaway Station,Richard Meredith,"The first use of this contraction for ""robot"".",No,N/A,N/A,N/A,Coining term,Atoms,
,1969,Ubik Spray Can,Ubik,Philip K. Dick,One of many definitions of Ubik. Take only as directed.,No,N/A,Concept,N/A,Fictional product,Atoms,
,1969,Messagecraft,The Faithful Messenger,George Scithers,An autonomous spacecraft and drone that serves as a communication node in a network that spans star systems.,No,N/A,Concept,N/A,Early comms satellite idea,Atoms,
,1943,Coldlight,Sunward Flight,Leo Zagat,A means of producing illumination that does not produce heat.,Yes,Lighting companies,LEDs,1960s,Solid-state lighting,Bits,
,1969,Claim Beacon,"Retief, the Long-Awaited Master",Keith Laumer,A electronic device that proclaims that a planet has been claimed by a given party.,No,N/A,Concept,N/A,Fictional territorial device,Bits,
,1969,Construct,"Retief, the Long-Awaited Master",Keith Laumer,"An artificial being, a pastiche of living and robotic pieces.",No,N/A,Concept,N/A,Early cyborg idea,Atoms,
,1969,Mnemonic Flutter System (Pulse-Sychronizer),Dune Messiah,Frank Herbert,A device to imprint particular facts from a book upon the brain of the reader.,No,N/A,Concept,N/A,Fictional mnemonic tech,Bits,
,1969,Rod,Wolfling,Gordon R. Dickson,"In a fight, it is used in a manner similar to a sword and a flamethrower.",No,N/A,Concept,N/A,Fictional weapon,Atoms,
,1969,Rubber Hoof,The Warlock in Spite of Himself,Christopher Stasheff,Silent running for robot horses.,No,N/A,Concept,N/A,Fictional robot materials,Atoms,
,1969,Artificial Telepathy,We All Died At Breakaway Station,Richard Meredith,"Using technology to determine thoughts, and then translate it to speech that could be shared electronically.",No,N/A,Concept,N/A,Early thought-to-text idea,Bits,
,1969,Device Replication,The Man in the Maze,Robert Silverberg,Manufacturing devices from a template to save space on space craft.,No,N/A,Concept,N/A,Early replicator idea,Atoms,
,1969,Voicecorder,Whipping Star,Brian Herbert,A device that records verbal output and determines truth or falsehood.,No,N/A,Concept,N/A,Fictional truth verification,Bits,
,1969,Protective Field (Safety Field),The Man in the Maze,Robert Silverberg,An static energy field used to protect a city.,No,N/A,Concept,N/A,Fictional force field,Atoms,
,1943,Filmag,Sunward Flight,Leo Zagat,A video magazine.,Yes,Media companies,Online video,2000s,Streaming digital video,Bits,
,1969,Remote-Control Slavery,The Man in the Maze,Robert Silverberg,Mental control (possibly mediated by radio waves) of individuals of other species.,No,N/A,Concept,N/A,Fictional mind control,Bits,
,1969,Drop-Capsule,The Man in the Maze,Robert Silverberg,Minimal spaceship.,No,N/A,Concept,N/A,Fictional spacecraft,Atoms,
,1943,Meteor-Spotting Radar,Recoil,George O. Smith,A device to warn spacecraft of oncoming meteors.,Yes,"NASA, space agencies",Collision warning,1960s,Detect potential impacts,Bits,
,1969,Memory Plastic,Death by Ecstasy,Larry Niven,Takes various shapes impressed into it on command.,No,N/A,Concept,N/A,Early smart materials idea,Atoms,
,1943,Plastibulb,The Proud Robot,Lewis Padgett,A squeezable drink container.,Yes,Packaging companies,Squeeze bottles,1940s,Flexible liquid containers,Atoms,
,1969,Stone Burner,Dune Messiah,Frank Herbert,Atomic weapon which burrows deep into a planet; its radiation also attacks selected nerve tissues.,No,N/A,Concept,N/A,Fictional atomic weapon,Atoms,
,1944,Suit-Radio,The Long Way,George O. Smith,A means of communication between two individuals clad in space suits.,Yes,NASA,Space suit radios,1960s,For communication during spacewalks,Bits,
,1944,Robotic Arm,City,Clifford Simak,A specialized robotic reaching and grasping device.,Yes,Manufacturing,Robotic arms,1960s,Precise manipulation,Atoms,
,1969,Rapid-Transit Hover Blimp,Galactic Pot-Healer,Philip K. Dick,Public transportation for a paranoid age.,No,N/A,Concept,N/A,Early VTOL idea,Atoms,
,1969,Parenthood Lottery,Super-Toys Last All Summer Long,Brian Aldiss,A means of restricting population growth.,No,N/A,N/A,N/A,Fictional population control,N/A,
,1969,Tranquilizing Gum,Ubik,Philip K. Dick,Chewing gum with a tranquilizing agent.,No,N/A,Concept,N/A,Fictional drug delivery,Atoms,
,1969,Pape Machine,Ubik,Philip K. Dick,Yet another name for the homeostatic newspaper; this one has special features including news search.,No,N/A,Concept,N/A,Early newsbot idea,Bits,
,1969,Reality Tape,The Electric Ant,Philip K. Dick,The medium upon which the life experience of an electric ant - a robotic person - is presented.,No,N/A,Concept,N/A,Fictional recorded reality,Bits,
,1969,Padre Booth,Galactic Pot-Healer,Philip K. Dick,Device that provides religious aid and comfort on demand.,No,N/A,Concept,N/A,Early spiritual robot idea,Bits,
,1944,Gyrocar Monorail,The Anarch,Malcolm Jameson,A self-balancing vehicle.,Yes,Public transit,Monorails,19th century,Single rail train,Atoms,
,1969,Crosswell Tape Worm,Super-Toys Last All Summer Long,Brian Aldiss,Device that allows you to eat without gaining weight.,No,N/A,Concept,N/A,Fictional weight loss device,Atoms,
,1969,Teddy,Super-Toys Last All Summer Long,Brian Aldiss,A very intelligent and highly mobile robotic teddy bear.,No,N/A,Concept,N/A,Early social robot,Atoms,
,1969,Homeopape,Ubik,Philip K. Dick,A automated device that produces a newspaper without human assistance.,No,N/A,Concept,N/A,Early newsbot idea,Bits,
,1944,Robot Lawn Mower,City,Clifford Simak,An automated lawn mower.,Yes,Tool companies,Lawnbot,1995,Autonomous grass cutting,Atoms,
,1969,Axolotl Tank,Dune Messiah,Frank Herbert,A device to regenerate or reshape organic material.,No,N/A,Concept,N/A,Fictional bioengineering vat,Atoms,
,1969,Disruptor Bomb,The Man in the Maze,Robert Silverberg,"A bomb with a very special purpose; when detonated in space, it makes it impossible to detect the center of the explosion from the dispersion of the fragments.",No,N/A,Concept,N/A,Fictional fragmentation munition,Atoms,
,1969,Webfoam Cradle,The Man in the Maze,Robert Silverberg,A means of softening the landing for humans inside spacecraft.,No,N/A,Concept,N/A,Early spacecraft safety idea,Atoms,
,1969,Gyrocar (Gyro),The Ring,Piers Anthony (w/R. Margroff,A gyroscopically stabilized car; a one-wheeled vehicle.,No,N/A,Concept,N/A,Fictional vehicle design,Atoms,
,1969,Ecstasy Plug,Death by Ecstasy,Larry Niven,An implanted module that allowed a wirehead to plug himself into ordinary house current.,No,N/A,Concept,N/A,Fictional direct neural interface,Bits,
,1969,Face Dancer,Dune Messiah,Frank Herbert,Mimicry enhanced through genetic manipulation.,No,N/A,Concept,N/A,Fictional bioengineering,Atoms,
,1969,Stillsuit Desert Boots,Dune Messiah,Frank Herbert,Special boots that offered parasitic power harvesting.,No,N/A,Concept,N/A,Fictional energy harvesting,Atoms,
,1969,Plastic-Eating Bacteria,The Andromeda Strain,Michael Crichton,Mutated bacteria able to 'eat' or dissolve rubber and plastic.,No,N/A,Concept,N/A,Fictional biotech,Atoms,
,1945,Geosynchronous Satellite,V2 for Ionospheric Research,Arthur C. Clarke,"A communications satellite that appears to ""hover"" over one spot on the earth's surface; it goes around the earth in twenty-four hours.",Yes,Engineers,Prototype,1964,Clarke first proposed the geosynchronous orbit,Atoms,
,1969,Moratorium,Ubik,Philip K. Dick,"A place that kept people in cold-pac after death, providing them a kind of half-life.",No,N/A,Concept,N/A,Fictional cryonics,Atoms,
,1945,Vision Plate,First Contact,Murray Leinster,A flat panel monitor.,Yes,Engineers,Product,1964,Early concept of flat panel display,Atoms,
,1969,Psycho-Lease Encephalic Gadget,Galactic Pot-Healer,Philip K. Dick,"A device that provided the conviction that a faked scene was, in fact, real.",No,N/A,Concept,N/A,Early immersive media idea,Bits,
,1969,Spray-Foam Blouse,Galactic Pot-Healer,Philip K. Dick,Clothing that is sprayed on fresh.,No,N/A,Concept,N/A,Early spray-on clothing idea,Atoms,
,1945,Plastic Constructor (3D Printer),Things Pass By,Murray Leinster,A 3D printer - for spaceships.,Yes,Engineers,Prototype,1984,Early concept of 3D printing,Atoms,
,1969,Membrane Balloon Helmet,The Flight of the Horse,Larry Niven,A selectively permeable membrane worn as a helmet.,No,N/A,Concept,N/A,Early space helmet ideas,Atoms,
,1969,Flight Stick,The Flight of the Horse,Larry Niven,"A personal flying vehicle, stripped down to the basics.",No,N/A,Concept,N/A,Early personal aerial vehicle,Atoms,
,1945,Sleeve Communicator,First Contact,Murray Leinster,An electronic device controller built into clothing.,Yes,Engineers,Product,1983,Early concept of wearables,Atoms,
,1945,Electronic Locator,World of Null-A,A.E. van Vogt,A device that determines the location of a person.,Yes,Engineers,Product,1973,Early concept of GPS,Bits,
,1969,Book of the Kalends,Galactic Pot-Healer,Philip K. Dick,The ever-changing book without a title; the documented history of a world.,No,N/A,Concept,N/A,Fictional auto-updating book,Bits,
,1969,SSA Machine,Galactic Pot-Healer,Philip K. Dick,"A machine that compares two people for compatibility; it sees sub specie aeternitatis, literally 'under the aspect of eternity' or outside of time.",No,N/A,Concept,N/A,Fictional matchmaking AI,Bits,
,1946,Robot Bus,The Little Things,Henry Kuttner,An autonomous vehicle to transport groups of people.,Yes,Engineers,Prototype,2022,Early concept of self-driving vehicles,Atoms,
,1969,Weightless Work Area,Galactic Pot-Healer,Philip K. Dick,A small workspace within which there is no gravitational pull.,No,N/A,Concept,N/A,Early space manufacturing ideas,Atoms,
,1969,Geriatric Rooming-House,Galactic Pot-Healer,Philip K. Dick,An apartment building with rooms built especially with the very senior citizen in mind.,No,N/A,Concept,N/A,Early accessible housing,Atoms,
,1969,Vortal Tube,Whipping Star,Frank Herbert,An energy passage providing instantaneous transportation between points across the galaxy,No,N/A,Concept,N/A,Fictional teleporter,Atoms,
,1946,Spotcast,The Little Things,Henry Kuttner,A new form of one-to-many communication.,Yes,Engineers,Product,Early 2000s,Early podcasting concept,Bits,
,1969,Protophason Amplifier,Ubik,Philip K. Dick,Detects brain activity of those in half-life.,No,N/A,Concept,N/A,Fictional life sign detector,Bits,
,1968,HAL 9000,2001: A Space Odyssey,Arthur C. Clarke,The canonical example of an artificially intelligent computer.,No,N/A,Concept,N/A,Early general AI,Bits,
,1946,Roboticist,Evidence,Isaac Asimov,A person who works on robots.,Yes,Engineers,N/A,N/A,Emerging robotics field,Bits,
,1946,Logics Service,A Logic Named Joe,Murray Leinster,"A networked service that retains all of your personal information, schedules and phone messages online.",Yes,Engineers,Product,1990s,Early concept of cloud services,Bits,
,1946,Logics,A Logic Named Joe,Murray Leinster,"Machines that let you request information, and then display it for you on a screen.",Yes,Engineers,Product,1960s,Early concept of search engine,Bits,
,1968,Mobile Lab,2001: A Space Odyssey,Arthur C. Clarke,,No,N/A,N/A,N/A,N/A,Atoms,
,1946,Tanks,A Logic Named Joe,Murray Leinster,Device that provides mass storage of information.,Yes,Engineers,Product,1956,Early concept of data storage,Atoms,
,1946,Carson Circuit,A Logic Named Joe,Murray Leinster,A means of distinguishing betweem millions of different information sources - the secret of the Internet.,Yes,Engineers,Concept,1969,Early concept of packet switching,Bits,
,1968,Slow Glass (Scenedow),Light of Other Days,Bob Shaw,A window made of Bose-Einstein Condensate that slows light to a snail's pace.,No,N/A,Concept,N/A,Fictional optics,Atoms,
,1968,Andy,Do Androids Dream of Electric Sheep?,Philip K. Dick,"A slang term for ""android"" - an artificially created humanoid being.",No,N/A,Concept,N/A,Early humanoid robot,Atoms,
,1968,Mining Worm (Organic),A Gift From Earth,Larry Niven,Genetically altered earthworm created just for mining.,No,N/A,Concept,N/A,Early bioengineering ideas,Atoms,
,1968,TMA-1,2001: A Space Odyssey,Arthur C. Clarke,The Tycho Monolith.,No,N/A,N/A,N/A,Fictional alien artifact,Atoms,
,1968,Hibernaculum,2001: A Space Odyssey,Arthur C. Clarke,"A small, self-contained chamber in which a person could endure months of enforced sleep.",No,N/A,Concept,N/A,Early cryonics chamber,Atoms,
,1968,Replicant,Do Androids Dream of Electric Sheep?,Philip K. Dick,An android; an artificial human being.,No,N/A,Concept,N/A,Early humanoid robot,Atoms,
,1968,False Animal Repairman,Do Androids Dream of Electric Sheep?,Philip K. Dick,A specialized roboticist who repaired robotic animals.,No,N/A,Concept,N/A,Early robot repair,Atoms,
,1947,Ion Drive,Equalizer,Jack Williamson,A space drive that emits a stream of ions as reaction mass; it starts out slow but builds up to interstellar speeds.,Yes,NASA,Prototype,1960s,Real ion propulsion tech,Atoms,
,1968,Architectural Coral,A Gift From Earth,Larry Niven,A structure grown to a specific shape using small coral-like organisms.,No,N/A,Concept,N/A,Early bioengineering ideas,Atoms,
,1968,Electric Sheep,Do Androids Dream of Electric Sheep?,Philip K. Dick,An electronic farm animal; a non-organic robot covered with sheepskin that acts like a sheep.,No,N/A,Concept,N/A,Early robot animals,Atoms,
,1968,Sun Goggles,Grendel,Larry Niven,Lenses darken in spots to block the brightness of alien suns.,No,N/A,Concept,N/A,Fictional adaptive eyewear,Atoms,
,1968,Synthesist,Stand on Zanzibar,John Brunner,A person who did nothing but make cross-references between one field and another.,No,N/A,N/A,N/A,Fictional profession,N/A,
,1968,Panic Alarm,Do Androids Dream of Electric Sheep?,Philip K. Dick,Alarm senses intruders and instills mindless panic.,No,N/A,Concept,N/A,Fictional defence system,Bits,
,1968,Oat-Tropic Circuit,Do Androids Dream of Electric Sheep?,Philip K. Dick,A robotic feature that caused electronic animals to move toward offered food.,No,N/A,Concept,N/A,Early robot motivation,Bits,
,1968,Disease Circuit,Do Androids Dream of Electric Sheep?,Philip K. Dick,A feature of robotic animals which indicated a need to repair by emulating animal sickness.,No,N/A,Concept,N/A,Early robot health indicators,Bits,
,1968,Mood Organ,Do Androids Dream of Electric Sheep?,Philip K. Dick,A device which allows you to dial the mood you would like to have.,No,N/A,Concept,N/A,Fictional mood alteration,Bits,
,1968,Nexus-7 Android,Do Androids Dream of Electric Sheep?,Philip K. Dick,The next version after the Nexus-6.,No,N/A,Concept,N/A,Fictional android model,Atoms,
,1968,Wholographik,Stand on Zanzibar,John Brunner,Hologram-style picture.,No,N/A,Concept,N/A,Early holograms,Bits,
,1968,Emergency Shelter,2001: A Space Odyssey,Arthur C. Clarke,A small cubicle that provides a last refuge in case the spacecraft's atmosphere is lost.,No,N/A,Concept,N/A,Early space safety ideas,Atoms,
,1948,Telescreen,1984 (Nineteen Eighty-Four),George Orwell,Very early use of the idea of using technology to monitor human activity at a distance.,Yes,Tech companies,Surveillance technology,1940s,Remote monitoring,Bits,
,1968,Sensory-Syrynx,Nova,Samuel R. Delany,A complex musical instrument.,No,N/A,Concept,N/A,Fictional instrument,Atoms,
,1948,Atmospheric Braking,Space Cadet,Robert Heinlein,Using a planet's atmosphere to gradually decelerate a spacecraft.,Yes,"NASA, space agencies",Aerobraking,1960s,Using atmosphere to slow,Bits,
,1948,Portable Telephone,Space Cadet,Robert Heinlein,The essence of a cell phone.,Yes,Telecoms,Mobile phones,1970s,Wireless personal communication,Atoms,
,1968,Illyrion,Nova,Samuel R. Delany,Super-heavy and super-stable elements with atomic numbers greater than 296.,No,N/A,N/A,N/A,Fictional materials,Atoms,
,1948,High-Frequency Oven,Space Cadet,Robert Heinlein,This describes the essence of a microwave.,Yes,Appliances,Microwave ovens,1940s,High-frequency cooking,Bits,
,1968,Seven Vane Starship,Nova,Samuel R. Delany,A faster-than-light ship with seven vanes of energy controlled by human nervous systems.,No,N/A,Concept,N/A,Fictional FTL ship,Atoms,
,1948,Speakwrite,1984 (Nineteen Eighty-Four),George Orwell,A dictation machine that also transcribes the speech into typed words.,Yes,Tech companies,Speech recognition,1950s,Translates speech to text,Bits,
,1948,Personal Rocket Jet,Space Cadet,Robert Heinlein,"A small, handheld jet pack that can be used to maneuver freely in space.",Yes,Aviation,Jet packs,1960s,Individual rocket device,Atoms,
,1948,Solidograph-Projector,Police Operation,H. Beam Piper,A device that projected a 3D image of objects or a person.,Yes,Tech companies,Holography,1960s,3D image projection,Bits,
,1968,Robot Self-Assembly,Meccano,Hugo Correa,A robot separated into many pieces reassembles itself.,No,N/A,Concept,N/A,Early reconfigurable robotics,Atoms,
,1968,Electric Cat (Robot Cat),Do Androids Dream of Electric Sheep?,Philip K. Dick,A robot presenting the appearance of a common domestic cat.,No,N/A,Concept,N/A,Early pet robots,Atoms,
,1948,Moonbase (or Moon Base),"240,000 Miles Straight Up",L. Ron Hubbard,A base of operations on Earth's moon.,Yes,"NASA, space agencies",Lunar bases,2020s,Habitats on the Moon,Atoms,
,1968,Android Safety Mechanism,Do Androids Dream of Electric Sheep?,Philip K. Dick,A device that temporarily incapacitates an android.,No,N/A,Concept,N/A,Fictional restraints,Atoms,
,1968,Stasis Box,There is a Tide,Larry Niven,"A space entirely enclosed by a Slaver stasis field, in which time does not pass.",No,N/A,Concept,N/A,Fictional stasis field,Atoms,
,1968,Exoskeleton (Medical),A Specter is Haunting Texas,Fritz Leiber,"Specially designed for Thins, eight-foot tall microgravity humans.",No,N/A,Concept,N/A,Early exosuit idea,Atoms,
,1968,Cheekplate Container,A Specter is Haunting Texas,Fritz Leiber,Special compartment of an exoskeleton; provides easy access to medical supplies related to survive heavy gravity environments.,No,N/A,Concept,N/A,Fictional suit storage,Atoms,
,1968,Cyborg Collar,A Specter is Haunting Texas,Fritz Leiber,A device worn around the neck that controls the person for the duration of a working day.,No,N/A,Concept,N/A,Early exosuit control,Bits,
,1968,Total Environmental and Mental Simulator,Crown of Infinity,John M. Faucette,An AI that could create and discard whole branches of science in pursuing the answer to a problem.,No,N/A,Concept,N/A,Early superintelligence,Bits,
,1968,Loitering Micro-Missile,Invader on My Back,Philip E. High,A small missile that does not need line-of-sight and can move at a slow pace until it finds its target.,No,N/A,Concept,N/A,Early loitering munition,Atoms,
,1948,Microwavable Food,Space Cadet,Robert Heinlein,Food that is prepared specifically for use in a microwave (high-frequency) oven.,Yes,Food companies,Microwaveable meals,1970s,Prepared for microwave cooking,Atoms,
,1968,Sinclair Molecule Chain,A Gift From Earth,Larry Niven,"A monofilament fiber, used for strength.",No,N/A,Concept,N/A,Fictional materials,Atoms,
,1968,Karatand,Stand on Zanzibar,John Brunner,A special glove made of impact-sensitive plastic.,No,N/A,Concept,N/A,Fictional smart material,Atoms,
,1968,Penfield Wave Transmitter,Do Androids Dream of Electric Sheep?,Philip K. Dick,"A device that directs some sort of energy wave into a person's brain, allowing them to experience a chosen (dialed) mood.",No,N/A,Concept,N/A,Fictional mood tech,Bits,
,1968,Flex-Wheels,2001: A Space Odyssey,Arthur C. Clarke,Special wheels designed for getting around on the Moon.,No,N/A,Concept,N/A,Early lunar rover idea,Atoms,
,1949,Gee,Sacred Martian Pig (Idris' Pig),Margaret St. Clair,Using the standard letter designation in physics for gravity.,Yes,Scientists,Gravity,17th century,Acceleration due to gravity,Bits,
,1968,Mercy Rifle,Grendel,Larry Niven,Device fired slivers of anesthetic as darts.,No,N/A,Concept,N/A,Fictional non-lethal ammo,Atoms,
,1968,Voight-Kampff Empathy Test,Do Androids Dream of Electric Sheep?,Philip K. Dick,"A test consisting of a set of images and questions, asked while the subject's biometric data are gathered; intended to separate humans from non-humans.",No,N/A,Concept,N/A,Early AI test,Bits,
,1968,Nexus-6 Brain Unit,Do Androids Dream of Electric Sheep?,Philip K. Dick,The processing power behind android intelligence.,No,N/A,Concept,N/A,Fictional AI hardware,Bits,
,1968,Kipple,Do Androids Dream of Electric Sheep?,Philip K. Dick,The collection of useless bits of trash we wallow in; all the paper and junk that is not recycled.,No,N/A,N/A,N/A,Concept of waste,Atoms,
,1967,Homer,Logan's Run,William Nolan (w/G.C. Johnson,"A device fired from a gun that ends the life of a citizen, based on the color of their palm flower.",No,N/A,Concept,N/A,Fictional euthanasia device,Atoms,
,1967,Floating Booths,Handicap,Larry Niven,Comfortable bar booths that float around and come together for conversation.,No,N/A,Concept,N/A,Early antigravity furniture idea,Atoms,
,1967,Win-Reducing Gambling Circuit,Return Match,Philip K. Dick,Circuitry in a game that detects winning strategies and then alters the game to make winning more difficult.,No,N/A,Concept,N/A,Early dynamic game balancing,Bits,
,1967,Full-Shift Set Variable,Return Match,Philip K. Dick,Infinite possibilities built into a game machine.,No,N/A,Concept,N/A,Early procedural game generation,Bits,
,1967,Rogue Planet,Satan's World,Poul Anderson,"A planet without a sun, it wanders through galactic space.",No,N/A,N/A,N/A,Astronomical concept,Atoms,
,1967,Sleepshop,Logan's Run,William Nolan (w/G.C. Johnson,A quiet place to die.,No,N/A,Concept,N/A,Fictional euthanasia clinic,Atoms,
,1967,Fido,Riders of the Purple Wage,Philip Jose Farmer,"Combination television, news camera and surveillance device.",No,N/A,Concept,N/A,Early smart home device,Bits,
,1967,Organlegging,The Jigsaw Man,Larry Niven,Technology needed to deal in illicitly obtained body parts.,No,N/A,N/A,N/A,Fictional black market,Atoms,
,1967,Palm Flower,Logan's Run,William Nolan (w/G.C. Johnson,It's like a life clock.,No,N/A,Concept,N/A,Fictional biometric tracker,Bits,
,1967,Soft Weapon,The Soft Weapon,Larry Niven,A device that changes its shape to alter its function.,No,N/A,Concept,N/A,Early reconfigurable tech idea,Atoms,
,1967,Ramrobot,The Ethics of Madness,Larry Niven,An autonomous interstellar exploration craft using gathered hydrogen for fuel.,No,N/A,Concept,N/A,Early interstellar probe idea,Atoms,
,1967,Purple Wage,Riders of the Purple Wage,Philip Jose Farmer,Guaranteed subsidy paid to every citizen.,No,N/A,N/A,N/A,Fictional welfare model,Bits,
,1967,Fornixation,Riders of the Purple Wage,Philip Jose Farmer,Electrical stimulation of the pleasure centers of the brain.,No,N/A,Concept,N/A,Fictional pleasure tech,Bits,
,1967,Mechanical Cobra,Lord of Light,Roger Zelazny,An assassination device; senses brain waves to find its victim.,No,N/A,Concept,N/A,Fictional assassination robot,Atoms,
,1967,Lift Chair,The Last Castle,Jack Vance,A single occupant lifted by great birds.,No,N/A,Concept,N/A,Fictional animal transport,Atoms,
,1967,Syrup Sac,The Last Castle,Jack Vance,"A device used to provide an efficient source of nutrition to Meks, servants of the aristocrats of Earth.",No,N/A,Concept,N/A,Fictional nutrient delivery,Atoms,
,1967,Pray-o-Mat,Lord of Light,Roger Zelazny,A device that would offer prayers in exchange for a few coins properly deposited.,No,N/A,Concept,N/A,Early spiritual robot idea,Bits,
,1949,Fluor Strips,Sacred Martian Pig (Idris' Pig),Margaret St. Clair,Lighting long narrow devices.,Yes,Lighting companies,Fluorescent lighting,1930s,Gas-discharge illumination,Bits,
,1949,Self-Igniter,The Howling Bounders,Jack Vance,A self-lighting cigarette.,Yes,Tobacco companies,Self-lighting cigarettes,1920s,Built-in ignition,Atoms,
,1967,Cloud Sculpting,The Cloud Sculptors of Coral D,J.G. Ballard,Using gliders and chemical showers to shape clouds artistically.,No,N/A,Concept,N/A,Early weather modification idea,Atoms,
,1967,Scientific Reincarnation,Lord of Light,Roger Zelazny,"Technology to allow a person to transfer themselves to a new, healthy body.",No,N/A,Concept,N/A,Fictional transference,Atoms,
,1950,Repair Robots,The Well-Oiled Machine,H.B. Fyfe,Autonomous robots that carry out maintenance functions on a space ship.,Yes,Manufacturers,Industrial robots,1960s,Automated manual work,Atoms,
,1967,Pray-Machine,Lord of Light,Roger Zelazny,A kind of energy receiver that could retrieve a soul from the radiation belt surrounding a planet.,No,N/A,Concept,N/A,Fictional afterlife machine,Bits,
,1950,Shipboard Medical Treatment,Contagion,Katherine MacLean,An elaborate system to guard against infection in returning space explorers.,Yes,"NASA, space agencies",Space medicine,1960s,Health care for space travelers,Bits,
,1967,Skycycle,Handicap,Larry Niven,A flying Harley; motorcycle of the skies.,No,N/A,Concept,N/A,Early flying vehicle idea,Atoms,
,1950,Shuttle,Stars are Styx,Theodore Sturgeon,A space craft that travels point to point in space.,Yes,NASA,Space shuttles,1970s,Reusable orbital vehicle,Atoms,
,1950,Torch,Farmer in the Sky,Robert Heinlein,The orifice from which issued the reaction mass of an atomic powered space craft.,Yes,Rocketry,Chemical rockets,1930s,Reaction mass propulsion,Atoms,
,1967,Power-Wagon,The Last Castle,Jack Vance,Wagon powered by muscular creature from Etamin 9; uses carbohydrate syrup for fuel.,No,N/A,Concept,N/A,Fictional bio-transport,Atoms,
,1967,Dolphin's Hands,Handicap,Larry Niven,Digital prosthetic for dolphins.,No,N/A,Concept,N/A,Early animal prosthesis idea,Atoms,
,1967,AM,I Have No Mouth And I Must Scream,Harlan Ellison,A supercomputer that hates.,No,N/A,Concept,N/A,Early malevolent AI concept,Bits,
,1950,Automatic Light Switch,The Man Who Sold The Moon,Robert Heinlein,"A device that senses if an illuminated room is empty, and turns off the light.",Yes,Home automation,Smart lights,2010s,Automated home lighting,Bits,
,1950,Space Platform,The Morning of the Day They Did It,E.B. White,The Space Platform for Checking Aggression is a military orbital weapons platform.,Yes,"NASA, space agencies",Space stations,1970s,Orbiting research platforms,Atoms,
,1950,Stratovideo (Television Plane),The Morning of the Day They Did It,E.B. White,An aircraft with studios that continuously broadcast line-of-sight television.,Yes,Broadcasters,Television planes,1940s,Aerial video transmission,Atoms,
,1967,Vapor Charge,Logan's Run,William Nolan (w/G.C. Johnson,A bullet that discharges gas.,No,N/A,Concept,N/A,Fictional non-lethal ammunition,Atoms,
,1967,Sub-microscopic Medical Robots,These Savage Futurians,Philip E. High,"Tiny robots travel the bloodstream, killing bacteria.",No,N/A,Concept,N/A,Early medical nanobot idea,Atoms,
,1967,Embryonic Robots,Counter Clock World,Philip K. Dick,"Very small robots, possibly a very early reference to nanotechnology in science fiction.",No,N/A,Concept,N/A,Early nanobot idea,Atoms,
,1967,Slowboat,The Ethics of Madness,Larry Niven,An interstellar craft carrying people.,No,N/A,Concept,N/A,Early generation ship idea,Atoms,
,1950,Syntho-Steak,Farmer in the Sky,Robert Heinlein,Artificially produced meat.,Yes,Food companies,Cultured meat,2020s,Lab-grown from cells,Atoms,
,1966,Reciprocal Name,The Age of The Pussyfoot,Frederik Pohl,A nickname or familiar name used to specify a more completely defined full name and telephone number.,No,N/A,Concept,N/A,Early social networking idea,Bits,
,1950,Computer-Controlled House,The Martian Chronicles,Ray Bradbury,A residence that is an autonomous robotic system.,Yes,Home automation,Smart homes,2010s,Networked appliances,Bits,
,1950,Walker Wagon,Farmer in the Sky,Robert Heinlein,Robotic vehicle with a trough-like body and many mechanical legs.,Yes,NASA,Lunar rovers,1970s,Surface transportation,Atoms,
,1966,TW-55 Spy,Babel-17,Samuel R. Delany,Conscious control of facial characteristics.,No,N/A,Concept,N/A,Fictional disguise,Atoms,
,1950,Yeast Steak,The Evitable Conflict,Isaac Asimov,Growing custom strains of yeast as food.,Yes,Food companies,Mycoprotein,1960s,Fungal protein food,Atoms,
,1966,Antigravity Globe Arena,Babel-17,Samuel R. Delany,A spherical arena for wrestling.,No,N/A,Concept,N/A,Fictional antigravity,Atoms,
,1950,Tri-D,The Morning of the Day They Did It,E.B. White,A remarkable pesticide.,Yes,Consumer electronics,3D TV,2010s,Stereoscopic 3D displays,Bits,
,1950,Quickthaw,Farmer in the Sky,Robert Heinlein,A microwave oven to heat food items quickly.,Yes,Appliances,Microwaves,1940s,High-frequency cooking,Bits,
,1950,Diaheliper,The Morning of the Day They Did It,E.B. White,Offers delivery of diapers by air.,Yes,Aviation,Helicopters,1940s,VTOL aircraft,Atoms,
,1966,Diptray,This Immortal,Roger Zelazny,"A hovering tray of drinks, used for parties.",No,N/A,Concept,N/A,Early robot waiter idea,Atoms,
,1966,Mass-Driver Catapult,The Moon is a Harsh Mistress,Robert Heinlein,An escape-speed induction catapult to launch material into orbit.,No,N/A,Concept,N/A,Early electromagnetic launch ideas,Atoms,
,1966,Photosensitive Pigment,"Cry Hope, Cry Fury!",J.G. Ballard,Special paint that stays 'blank' until exposed to a scene.,No,N/A,Concept,N/A,Fictional smart paint,Atoms,
,1966,Radar Mesentery,This Immortal,Roger Zelazny,A thick covering that supports a network of sensors.,No,N/A,Concept,N/A,Fictional sensory network,Bits,
,1966,Cellphone Tranquilizing Spray,The Age of The Pussyfoot,Frederik Pohl,A mild sedative administered automatically by your cellphone.,No,N/A,Concept,N/A,Fictional mhealth,Atoms,
,1966,Confinement Asteroid,At the Bottom of a Hole,Larry Niven,A place where asteroid miner's babies stay to experience some needed gravity.,No,N/A,Concept,N/A,Early space colonization idea,Atoms,
,1950,Helicab,Heli-Cab Hack,John Weston,A taxi cab that flies using helicopter rotors.,Yes,Aviation,Air taxis,1960s,On-demand air transport,Atoms,
,1966,Flexible Armor Suit,Neutron Star,Larry Niven,"A pressure suit that, while flexible, becomes rigid like armor upon impact.",No,N/A,Concept,N/A,Fictional smart armor,Atoms,
,1950,Robotic Dishwasher,The Martian Chronicles,Ray Bradbury,A fully automated solution to the dishwashing problem.,Yes,Appliances,Dishwashers,1940s,Automated dish cleaning,Atoms,
,1966,Lunar Ice Mining,The Moon is a Harsh Mistress,Robert Heinlein,The practice of mining for ice on the moon.,No,N/A,N/A,N/A,Early lunar mining concept,Atoms,
,1950,Voice-Clock,The Martian Chronicles,Ray Bradbury,A clock that could state the time out loud.,Yes,Consumer electronics,Talking clocks,1870s,Verbal time announcements,Bits,
,1966,Decorative Implant,Babel-17,Samuel R. Delany,Small devices that can be implanted subcutaneously in the body and then controlled consciously.,No,N/A,Concept,N/A,Early body modification idea,Atoms,
,1951,Coffee Cube,The Marching Morons,C.M. Kornbluth,Concentrated coffee that boils itself!,Yes,Engineers,Product,1960s,Early instant coffee,Atoms,
,1951,Audio Relay,The Puppet Masters,Robert Heinlein,A communication device implanted behind the ear; also used as an alarm for wake-up calls.,Yes,Engineers,Prototype,1960s,Early implant tech,Bits,
,1966,Simulogs (Simulated Playmates),The Age of The Pussyfoot,John Brunner,Computer-generated playmates.,No,N/A,Concept,N/A,Early AI companion idea,Bits,
,1966,General Products Hull,Neutron Star,Larry Niven,Nearly indestructible outer skin for spaceships; pick your hull size and put what you want inside.,No,N/A,Concept,N/A,Fictional materials,Atoms,
,1966,Lunar Greenhouse Tunnel,The Moon is a Harsh Mistress,Robert Heinlein,A multipurpose conservatory on the Moon.,No,N/A,Concept,N/A,Early lunar habitat ideas,Atoms,
,1966,TANSTAAFL,The Moon is a Harsh Mistress,Robert Heinlein,There ain't no such thing as a free lunch.,No,N/A,N/A,N/A,Economic concept,N/A,
,1966,Laser Cannon,Neutron Star,Larry Niven,"A laser source powerful enough to provide significant light pressure to a ""light sail.""",No,N/A,Concept,N/A,Early directed energy concept,Atoms,
,1951,Single Vehicle Tunnel,Foundation,Isaac Asimov,A small diameter tunnel that accepts a single vehicle to a single destination.,Yes,Engineers,Concept,19th century,Early transit tunnels,Atoms,
,1951,Vocalex Kitchen,The Jester,William Tenn,Voice command automatic kitchen.,Yes,Engineers,Prototype,2010s,Early voice control,Atoms,
,1966,Cyborg Pilot,The Moon is a Harsh Mistress,Robert Heinlein,A combination of a human being (at least the thinking part) and a machine.,No,N/A,Concept,N/A,Early cybernetic organism idea,Atoms,
,1951,Air Speedster,Foundation,Isaac Asimov,Highly maneuverable air vehicle for hunting.,Yes,Engineers,Prototype,2020s,Early personal aerial vehicles,Atoms,
,1951,Oxygen Concentrator,Duel on Syrtis,Poul Anderson,"Gathers oxygen from a thin atmosphere until it is breathable, supporting life.",Yes,Engineers,Product,20th century,Real oxygen extraction,Atoms,
,1966,Virtual Kiss (Tactile Net),The Age of The Pussyfoot,Frederik Pohl,A phone-like device that will communicate a kiss in a tactile manner.,No,N/A,Concept,N/A,Early haptic communication idea,Bits,
,1951,Dirt-Farming,The End of the Line,James Schmitz,An archaic method of food production.,Yes,Farmers,Technique,Prehistoric,Real non-soil farming,Atoms,
,1951,Machine Test Scoring,The Fun They Had,Isaac Asimov,A device that scans a specially prepared grade sheet and determines a student's score.,Yes,Educators,Product,1960s,Early ed tech,Bits,
,1951,Telebook,The Fun They Had,Isaac Asimov,A book made available in text on a television screen.,Yes,Engineers,Product,2000s,Early ebooks,Bits,
,1951,Space Station One,The Sands of Mars,Arthur C. Clarke,"Describes an early space station similar to the International Space Station, that grew over time by accretion.",Yes,Engineers,Prototype,1970s,Early space stations,Atoms,
,1951,Mechanical Teacher,The Fun They Had,Isaac Asimov,A computer device able to teach children.,Yes,Educators,Prototype,1920s,Early teaching machines,Bits,
,1966,Dream Console,The Dream Master (He Who Shapes),Roger Zelazny,Device allows a therapist to enter and create dreams in patients.,No,N/A,Concept,N/A,Fictional dream tech,Bits,
,1951,Teledar,The Jester,William Tenn,Three-dimensional television.,Yes,Engineers,Prototype,2000s,Early 3D TV,Bits,
,1966,Ro-Womb,The Dream Master (He Who Shapes),Roger Zelazny,Device enfolds the patient during therapy.,No,N/A,Concept,N/A,Fictional immersive therapy,Atoms,
,1951,Finger Watch,Key Decision,H.B. Fyfe,A ring that contains a working timepiece and a display.,Yes,Designers,Product,1970s,Early smart rings,Atoms,
,1966,Mike (Mycroft Holmes - Fair Dinkum Thinkum),The Moon is a Harsh Mistress,Robert Heinlein,"A large computer that woke up - an artificially intelligent, self-aware machine.",No,N/A,Concept,N/A,Early general AI concept,Bits,
,1966,Moon As Prison,The Moon is a Harsh Mistress,Robert Heinlein,The moon is a prison without bars.,No,N/A,N/A,N/A,Fictional space penal colony,Atoms,
,1966,Hush Hood,The Moon is a Harsh Mistress,Robert Heinlein,"A device that cancels noise, ensuring that others cannot overhear.",No,N/A,Concept,N/A,Fictional sound cancellation,Atoms,
,1966,Extra-Factual Memory,We Can Remember It For You Wholesale,Philip K. Dick,"A ""memory"" placed in a person's mind by artifice, rather than by real life experience.",No,N/A,Concept,N/A,Fictional memory implant,Bits,
,1951,Calculator Pad,Foundation,Isaac Asimov,Used to make psychohistoric calculations,Yes,Engineers,Product,1960s,Early tablets,Bits,
,1951,Vat Meat (Albert),The End of the Line,James Schmitz,Meat grown in a vat.,Yes,Scientists,Product,2000s,Real cultured meat,Atoms,
,1966,Sprung-Samser Treatment,This Immortal,Roger Zelazny,A medical treatment to extend human life.,No,N/A,Concept,N/A,Fictional life extension,Atoms,
,1966,Gauzy,This Immortal,Roger Zelazny,"A feather-light tent, made of a fabric just one molecule thick.",No,N/A,Concept,N/A,Fictional materials,Atoms,
,1951,Genetic Engineering,Dragon's Island,Jack Williamson,Direct manipulation of genetic material,Yes,Scientists,Technique,1970s,Real genetic engineering,Atoms,
,1966,Life Recorder,The Dream Master (He Who Shapes),Roger Zelazny,Record the details of your life.,No,N/A,Concept,N/A,Early lifelogging idea,Bits,
,1966,Gravity Planer,The Warriors,Larry Niven,Device that creates a gravity field.,No,N/A,Concept,N/A,Fictional gravity generator,Atoms,
,1966,Vivatape,Babel-17,Samuel R. Delany,Perfectly seals cuts also helps through-skin implants heal.,No,N/A,Concept,N/A,Fictional smart bandage,Atoms,
,1966,Alternate Computer Personality,The Moon is a Harsh Mistress,Robert Heinlein,"A computer system that can take on complete, alternate personalities.",No,N/A,Concept,N/A,Early context-specific AI,Bits,
,1966,Tensile Memory Polarized Matter,Babel-17,Samuel R. Delany,The same piece of material can take pre-determined shapes.,No,N/A,Concept,N/A,Fictional programmable matter,Atoms,
,1966,Sheem Spider Robot,The Witches of Karres,James Schmitz,A robotic spider.,No,N/A,Concept,N/A,Early robot animal,Atoms,
,1966,Filing Crystal,Babel-17,Samuel R. Delany,"Part kiosk, part storage system.",No,N/A,Concept,N/A,Fictional storage device,Atoms,
,1951,Spy Beam,Foundation,Isaac Asimov,"A surveillance device that projects energy into a room, revealing conversation taking place.",Yes,Engineers,Product,20th century,Real surveillance tech,Bits,
,1951,Plasto-Textile,Foundation,Isaac Asimov,A fabric that cannot be stained.,Yes,Engineers,Product,1950s,Early synthetics,Atoms,
,1966,Discorporate Sector,Babel-17,Samuel R. Delany,An electronic afterlife.,No,N/A,Concept,N/A,Early digital consciousness idea,Bits,
,1966,Rolem (Wrestling Robot),This Immortal,Roger Zelazny,A robotic wrestling companion.,No,N/A,Concept,N/A,Early recreational robot,Atoms,
,1951,Helmet-Mounted Display Screen,Rock Diver,Harry Harrison,A small electronic display mounted for easy viewing.,Yes,Engineers,Product,1980s,Real HUDs,Bits,
,1951,Powered artificial exoskeleton,Between Planets,Robert Heinlein,A robotic device designed to support someone too weak to comfortably move in high gravity.,Yes,Engineers,Prototype,1960s,Early exosuits,Atoms,
,1966,Fusion Sunlight Tube,At the Bottom of a Hole,Larry Niven,Central light source for a spun cylinder space station.,No,N/A,Concept,N/A,Early artificial sun idea,Atoms,
,1951,Sun-Room,Foundation,Isaac Asimov,"On a planet-wide city, the only way to get some sun without going to the roof.",Yes,Architects,Concept,19th century,Real sunrooms,Atoms,
,1951,Guided Missile Control Station,Between Planets,Robert Heinlein,An orbital missile base.,Yes,Military,Concept,20th century,Real missile control,Bits,
,1951,Space Transfer Station,Between Planets,Robert Heinlein,An orbiting space station primarily used as a stepping-off point from Earth.,Yes,Engineers,Product,1970s,Real space stations,Atoms,
,1966,Belter,The Warriors,Larry Niven,A person who was born and raised in the asteroid belt around Sol.,No,N/A,N/A,N/A,Fictional space culture,N/A,
,1966,Discorporaphone,Babel-17,Samuel R. Delany,For speaking with the electronic dead.,No,N/A,Concept,N/A,Fictional afterlife tech,Bits,
,1951,Autocab,Between Planets,Robert Heinlein,An fully automated taxi cab.,Yes,Engineers,Prototype,2010s,Early self-driving cars,Atoms,
,1951,Winged Rocket Shuttle,Between Planets,Robert Heinlein,A sort of plane that briefly reached space while traveling between points on a planet.,Yes,Engineers,Prototype,1980s,Real Space Shuttle,Atoms,
,1966,Chemelectric Afferent Nerve-Analogues,This Immortal,Roger Zelazny,An engineered sensory skin.,No,N/A,Concept,N/A,Fictional neural interface,Atoms,
,1966,Sleeping Plates,Neutron Star,Larry Niven,A pair of plates that nullify gravity for the being(s) sleeping between them. Is null gravity the answer to your sleep problems?,No,N/A,Concept,N/A,Fictional antigravity,Atoms,
,1966,Right Angle Projectile,The Mad Metropolis,Philip E. High,A missile that turns at right angles after being fired.,No,N/A,Concept,N/A,Fictional maneuvering munition,Atoms,
,1951,Microwire,Between Planets,Robert Heinlein,A very thin wire used for recording purposes.,Yes,Engineers,Product,1950s,Early miniaturization,Atoms,
,1966,Babel-17,Babel-17,Samuel R. Delany,An alien weapon in the form of a language.,No,N/A,N/A,N/A,Fictional viral language,Bits,
,1966,Death-Reversal Equipment,The Age of The Pussyfoot,Frederik Pohl,Brings you back from losing a duel.,No,N/A,Concept,N/A,Fictional resurrection tech,Atoms,
,1966,Morphogen,Fantastic Voyage (Novel),Isaac Asimov,A drug that party relieves the need for sleep.,No,N/A,Concept,N/A,Fictional alertness drug,Atoms,
,1966,Miniaturization,Fantastic Voyage (Novel),Isaac Asimov,Making a physical object smaller in size.,No,N/A,N/A,N/A,Fictional physics,Atoms,
,1966,Self-Assembling Robots,The Witches of Karres,James Schmitz,"Robots with the capacity to assemble themselves from components, and then switch themselves on.",No,N/A,Concept,N/A,Early robotic self-assembly,Atoms,
,1966,Bubbleworld,At the Bottom of a Hole,Larry Niven,"A rigid space station that is shaped like a cylinder, rotated to achieve centripetal gravity.",No,N/A,Concept,N/A,Early space habitat concept,Atoms,
,1951,Robotic Chess Expert,First He Died (Time and Again),Clifford Simak,A robot that plays chess at a level that no human can match.,Yes,Programmers,Prototype,1990s,Early game AI,Bits,
,1966,Adam Selene,The Moon is a Harsh Mistress,Robert Heinlein,A computer generates a human avatar for itself.,No,N/A,Concept,N/A,Early digital avatar,Bits,
,1966,Artificial Gill Outfit,We Can Remember It For You Wholesale,Philip K. Dick,A diving suit that pulls air from the water.,No,N/A,Concept,N/A,Early breathing apparatus,Atoms,
,1951,Shuttle Ship,Between Planets,Robert Heinlein,"A spacecraft that could take off from a planet, rendezvous with an object in orbit, and fly back to the surface like a glider.",Yes,Engineers,Product,1980s,Real Space Shuttle,Atoms,
,1966,Telepathic Transmitter (Telep-transmitter),We Can Remember It For You Wholesale,Philip K. Dick,A device using living alien tissue to transmit your thoughts.,No,N/A,Concept,N/A,Fictional telepathy machine,Bits,
,1966,Erased Memory,We Can Remember It For You Wholesale,Philip K. Dick,A procedure that deletes selected memories from the human mind.,No,N/A,Concept,N/A,Fictional memory editing,Bits,
,1966,Martian Print Amoeba,Now Wait For Last Year,Philip K. Dick,An organism able to mimic consumer goods.,No,N/A,Concept,N/A,Fictional biotech,Atoms,
,1951,Anti-Spying Device,Foundation,Isaac Asimov,Foolproof means of defending against spy beams.,Yes,Engineers,Product,20th century,Real surveillance countermeasures,Bits,
,1966,Radson Skimmer,This Immortal,Roger Zelazny,"A small vehicle designed for a small number of passengers; capable of low, slow flight.",No,N/A,Concept,N/A,Fictional aircraft,Atoms,
,1966,Robant Bill Collector,Now Wait For Last Year,Philip K. Dick,"A robot designed to collect overdue bills, no matter what.",No,N/A,Concept,N/A,Early debt collection AI,Bits,
,1966,Tru-Mem Systems,We Can Remember It For You Wholesale,Philip K. Dick,Organic process of recalling personal events.,No,N/A,N/A,N/A,Fictional memory concept,Bits,
,1966,Cloaking Device,Balance of Terror,Paul Schneider,A force field that renders an object invisible to human eyes as well as other sensor devices.,No,N/A,Concept,N/A,Fictional invisibility tech,Atoms,
,1951,Selector Card,The Puppet Masters,Robert Heinlein,Pneumatic delivery of book films by using a mechanical form of data storage; selector cards - probably punch cards.,Yes,Engineers,Product,Early 20th century,Real punch card tech,Bits,
,1951,Suction Mail Tube,The Illustrated Man,Ray Bradbury,An evacuated tube system carrying mail to residences.,Yes,Engineers,Prototype,19th century,Real pneumatic tubes,Atoms,
,1966,Ansible,Rocannon's World,Ursula LeGuin,Faster-than-light communication.,No,N/A,Concept,N/A,Fictional FTL comms,Bits,
,1965,Ramscoop,World of Ptavvs,Larry Niven,"An enormous magnetic field precedes a spaceship moving through space, directing interstellar hydrogen inward for use as fuel.",No,N/A,Concept,N/A,Early interstellar propulsion idea,Atoms,
,1965,CAN-D,The Three Stigmata of Palmer Eldritch,Philip K. Dick,Illegal narcotic chewed to alter the state of colonists.,No,N/A,Concept,N/A,Fictional recreational drug,Atoms,
,1965,Oil Lens,Dune,Frank Herbert,"Oil held in tension in an enclosing force field, used as an optical component.",No,N/A,Concept,N/A,Fictional optics,Atoms,
,1965,Stilltent,Dune,Frank Herbert,"A small, sealable enclosure which reclaimed moisture from the breath of occupants.",No,N/A,Concept,N/A,Early space habitat ideas,Atoms,
,1951,The Veldt,The Illustrated Man,Ray Bradbury,A nursery that comes alive for the viewer.,Yes,Engineers,Prototype,2010s,Early VR,Bits,
,1965,Thumper,Dune,Frank Herbert,A short stake with a spring-driven clapper at one end; used to call sandworms.,No,N/A,Concept,N/A,Fictional animal lure,Atoms,
,1965,Remote-Cast Snooper,Dune,Frank Herbert,"A small, easily concealed poison snooper.",No,N/A,Concept,N/A,Fictional sensor device,Bits,
,1965,Leybyrdite,Subspace Explorers,E.E. 'Doc' Smith,Extremely tough crystalline metal.,No,N/A,Concept,N/A,Fictional materials,Atoms,
,1965,Factory Crawler (or Harvester Crawler),Dune,Frank Herbert,"A mobile factory which filtered and processed the sands of Dune for the spice, mélange.",No,N/A,Concept,N/A,Early mobile factory idea,Atoms,
,1965,Mnemonic Pulse,Dune,Frank Herbert,A feature of filmbook recordings that helps imprint knowledge on the mind of the user.,No,N/A,Concept,N/A,Fictional mnemonic tech,Bits,
,1965,Truffle Skins,The Three Stigmata of Palmer Eldritch,Philip K. Dick,Genetically unique skins are the common currency; their special genetic makeup makes forgery impossible.,No,N/A,Concept,N/A,Fictional currency,Atoms,
,1965,Fencing Mirror,Dune,Frank Herbert,A dummy fighting instructor for the young Kwisatz Haderach-in-training.,No,N/A,Concept,N/A,Early training robot idea,Atoms,
,1965,Mentat,Dune,Frank Herbert,A person who has been specially trained and conditioned for excellence in,No,N/A,N/A,N/A,Fictional profession,N/A,
,1965,Voice,Dune,Frank Herbert,Combines exceptional insight into personalty with voice modulation to achieve control over individuals.,No,N/A,N/A,N/A,Fictional persuasion skill,N/A,
,1965,Rachag,Dune,Frank Herbert,A caffeine-style stimulant.,No,N/A,Concept,N/A,Fictional stimulant,Atoms,
,1965,Semuta,Dune,Frank Herbert,"A combination of a specific drug and music, which penetrated to the deepest levels of consciousness.",No,N/A,Concept,N/A,Fictional consciousness altering,Bits,
,1965,Antithermal Shield,The Three Stigmata of Palmer Eldritch,Philip K. Dick,A material that protected against climate warming.,No,N/A,Concept,N/A,Fictional climate engineering,Atoms,
,1965,Filterable Virus,The Three Stigmata of Palmer Eldritch,Philip K. Dick,A special virus that is instantly carcinomatous.,No,N/A,Concept,N/A,Fictional bioweapon,Atoms,
,1952,Stun Pistol,Foundation and Empire,Isaac Asimov,A hand-held device that causes unconsciousness.,Yes,Defense companies,Stun guns,1970s,Non-lethal weapons,Atoms,
,1965,Poison Tongue Dart,The Three Stigmata of Palmer Eldritch,Philip K. Dick,Weapon surgically implanted in the tongue.,No,N/A,Concept,N/A,Fictional concealed weapon,Atoms,
,1952,Animal-tissue Culture Vat,Uller Uprising,H. Beam Piper,A means of producing artificial meat for food.,Yes,Food companies,Cultured meat,2020s,Lab-grown meat,Atoms,
,1952,Recorded Books,Foundation and Empire,Isaac Asimov,Electronically recorded books.,Yes,Audiobook companies,Audiobooks,1930s,Audio book recordings,Bits,
,1952,Pocket Projector,Foundation and Empire,Isaac Asimov,A personal device for replaying media.,Yes,Consumer electronics,Pico projectors,2010s,Handheld projectors,Bits,
,1965,Model the Universe,The Cyberiad: Fables for the Cybernetic Age,Stanislaw Lem,A computer capacious enough to contain a representation of the entire universe.,No,N/A,Concept,N/A,Early simulation ideas,Bits,
,1952,Hilsch Vortex Tube,The Space Merchants,Frederik Pohl (w/CM Kornbluth,A T-shaped device that admits air under pressure and outputs hot air from side and cold from the other.,Yes,Industry,Vortex tubes,1930s,Separates hot and cold air,Atoms,
,1965,Bubblehead,The Three Stigmata of Palmer Eldritch,Philip K. Dick,"A person who as undergone E therapy, and achieved the frontal lobe of their dreams.",No,N/A,N/A,N/A,Fictional consciousness change,Bits,
,1952,Chicken Little,The Space Merchants,Frederik Pohl (w/CM Kornbluth,Very early reference to meat grown in a vat for food.,Yes,Food companies,Cultured meat,2020s,Lab-grown meat,Atoms,
,1965,Cephalic Pattern Door,The Zap Gun,Philip K. Dick,A door that only opens for specific people.,No,N/A,Concept,N/A,Early biometric door lock,Bits,
,1965,Sapho Juice,Dune,Frank Herbert,Unique substance enhanced the cognitive performance of Mentats.,No,N/A,Concept,N/A,Fictional cognitive enhancer,Atoms,
,1965,Residual Poison,Dune,Frank Herbert,"A poison that, once administered, resides in the body; only regular intake of the antidote keeps the person alive.",No,N/A,Concept,N/A,Fictional toxin,Atoms,
,1965,Dekon Type DCQ,Subspace Explorers,E.E. 'Doc' Smith,Decontamination foam.,No,N/A,Concept,N/A,Fictional hazard foam,Atoms,
,1965,Wakeshot,Dune,Frank Herbert,An injection designed to bring a person out of sleep to full wakefulness.,No,N/A,Concept,N/A,Fictional stimulant,Atoms,
,1965,Pain Box,Dune,Frank Herbert,A small box which induced pain into the nerves of the hand.,No,N/A,Concept,N/A,Fictional torture device,Atoms,
,1965,Garbage-can Banger,The Zap Gun,Philip K. Dick,An elaborate noise-based weapon.,No,N/A,Concept,N/A,Fictional sonic weapon,Atoms,
,1965,Suspensor Lamp,Dune,Frank Herbert,"A lamp that will float in mid-air, and will stay where you put it.",No,N/A,Concept,N/A,Fictional antigravity,Atoms,
,1952,Automatic Pilot,The Space Merchants,Frederik Pohl (w/CM Kornbluth,A device to control the movement of aircraft using computer components.,Yes,Aviation,Autopilots,1920s,Automatic aircraft control,Bits,
,1965,Sandsnork,Dune,Frank Herbert,A device like a snorkel that would provide air to a tent buried by a sand storm.,No,N/A,Concept,N/A,Early space survival gear,Atoms,
,1965,Kingdom in a Box,The Cyberiad: Fables for the Cybernetic Age,Stanislaw Lem,An entire civilization in miniature - in an interactive box.,No,N/A,Concept,N/A,Early simulation concept,Bits,
,1965,Amtal Rule,Dune,Frank Herbert,Testing to destruction,No,N/A,N/A,N/A,Fictional doctrine,N/A,
,1952,Gas Giant,Solar Plexus,James Blish,Large planet consisting primarily of gas with a solid core.,Yes,Astronomy,Gas giants,17th century,Giant gaseous planets,Atoms,
,1965,Slaver Sunflowers,World of Ptavvs,Larry Niven,Plants evolved to reflect light to burn natural enemies.,No,N/A,Concept,N/A,Fictional weaponized plants,Atoms,
,1965,Teddy Bear Robot,I Always Do What Teddy Says,Harry Harrison,A special toy bear given to every child in the world.,No,N/A,Concept,N/A,Early social robot concept,Atoms,
,1965,Plasteel,Dune,Frank Herbert,"Extremely tough form of steel, stabilized with stravidium fibers grown into its crystal.",No,N/A,Concept,N/A,Fictional materials,Atoms,
,1965,Suspensor Chair,Dune,Frank Herbert,A chair that suspends itself above the floor.,No,N/A,Concept,N/A,Fictional antigravity furniture,Atoms,
,1965,Handicloset,The Zap Gun,Philip K. Dick,A self-organizing closet,No,N/A,Concept,N/A,Early smart home ideas,Atoms,
,1952,Solar-powered Prefab House,Ring Around the Sun,Clifford Simak,A pre-built house that can live off the grid.,Yes,Home builders,Solar homes,1970s,Homes with solar power,Atoms,
,1965,Dispensing Tooth,Dune,Frank Herbert,A device shaped like a tooth that dispenses gas.,No,N/A,Concept,N/A,Fictional concealed device,Atoms,
,1965,Cardioplate,Repent Harlequin' Said the Ticktockman,Harlan Ellison,"A device that could take seconds or minutes off your life, one beat at a time (or all at once).",No,N/A,Concept,N/A,Fictional life monitor,Bits,
,1952,Wall-Light,Foundation and Empire,Isaac Asimov,The walls of a room provide illumination.,Yes,Lighting companies,Wall sconces,19th century,Lights attached to walls,Bits,
,1965,Ornithopter,Dune,Frank Herbert,"Also called a 'thopter, it had adjustable wings and was jet-powered. Describes any plane capable of wing-beat flight in the manner of birds.",No,N/A,Concept,N/A,Fictional aircraft,Atoms,
,1965,Heighliner,Dune,Frank Herbert,Enormous starship used by the Spacing Guild for interstellar travel.,No,N/A,Concept,N/A,Fictional starship,Atoms,
,1965,Hunter-seeker,Dune,Frank Herbert,An assassination device that floats in mid-air; kills by entering the body and following nerve pathways to vital organs.,No,N/A,Concept,N/A,Fictional assassination robot,Atoms,
,1965,Stillsuit,Dune,Frank Herbert,"It covers almost the entire body, provides cooling and ensures that almost no moisture is lost.",No,N/A,Concept,N/A,Early space suit ideas,Atoms,
,1965,Thopter,Dune,Frank Herbert,Describes any plane capable of wing-beat flight in the manner of birds.,No,N/A,Concept,N/A,Fictional aircraft,Atoms,
,1965,Gom Jabbar,Dune,Frank Herbert,"A needle with deadly poison, used to test for humans.",No,N/A,Concept,N/A,Fictional poison test,Atoms,
,1965,Hypno-Ligation,Dune,Frank Herbert,A means of psychological control over an individual.,No,N/A,Concept,N/A,Fictional mind control,Bits,
,1965,Golden Lights,Dune,Frank Herbert,Another unusual use of the suspensor field; lights are suspended in it.,No,N/A,Concept,N/A,Fictional antigravity,Atoms,
,1952,Automated Wake-Up Call,The Kokod Warriors,Jack Vance,A device that provides automated wake-up calls.,Yes,Tech companies,Smart speakers,2010s,Voice-activated assistants,Bits,
,1965,N-e (Needle-eyeification) Weapon,The Zap Gun,Philip K. Dick,A class of weapons that had the most precise effect imaginable.,No,N/A,Concept,N/A,Fictional surgical weapon,Atoms,
,1965,Civic Notification Distorter,The Zap Gun,Philip K. Dick,A device that subtly damages databases full of government information.,No,N/A,Concept,N/A,Fictional database attack,Bits,
,1965,Death-rattle File,The Zap Gun,Philip K. Dick,A cache of information set to destroy itself upon the death of its owner.,No,N/A,Concept,N/A,Early self-destructing data,Bits,
,1965,Battery-Powered 3D Comic Book,The Zap Gun,Philip K. Dick,A comic book the pages of which were animated by battery power.,No,N/A,Concept,N/A,Early e-paper idea,Bits,
,1965,Slow Pellet Stunner,Dune,Frank Herbert,A projectile device that throws darts in a manner calculated to get past a force shield.,No,N/A,Concept,N/A,Fictional non-lethal weapon,Atoms,
,1965,Sheep Dip Isolator,The Zap Gun,Philip K. Dick,A non-lethal malodorant weapon.,No,N/A,Concept,N/A,Fictional non-lethal weapon,Atoms,
,1965,Autonomic Interviewer,The Zap Gun,Philip K. Dick,A robotic reporter.,No,N/A,Concept,N/A,Early mobile newsbot,Atoms,
,1965,Crysknife,Dune,Frank Herbert,A knife blade ground from the tooth of a giant sandworm of Dune.,No,N/A,Concept,N/A,Fictional blade materials,Atoms,
,1952,Droid (First Use),Robots of the World! Arise!,Mari Wolf,"Contraction of ""android"".",Yes,Lucasfilm,Droids,1977,Robots in Star Wars universe,Atoms,
,1952,Zero 'g' (Zero Gee),Islands in the Sky,Arthur C. Clarke,"In a ship in orbit, in free fall.",Yes,"NASA, Space agencies",Microgravity,1950s,Weightlessness in space,Bits,
,1965,Spice (Melange),Dune,Frank Herbert,The spice must flow.,No,N/A,N/A,N/A,Fictional drug,Atoms,
,1952,Depilatory Soap,Gravy Planet,Frederik Pohl (w/CM Kornbluth,A labor-saving combination of soap and a agent that removes hair.,Yes,Cosmetics,Hair removal,1900s,Chemical hair removal,Atoms,
,1965,Sietch,Dune,Frank Herbert,"A cave warren designed to protect a tribal community, with a population of thousands, with its own water supply in an endless desert.",No,N/A,Concept,N/A,Early underground habitat,Atoms,
,1965,Spatial-Postal Card,Bill the Galactic Hero,Harry Harrison,Mail from home - that hungry soldiers can also eat.,No,N/A,Concept,N/A,Fictional edible message,Atoms,
,1965,Suspensor,Dune,Frank Herbert,An energy field that can nullify gravity for small objects.,No,N/A,Concept,N/A,Fictional antigravity,Atoms,
,1965,Filt-Plug,Dune,Frank Herbert,A nose plug worn to collect moisture from exhaled air.,No,N/A,Concept,N/A,Early moisture reclamation idea,Atoms,
,1965,Battle Language,Dune,Frank Herbert,"A special-purpose language designed for both clear communication of information related to war, and difficulty of translation.",No,N/A,N/A,N/A,Fictional military language,Bits,
,1965,Fanmetal,Dune,Frank Herbert,"High tensile strength material; used in collapsible structures opened by ""fanning"" them out.",No,N/A,Concept,N/A,Fictional materials,Atoms,
,1965,Gnostotron,The Cyberiad: Fables for the Cybernetic Age,Stanislaw Lem,Computing device capable of producing an informational model of absolutely everything in existence.,No,N/A,Concept,N/A,Early simulation ideas,Bits,
,1965,Robomule,Bill the Galactic Hero,Harry Harrison,The robotic equivalent of a mule.,No,N/A,Concept,N/A,Early robot animal concept,Atoms,
,1965,Police Control-Override,A Plague of Demons,Keith Laumer,A device that allows police officers to take control of an otherwise normal vehicle.,No,N/A,Concept,N/A,Fictional vehicle override,Bits,
,1965,Personalized Fashion Display,Bill the Galactic Hero,Harry Harrison,A set of displays that show you dressed in different uniforms.,No,N/A,Concept,N/A,Early virtual dressing room,Bits,
,1952,Medical Use for Weightlessness,Accidental Flight,W.F. Wallace,Early reference to the idea of using a weightless environment for medical purposes.,Yes,"NASA, space medicine",Microgravity research,1960s,Studying zero-g conditions,Bits,
,1965,Optical-Effect Suit,A Plague of Demons,Keith Laumer,An invisibility garment.,No,N/A,Concept,N/A,Fictional stealth suit,Atoms,
,1965,Medical Mech,Warrior,Gordon R. Dickson,A medical robot designed to prevent death during emergencies.,No,N/A,Concept,N/A,Early medical robot,Atoms,
,1965,Heat-Removing Staff,The Dead Lady of Clown Town,Cordwainer Smith,Device absorbs all heat from its target.,No,N/A,Concept,N/A,Fictional thermal weapon,Atoms,
,1952,Beeper,Islands in the Sky,Arthur C. Clarke,"A handheld radar set, used to find items that have drifted off.",Yes,Aviation,Aircraft transponders,1930s,Location tracking device,Bits,
,1965,Doorseal,Dune,Frank Herbert,A portable plastic seal used in temporary camps to keep moisture from escaping from dwelling places.,No,N/A,Concept,N/A,Early inflatable habitat ideas,Atoms,
,1965,Ego-Likeness,Dune,Frank Herbert,An extremely detailed portrait played through a shigawire projector; capable of reproducing minute movements said to convey the ego essence of a person.,No,N/A,Concept,N/A,Early hologram idea,Bits,
,1965,Watertube,Dune,Frank Herbert,Carries water to and from the catchpockets in a Fremen stillsuit.,No,N/A,Concept,N/A,Fictional moisture recycling,Atoms,
,1952,Tree-Grown Wood,Gravy Planet,Frederik Pohl (w/CM Kornbluth,"The natural product, obtained by cutting down a living tree.",Yes,Forestry,Timber,Ancient,Building material from trees,Atoms,
,1965,Distrans,Dune,Frank Herbert,Device produces a temporary neural imprint on the nervous system of Chiroptera or birds.,No,N/A,Concept,N/A,Fictional animal control,Bits,
,1965,Jubba Cloak,Dune,Frank Herbert,An all-purpose garment in common use on Arrakis,No,N/A,Concept,N/A,Fictional desert garment,Atoms,
,1965,Commuter Cooling Unit,The Three Stigmata of Palmer Eldritch,Philip K. Dick,A portable air conditioner for commuters.,No,N/A,Concept,N/A,Early portable AC,Atoms,
,1965,Catchpocket,Dune,Frank Herbert,A small container in a stillsuit that stored reclaimed water.,No,N/A,Concept,N/A,Early moisture recycling idea,Atoms,
,1953,Visicastor,Second Foundation,Isaac Asimov,A person who presents video broadcasts.,Yes,Media,N/A,1950s,Early TV presenters,Bits,
,1965,Femfatalatron,The Cyberiad: Fables for the Cybernetic Age,Stanislaw Lem,A device that reverses an infatuation for a particular woman.,No,N/A,Concept,N/A,Fictional love altering device,Bits,
,1953,Ring Road,Starman Jones,Robert Heinlein,A magnetically levitated train.,Yes,Engineers,N/A,1960s,Early maglev trains,Atoms,
,1965,Minimic Film,Dune,Frank Herbert,Very fine message medium.,No,N/A,Concept,N/A,Fictional microfilm,Bits,
,1953,Robot Pianist,Virtuoso,Herbert Goldstone,A robot learns the fine art of playing classical music on the piano.,Yes,Engineers,N/A,1982,Early music playing robot,Atoms,
,1953,Robot Psyche Tester,Colony,Philip K. Dick,An automated psychiatric evaluation device.,Yes,Engineers,N/A,2010s,Real automated psych eval,Bits,
,1953,Robot Door,Colony,Philip K. Dick,"Automated door has some decision-making capabilities, in addition to speech recognition capabilities.",Yes,Engineers,N/A,2000s,Early smart door,Atoms,
,1965,Dr. Smile,The Three Stigmata of Palmer Eldritch,Philip K. Dick,A suitcase-sized analyst; a machine that served as a psychotherapist.,No,N/A,Concept,N/A,Early therapeutic AI,Bits,
,1965,Glowglobe,Dune,Frank Herbert,Floating spherical light bulb with organic energy source.,No,N/A,Concept,N/A,Fictional lighting,Atoms,
,1965,Krimskell Fiber,Dune,Frank Herbert,"A ""claw"" fiber which will rubs against itself in such a way that, the tighter the rope is pulled, the stronger the knot becomes.",No,N/A,Concept,N/A,Fictional smart materials,Atoms,
,1964,Time-Warping Construct,"Lies, Inc.",Philip K. Dick,A device that appears to cause alternate worlds or paraworld.,No,N/A,Concept,N/A,Fictional reality distortion,Atoms,
,1953,Automatobile,Sally,Isaac Asimov,An autonomous private car.,Yes,Engineers,N/A,2010s,Early self-driving cars,Atoms,
,1953,Automatobus,Sally,Isaac Asimov,An autonomous or self-driving bus seating a number of people.,Yes,Engineers,N/A,2010s,Early autonomous buses,Atoms,
,1964,Chalf (Quick-Scribe Powder),The Tactful Saboteur,Frank Herbert,A special powder that forms itself into words and symbols.,No,N/A,Concept,N/A,Fictional smart materials,Atoms,
,1964,Commercial Fly,The Simulacra,Philip K. Dick,"An autonomous, fly-sized manufactured creature that presents commercial advertisements.",No,N/A,Concept,N/A,Early microdrone concept,Atoms,
,1964,Ident-Key,The Penultimate Truth,Philip K. Dick,"Allows the retrieval of a person's entire history of reading material, allowing the prediction of his future thinking.",No,N/A,Concept,N/A,Fictional profiling tech,Bits,
,1964,Reporting Machine,The Simulacra,Philip K. Dick,A robotic roving reporter.,No,N/A,Concept,N/A,Early mobile newsbot,Atoms,
,1953,Self-Sufficient House,Childhood's End,Arthur C. Clarke,A single family residence that required no surrounding infrastructure.,Yes,Architects,N/A,1970s,Early self-sufficient homes,Atoms,
,1964,Creditor Jet-Balloon,"Lies, Inc.",Philip K. Dick,"A small, hovering device that hounds debtors.",No,N/A,Concept,N/A,Fictional debt collection,Atoms,
,1964,Cephalotropic Dart,"Lies, Inc.",Philip K. Dick,"A slim, short-range device that homes in on the brain wave pattern of the target.",No,N/A,Concept,N/A,Fictional targeted projectile,Atoms,
,1964,Ampek F-a2 Recording System,The Simulacra,Philip K. Dick,"A device that incorporated a living protoplasm, used as a recording and playback system.",No,N/A,Concept,N/A,Fictional bio-computer,Bits,
,1953,Legislation Analyzer,The Trouble With Bubbles,Philip K. Dick,Device analyzes potentially biased bills.,Yes,Engineers,N/A,2010s,Real legislative analysis tools,Bits,
,1964,Identificator,The Star King,Jack Vance,A hologram projector used to flash door signs.,No,N/A,Concept,N/A,Early hologram idea,Bits,
,1964,Housefly Monitor,"Lies, Inc.",Philip K. Dick,A living fly that is outfitted with sensors for surveillance work.,No,N/A,Concept,N/A,Early animal cyborg idea,Atoms,
,1953,Autonomous Car Intercommunication,Sally,Isaac Asimov,Automatic cars talk to each other about everything.,Yes,Engineers,N/A,2010s,Real vehicle-to-vehicle communication,Bits,
,1953,Parlor Wall (TV Parlor),Fahrenheit 451,Ray Bradbury,"The original ""big screen TV"" takes up an entire wall of a room.",Yes,Engineers,N/A,1960s,Early large screen TVs,Bits,
,1964,Flexible Stem,The Killing Machine,Jack Vance,A long flexible tube that can expand and contract its length quickly.,No,N/A,Concept,N/A,Fictional materials,Atoms,
,1953,Sound Analysis,Assignment in Eternity,Robert Heinlein,"Improving language teaching by showing the waveform of a spoken word or phrase, and comparing it to standard speech.",Yes,Educators,N/A,20th century,Real speech analysis,Bits,
,1953,Robotaxi,Dugal Was A Spaceman,Joe Gibson,"A fully automated, driverless taxi.",Yes,Engineers,N/A,2020s,Early autonomous taxis,Atoms,
,1953,Pocket Phone (or pocketphone),Assignment in Eternity,Robert Heinlein,A telephone that is not hard wired to the network; a mobile or cell phone.,Yes,Engineers,N/A,1980s,Early mobile phones,Bits,
,1964,Surface Slider,The Star King,Jack Vance,"A small, lightweight craft.",No,N/A,Concept,N/A,Fictional vehicle,Atoms,
,1953,Spot-Wavex Scrambler,Fahrenheit 451,Ray Bradbury,"Provides a more personalized experience of television, by letting the announcers talk to you personally.",Yes,Engineers,N/A,2000s,Early personalized media,Bits,
,1964,Adjustable Television,The Simulacra,Philip K. Dick,A television that allowed viewers to adjust the content of political speeches.,No,N/A,Concept,N/A,Early personalized media idea,Bits,
,1953,Air-Propelled Train,Fahrenheit 451,Ray Bradbury,A silent means of mass transit.,Yes,Engineers,N/A,1960s,Early maglev trains,Atoms,
,1964,Live Memo,The Simulacra,Philip K. Dick,A paper memo or short letter that reads itself and can even argue with or exhort its reader.,No,N/A,Concept,N/A,Fictional paper UI,Bits,
,1964,Famnexdo,The Simulacra,Philip K. Dick,"A set of four simulacra, one adult male, one adult female and two children; the family next door.",No,N/A,N/A,N/A,Fictional androids,Atoms,
,1953,Seashell Radio (Thimble Radios),Fahrenheit 451,Ray Bradbury,Small radios that fit into the ears like hearing aids or ear buds.,Yes,Engineers,N/A,1980s,Early earbuds,Atoms,
,1964,Walking Fort,The Killing Machine,Jack Vance,A biomimetic fort based on the model of a centipede.,No,N/A,Concept,N/A,Fictional biomech,Atoms,
,1964,Bibs,Cantata 140,Philip K. Dick,People who are put in cold-sleep because there is no niche for them in society.,No,N/A,N/A,N/A,Fictional cryonics,Atoms,
,1953,Green Bullet,Fahrenheit 451,Ray Bradbury,"A very compact (for 1950) radio transceiver, worn in the ear like a hearing aid.",Yes,Engineers,N/A,1950s,Early miniaturized radio,Bits,
,1964,Chairdog,The Tactful Saboteur,Frank Herbert,A chair that is alive and partly sentient; it shapes itself to the person sitting in it.,No,N/A,Concept,N/A,Early smart furniture,Atoms,
,1964,Cephalic Sniffer,Clans of the Alphane Moon,Philip K. Dick,Device can locate an individual using brain patterns.,No,N/A,Concept,N/A,Fictional brainwave tech,Bits,
,1964,Pry-Vie (Robotic Detective),Clans of the Alphane Moon,Philip K. Dick,A robotic private eye; autonomic detection services.,No,N/A,Concept,N/A,Early investigative AI,Bits,
,1964,Single Seat Scooter,The Star King,Jack Vance,A self-service monocycle.,No,N/A,Concept,N/A,Fictional vehicle,Atoms,
,1964,Manual Closet,Clans of the Alphane Moon,Philip K. Dick,"An old-fashioned storage room for clothing, which required the user to place and organize articles of apparel by hand.",No,N/A,N/A,N/A,Describing non-automated tasks,N/A,
,1953,Transcriber,Second Foundation,Isaac Asimov,A automated transcriptionist - a machine which perfectly translates human speech into words on paper.,Yes,Engineers,N/A,1970s,Early speech recognition,Bits,
,1964,Undersea Restaurant,The Star King,Jack Vance,A restaurant located in its entirety under the sea.,No,N/A,Concept,N/A,Early undersea habitat,Atoms,
,1953,Electronic-Eyed Snake,Fahrenheit 451,Ray Bradbury,A fully automated stomach pump.,Yes,Engineers,N/A,1960s,Early medical robots,Atoms,
,1953,Space Flight Simulator,Space Tug,Murray Leinster,Very early description of a way to practice flying in space while still on Earth.,Yes,Engineers,N/A,1950s,Early spaceflight simulators,Bits,
,1964,Agfom Potent-Shot,Clans of the Alphane Moon,Philip K. Dick,Special film allows user to take a picture of what happens in the next thirty minutes.,No,N/A,Concept,N/A,Fictional precognitive camera,Bits,
,1964,Skin Toning,The Star King,Jack Vance,Using artificial means to effect a temporary change in skin color.,No,N/A,Concept,N/A,Early smart cosmetics idea,Atoms,
,1964,Platform Flyer,The Star King,Jack Vance,A small craft suitable for journeys close to the ground.,No,N/A,Concept,N/A,Fictional aircraft,Atoms,
,1953,Garbage Screen,Space Tug,Murray Leinster,Use of bits of metal to confuse radar targeting of space stations.,Yes,Military,N/A,20th century,Real radar countermeasures,Bits,
,1953,Zero-G Cups,Space Tug,Murray Leinster,Cups that were specially designed to be usable under zero gravity conditions.,Yes,Engineers,N/A,1960s,Early space food research,Atoms,
,1964,Universal Technical Consultative Service,The Star King,Jack Vance,"Interstellar travel plans calculated, reserved and confirmed.",No,N/A,Concept,N/A,Early virtual travel agent,Bits,
,1964,Chalf-Memory Stick,The Tactful Saboteur,Frank Herbert,Device that organizes special dust in the shape of words and symbols.,No,N/A,Concept,N/A,Fictional smart materials,Atoms,
,1964,Boulder,Cantata 140,Philip K. Dick,A device that homed in on a person's brain wave pattern; a very specific assassination device.,No,N/A,Concept,N/A,Fictional targeted weapon,Atoms,
,1964,Word Tab,Cantata 140,Philip K. Dick,A feature of an e-paper document; touch the word tab and get more information.,No,N/A,Concept,N/A,Early e-paper UI idea,Bits,
,1964,Empathy Box,The Little Black Box,Philip K. Dick,A device which allows a group of people to empathize with a single person (like television lets many people view the same broadcast).,No,N/A,Concept,N/A,Fictional empathic tech,Bits,
,1964,Autonomic Plow,Clans of the Alphane Moon,Philip K. Dick,A set of farm implements able to combine and perform as a weapon.,No,N/A,Concept,N/A,Fictional agribot,Atoms,
,1953,Automatic Ticket Machine,Second Foundation,Isaac Asimov,Get your ticket to Trantor automatically.,Yes,Engineers,N/A,20th century,Early vending machines,Atoms,
,1964,Uptime,The Traps of Time,John Baxter,Forward in time.,No,N/A,N/A,N/A,Time travel term,N/A,
,1964,Jump Point,Bill for Delivery,Christopher Anvil,A specific location in space where an interstellar jump can be accomplished.,No,N/A,Concept,N/A,Fictional FTL point,Atoms,
,1964,Poison-Bearing Invisible Glove,"Lies, Inc.",Philip K. Dick,"Membranous apparel for the hands, used to dispense poisons.",No,N/A,Concept,N/A,Fictional stealth weapon,Atoms,
,1964,Weary Deep-Sleep,"Lies, Inc.",Philip K. Dick,Phildickian old-sleep.,No,N/A,N/A,N/A,Fictional cryonics,Atoms,
,1964,Downtime,The Traps of Time,John Baxter,Traveling back in time.,No,N/A,N/A,N/A,Time travel term,N/A,
,1964,Court Robo-Clerk,The Tactful Saboteur,Frank Herbert,A robotic law clerk.,No,N/A,Concept,N/A,Early legal AI,Bits,
,1964,Nipple-Assist,"Lies, Inc.",Philip K. Dick,A multi-purpose electronic device worn upon the nipple.,No,N/A,Concept,N/A,Fictional wearable device,Bits,
,1964,Courtarena,The Tactful Saboteur,Frank Herbert,"A combination of a court of law, and an arena of combat, in which every participant could be called out and executed under legal circumstances.",No,N/A,N/A,N/A,Fictional legal system,Bits,
,1963,"Transparent, Frictionless Coating",Way Station,Clifford Simak,"An absolutely frictionless, impenetrable coating.",No,N/A,Concept,N/A,Fictional materials,Atoms,
,1963,Ice-Nine,Cat's Cradle,"Kurt Vonnegut, Jr.",A crystalline form of water so stable that in practical terms it would never melt.,No,N/A,N/A,N/A,Fictional physics,Atoms,
,1953,Robotic Conductor,Paycheck,Philip K. Dick,A robot charged with conductor's duties aboard a bus or other public transportation.,Yes,Engineers,N/A,2010s,Real autonomous buses,Atoms,
,1953,Brains,The Cosmic Blinker,Eando Binder,"An electronic brain that is able to do problem solving. This idea seems to be the impetus behind current artificial intelligence that seeks to solve problems, rather than to simulate human intelligenc",Yes,Programmers,N/A,1950s,Early problem-solving AI,Bits,
,1963,Desk Secretary,The Long Result,John Brunner,A desk with a computerized secretary built into it.,No,N/A,Concept,N/A,Early voice UI,Bits,
,1953,Yeast-Culture Vats,Caves of Steel,Isaac Asimov,Using cultured yeast as the basis for food production.,Yes,Scientists,N/A,20th century,Real yeast farming,Atoms,
,1963,Shadow People,Way Station,Clifford Simak,Alien knowledge leads to alien results - for humans.,No,N/A,N/A,N/A,Fictional experiment,N/A,
,1963,Perky Pat Layout,The Days of Perky Pat,Philip K. Dick,A very special playset into which adults could project their very being.,No,N/A,Concept,N/A,Early immersive play,Bits,
,1963,Homotropic News Vending Machine,The Game Players of Titan,Philip K. Dick,"An autonomous news-selling robot, that was able to specifically seek out human beings.",No,N/A,Concept,N/A,Early mobile newsbot,Atoms,
,1963,Fold Box,Glory Road,Robert Heinlein,A chest that is bigger on the inside than it is on the outside.,No,N/A,Concept,N/A,Fictional extradimensional storage,Atoms,
,1963,Way Station Materializer,Way Station,Clifford Simak,"By sending impulses that describe a creature from star to star, transport across the galaxy is accomplished.",No,N/A,Concept,N/A,Fictional teleporter,Atoms,
,1963,Jump Drive,Ethical Engineer,Harry Harrison,A means of propulsion used on spacecraft that allows a ship to travel from point to distant point without actually needing to traverse the space in between.,No,N/A,Concept,N/A,Fictional FTL drive,Atoms,
,1963,News Clown,Stand-By,Philip K. Dick,A person who delivers specially selected light news.,No,N/A,N/A,N/A,Fictional media job,N/A,
,1963,Way Station,Way Station,Clifford Simak,A device used to transport individuals across the galaxy.,No,N/A,Concept,N/A,Fictional teleporter,Atoms,
,1963,Talisman,Way Station,Clifford Simak,Device that causes beings nearby to experience truth and peace; works only in the hands of rare adepts.,No,N/A,Concept,N/A,Fictional peace artifact,Atoms,
,1963,Subliminal Billboards,The Subliminal Man,J.G. Ballard,Enormous outdoor billboards that are totally blank - or are they?,No,N/A,Concept,N/A,Fictional subliminal ads,Bits,
,1963,Solar Yacht,Sunjammer,Arthur C. Clarke,A space craft whose motive power is light pressure on a solar sail.,No,N/A,Concept,N/A,Early solar sail idea,Atoms,
,1963,Sleep-Inducer,Sunjammer,Arthur C. Clarke,A device that electronically imposes sleep on a human being.,No,N/A,Concept,N/A,Fictional sleep inducing,Bits,
,1963,Multiverse,The Sundered Worlds,Michael Moorcock,A set or series of universes in parallel with our own.,No,N/A,N/A,N/A,Concept of parallel universes,N/A,
,1954,Voicewriter Screen (Computer Monitor),Granny Won't Knit,Theodore Sturgeon,A screen that displays characters.,Yes,Tech companies,Computer monitors,1950s,Visual display for computers,Bits,
,1963,Free Telephone Call,The Subliminal Man,J.G. Ballard,All telephone calls are free - in exchange for short commercials.,No,N/A,N/A,N/A,Fictional telecom model,Bits,
,1962,Lunar Web,Hothouse,Brian Aldiss,The moon ensnared by cobwebs.,No,N/A,Concept,N/A,Fictional lunar phenomenon,Atoms,
,1962,Dumbler,Hothouse,Brian Aldiss,Half-sentient spores of the whistle thistle.,No,N/A,N/A,N/A,Fictional alien life,Atoms,
,1962,Photonic Sail,"Think Blue, Count Two",Cordwainer Smith,A sail that uses light pressure for propulsion.,No,N/A,Concept,N/A,Early solar sail idea,Atoms,
,1962,Static House,The Thousand Dreams of Stellavista,J.G. Ballard,"A house that was once fully psychotropic and malleable, but which had been frozen in one configuration.",No,N/A,Concept,N/A,Early smart home idea,Atoms,
,1962,Light-Sail Ship,"Think Blue, Count Two",Cordwainer Smith,A spacecraft that used a huge sail moved by light pressure.,No,N/A,Concept,N/A,Early solar sail spacecraft,Atoms,
,1962,Laminated Mouse Brain Computer,"Think Blue, Count Two",Cordwainer Smith,A computing device that makes use of neurons from a mouse.,No,N/A,Concept,N/A,Fictional bio-computer,Bits,
,1962,Senso-Cells,The Thousand Dreams of Stellavista,J.G. Ballard,"Sensors that recorded personal characteristics of the owners of a house, to better serve their needs.",No,N/A,Concept,N/A,Early ambient sensor idea,Bits,
,1962,Plastex,The Thousand Dreams of Stellavista,J.G. Ballard,"A combination of plaster and latex, it allows houses to change shape for you.",No,N/A,Concept,N/A,Early smart material idea,Atoms,
,1962,Psychotropic House,The Thousand Dreams of Stellavista,J.G. Ballard,"Buildings designed to sense, and mirror, the psychological state of their owners.",No,N/A,Concept,N/A,Early ambient intelligence,Atoms,
,1962,Robot Earthworm,War With The Robots,Harry Harrison,"Autonomous swarming robots the size of earthworms, with similar earth-digging capabilities.",No,N/A,Concept,N/A,Early robot swarm idea,Atoms,
,1962,Solar Sail (Light Sail),Sail 25,Jack Vance,A form of propulsion for spacecraft; a sheet of lightweight material reflects light from the sun or other light source.,No,N/A,Concept,N/A,Early solar sail idea,Atoms,
,1962,Tand,The Dragon Masters,Jack Vance,"A metal sculpture, made in contemplation, which has great meaning for the initiates.",No,N/A,N/A,N/A,Fictional alien art,Atoms,
,1962,Alcodote,Space Viking,H. Beam Piper,A compound that maintains sobriety while drinking.,No,N/A,Concept,N/A,Fictional sobriety drug,Atoms,
,1962,Robot Librarian Filer,The Robot Who Wanted to Know,Harry Harrison,"A device that works as a librarian, automatically filing books in the stacks.",No,N/A,Concept,N/A,Early cataloging AI,Bits,
,1962,Celestial Armamentarium,The Dragon Masters,Jack Vance,"A small crystal planetarium, in which the stars and planets surrounding Aerlith are seen.",No,N/A,Concept,N/A,Early immersive astronomy,Bits,
,1962,Self-Healing Building,The Thousand Dreams of Stellavista,J.G. Ballard,A building that responds to stresses or cracks in walls by healing the damaged portion.,No,N/A,Concept,N/A,Early smart material idea,Atoms,
,1962,Freezebox,"Think Blue, Count Two",Cordwainer Smith,A chamber for long term sleep between the stars.,No,N/A,Concept,N/A,Fictional cryonics,Atoms,
,1954,Web (Data Network),Souvenir,Philip K. Dick,An information network.,Yes,Tech companies,World Wide Web,1990s,Global information network,Bits,
,1954,Trace Web,Souvenir,Philip K. Dick,"A small, handheld device that contacts (and even instantiates) the larger network.",Yes,Tech companies,Smartphones,2000s,Mobile access to the web,Atoms,
,1961,Chlorophane,The Planet Strappers,Raymond Z. Gallun,Similar to chlorophyll but synthetic and far more efficient.,No,N/A,Fictional photosynthetic material,N/A,Fictional concept,Atoms,
,1961,Stellene,The Planet Strappers,Raymond Z. Gallun,"A tough, transparent material used to make domes or even spacecraft.",No,N/A,Fictional transparent material,N/A,Fictional concept,Atoms,
,1961,Self-Guided Rocket Bullets,The Planet Strappers,Raymond Z. Gallun,A rifle made for airless environments shoots rocket bullets.,No,N/A,Fictional ammunition,N/A,Fictional concept,Atoms,
,1961,Dust-Ski,A Fall of Moondust,Arthur C. Clarke,Special vehicle adapted for quick travel over powdered lunar soil.,No,N/A,Fictional lunar vehicle,N/A,Fictional concept,Atoms,
,1961,Moondozer,A Fall of Moondust,Arthur C. Clarke,A bulldozer for lunar conditions.,No,N/A,Fictional lunar vehicle,N/A,Fictional concept,Atoms,
,1961,Grok,Stranger in a Strange Land,Robert Heinlein,"To understand fully; become one with (from the Martial verb ""to drink"").",No,N/A,Fictional concept,N/A,Coined term,Bits,
,1961,Lecton,Return from the Stars,Stanislaw Lem,A device that would read aloud an electronic text book.,No,N/A,Audiobook player,N/A,Fictional concept,Bits,
,1961,Hunting Robe,Time is the Simplest Thing,Clifford Simak,"A very thin, furry hunter that captures by constriction.",No,N/A,Fictional creature,N/A,Fictional concept,Atoms,
,1954,Reading Plate,The Star Beast,Robert Heinlein,A flat screen that provided computer output for viewing.,Yes,Tech companies,Tablet computers,2010s,Portable touchscreen devices,Atoms,
,1954,Truth Meter,The Star Beast,Robert Heinlein,A lie detector.,Yes,Polygraph companies,Lie detectors,1920s,Deception detection,Bits,
,1961,Igloo Inflatable Moon Habitat,A Fall of Moondust,Arthur C. Clarke,"An inflatable, portable lunar shelter that can be easily moved and set up.",No,N/A,Inflatable lunar habitat,N/A,Fictional concept,Atoms,
,1961,Jump Harness,Stranger in a Strange Land,Robert Heinlein,"A device small enough to be worn as a backpack, that gave booster power for jumping.",No,N/A,Leg exoskeleton,N/A,Fictional concept,Atoms,
,1961,Mental Radio-Handicap,Harrison Bergeron,"Kurt Vonnegut, Jr.",A device that destroys concentration.,No,N/A,Cognition jammer,N/A,Dystopian concept,Bits,
,1961,Lyle Drive,Stranger in a Strange Land,Robert Heinlein,Propulsion system for use inside the solar system.,No,N/A,Fictional spacecraft drive,N/A,Fictional concept,Bits,
,1961,Pleasure Cap,A Planet Named Shayol,Cordwainer Smith,A device that delivers amps of pleasure directly to the brain.,No,N/A,Neural pleasure inducer,N/A,Fictional concept,Bits,
,1961,Mind Destroyer,A Planet Named Shayol,Cordwainer Smith,"A method for wiping clean the mind of a human being, leaving only enough to run the body's functions.",No,N/A,Mind wiping,N/A,Fictional concept,Bits,
,1961,Dromozoa,A Planet Named Shayol,Cordwainer Smith,Life forms that cause the human body to bud new parts for harvesting.,No,N/A,Fictional parasite,N/A,Fictional concept,Atoms,
,1961,Living Grass Carpet,Stranger in a Strange Land,Robert Heinlein,"An indoor area covered with grass, in the manner of a carpet.",No,N/A,Indoor turf,N/A,Fictional concept,Atoms,
,1961,Transo,Time is the Simplest Thing,Clifford Simak,"Teleportation of objects and personnel, used as the basis for ""Trading Post"" stores across the planet.",No,N/A,Matter transmitter,N/A,Fictional concept,Bits,
,1961,Air-Restorer Capsule,The Planet Strappers,Raymond Z. Gallun,A device that re-oxygenates air in space suits.,No,N/A,Fictional air purifier,N/A,Fictional concept,Atoms,
,1961,Gobathian,Time is the Simplest Thing,Clifford Simak,An alien medical technology that enables full body healing in the event of traumatic injury.,No,N/A,Healing technology,N/A,Fictional concept,Bits,
,1961,Dimensino,Time is the Simplest Thing,Clifford Simak,An alien entertainment center that provides the ultimate in immersive experience.,No,N/A,Immersive entertainment,N/A,Fictional concept,Bits,
,1961,Butcher Vegetable,Time is the Simplest Thing,Clifford Simak,A plant that grows steaks (protein).,No,N/A,Meat-growing plant,N/A,Fictional concept,Atoms,
,1961,Star Machine,Time is the Simplest Thing,Clifford Simak,"A device that serves as a boost to psychokinetic powers of mind, enabling paranormals to send their awareness to distant planets.",No,N/A,Psionic amplifier,N/A,Fictional concept,Bits,
,1961,Sun-Powered Ionic Drive Motor,The Planet Strappers,Raymond Z. Gallun,A rocket propulsion system that takes solar energy to power an ion drive.,No,N/A,Ion drive,N/A,Propulsion concept,Bits,
,1961,Space Bubble (Bubb),The Planet Strappers,Raymond Z. Gallun,An inflatable spacecraft.,No,N/A,Inflatable spacecraft,N/A,Fictional concept,Atoms,
,1961,Emotional Register (ER),The Primal Urge,Brian Aldiss,A small disk worn in the forehead that discloses the emotional state of the wearer.,No,N/A,Mood ring,N/A,Fictional concept,Bits,
,1954,Escape Pod,The Vanisher,Michael Shaara,"A small automated ship attached to a larger ship or station, used in the event of an emergency.",Yes,"NASA, SpaceX",Escape capsules,1960s,Emergency spacecraft egress,Atoms,
,1961,Betrization,Return from the Stars,Stanislaw Lem,An in utero method of reducing human aggression.,No,N/A,Prenatal engineering,N/A,Fictional concept,Bits,
,1961,Green Guk,The Beat Cluster,Fritz Leiber,Algae that produces essential oxygen as a byproduct.,No,N/A,Oxygen-producing algae,N/A,Fictional concept,Atoms,
,1961,Calster,Return from the Stars,Stanislaw Lem,A handheld device that printed legal currency on the spot.,No,N/A,Mobile money printer,N/A,Fictional concept,Atoms,
,1961,Inflatable Living-Globe,The Beat Cluster,Fritz Leiber,"An inflatable bubble in space, suitable for human habitation.",No,N/A,Inflatable habitat,N/A,Fictional concept,Atoms,
,1961,Dust-Cruiser,A Fall of Moondust,Arthur C. Clarke,Specialized lunar transport able to negotiate dust-filled craters on the Moon.,No,N/A,Lunar rover,N/A,Fictional concept,Atoms,
,1961,Sun-Quilt,The Beat Cluster,Fritz Leiber,A colorful fabric with a silvered backing used to shield the interior of a living-globe from excessive sunlight.,No,N/A,Radiation shielding fabric,N/A,Fictional concept,Atoms,
,1954,Space Capsule,Space Capsule,E.R. James,A minimal space craft.,Yes,"NASA, space agencies",Space capsules,1960s,Minimal crewed spacecraft,Atoms,
,1961,Sealingsilk,The Beat Cluster,Fritz Leiber,"Transparent and flexible material, even against hard vacuum in space.",No,N/A,Fictional material,N/A,Fictional concept,Atoms,
,1961,Recording Radio,Four-Day Planet,H. Beam Piper,A handheld device that both recorded sound and transmitted it live to a remote broadcasting location.,No,N/A,Mobile broadcasting,N/A,Fictional concept,Bits,
,1961,Parastatics,Return from the Stars,Stanislaw Lem,Means of completely eliminating injury in vehicles during crashes.,No,N/A,Inertial damping,N/A,Fictional concept,Bits,
,1961,Crystal Corn,Return from the Stars,Stanislaw Lem,Tiny data storage crystals.,No,N/A,Fictional storage medium,N/A,Fictional concept,Atoms,
,1961,Sky Ceiling,Return from the Stars,Stanislaw Lem,"Ceilings that consist of large screens, on which are presented images of the sky.",No,N/A,Immersive display,N/A,Fictional concept,Bits,
,1961,Taper,Time is the Simplest Thing,Clifford Simak,A device that records details about a visit to a distant planet.,No,N/A,Alien recording device,N/A,Fictional concept,Bits,
,1954,Polarized Window,The Houses of Iszm,Jack Vance,"Rather than curtains, use the window to control the light.",Yes,Glass industry,Smart glass,1990s,Electrically switchable glass,Bits,
,1961,Interactive Map,Return from the Stars,Stanislaw Lem,A small book with a 'touch-screen' paper interactive map.,No,N/A,Touchscreen,N/A,Fictional concept,Bits,
,1961,Spray-On Clothing,Return from the Stars,Stanislaw Lem,Body coverings from a spray can.,No,N/A,Spray-on clothing,N/A,Fictional concept,Atoms,
,1961,Skip-Glide,The Planet Strappers,Raymond Z. Gallun,A means of using the atmosphere to delicately slow a space craft during re-entry.,No,N/A,Spacecraft maneuver,N/A,Fictional concept,Bits,
,1961,Magnetic Soles,A Spaceship Named McGuire,Gordon Randall Garrett,Magnetized footwear for easy walking on low gravity metal surfaces.,No,N/A,Magnetic boots,N/A,Fictional concept,Atoms,
,1955,Simulacrum Window,Tunnel in the Sky,Robert Heinlein,A 'window' that provides a realistic outdoor view in an interior room.,Yes,Engineers,N/A,2000s,Early virtual windows,Bits,
,1955,Robot Gardener,War Veteran,Philip K. Dick,"An autonomous gardening robot, taking care of plants in parks or fields.",Yes,Engineers,N/A,2000s,Real gardening robots,Atoms,
,1961,Flitterboat,A Spaceship Named McGuire,Gordon Randall Garrett,A one-man cargo space craft.,No,N/A,Fictional spacecraft,N/A,Fictional concept,Atoms,
,1961,Carniculture Plants,Four-Day Planet,H. Beam Piper,Industrial plants that grow meat protein.,No,N/A,Cultured meat,N/A,Fictional concept,Atoms,
,1961,Plexiskin,A Spaceship Named McGuire,Gordon Randall Garrett,A means of disguise.,No,N/A,Fictional material,N/A,Fictional concept,Atoms,
,1955,Synthetic Milk,Autofac,Philip K. Dick,Milk made without cows.,Yes,Scientists,N/A,2010s,Real synthetic dairy,Atoms,
,1961,Astroposit,The Hunch,Christopher Anvil,Retro-style system provides a readout on your position anywhere in the galaxy.,No,N/A,Spacecraft navigation,N/A,Fictional concept,Bits,
,1961,IntruGrab,The Hunch,Christopher Anvil,A system designed to capture intruders.,No,N/A,Booby trap,N/A,Fictional concept,Bits,
,1961,Reading Machine,Stranger in a Strange Land,Robert Heinlein,A projector which showed text on a screen or the ceiling for easy reading.,No,N/A,Text reader,N/A,Fictional concept,Bits,
,1960,Dermal Spray,Dr. Futurity,Philip K. Dick,"A color coating for the skin, applied as a jet of vapor.",No,N/A,Skin coating,N/A,Fictional concept,Atoms,
,1960,Semi-Conducting Graphite-Gel,Callahan and the Wheelies,Stephen Barr,Computer brain structured like animal brain.,No,N/A,Artificial brain,N/A,Fictional concept,Atoms,
,1955,Autonomous Truck,Autofac,Philip K. Dick,A truck that drives itself and unloads itself.,Yes,Engineers,N/A,2010s,Early autonomous trucks,Atoms,
,1960,Domed Mapviewer,Dorsai!,Gordon R. Dickson,Illuminated hemispherical map display.,No,N/A,Hemispheric display,N/A,Fictional concept,Bits,
,1960,Pencil Beam,Vulcan's Hammer,Philip K. Dick,A thin tube-like laser beam weapon.,No,N/A,Laser weapon,N/A,Fictional concept,Bits,
,1955,Electronic Analogue of Living Brain,The Tunnel Under The World,Frederik Pohl,Imposing the abilities of a human brain into a computer,Yes,Engineers,N/A,1950s,Early neural networks,Bits,
,1955,Landing-Grid,Sand Doom,Murray Leinster,A constructed landing area on a planetary surface for space craft.,Yes,Engineers,N/A,20th century,Real spaceport infrastructure,Atoms,
,1955,Commute Disk,The Chromium Fence,Philip K. Dick,Flying autonomous commuter vehicle.,Yes,Engineers,N/A,2020s,Early aerial mobility concepts,Atoms,
,1960,Fluid Metal Letters,Vulcan's Hammer,Philip K. Dick,A smooth metal display able to display words.,No,N/A,Dynamic display,N/A,Fictional concept,Bits,
,1960,Single Sheet Molecule,Dorsai!,Gordon R. Dickson,A counterfeit-proof way to output unique documents.,No,N/A,Counterfeit protection,N/A,Fictional concept,Atoms,
,1955,Monocab,Earthlight,Arthur C. Clarke,A single compartment monorail car.,Yes,Engineers,N/A,20th century,Early mass transit,Atoms,
,1955,Automatic Ore Cart,Autofac,Philip K. Dick,An autonomous truck for raw ore processing.,Yes,Engineers,N/A,Late 20th century,Real autonomous mining trucks,Atoms,
,1960,Infiltrators,Vulcan's Hammer,Philip K. Dick,"Surveillance devices, small and insectile.",No,N/A,Spy robot,N/A,Fictional concept,Atoms,
,1955,Automatic Factory,Autofac,Philip K. Dick,Manufacturing facility that functions entirely autonomously.,Yes,Engineers,N/A,1970s,Early industrial automation,Atoms,
,1960,Vulcan 3,Vulcan's Hammer,Philip K. Dick,Artificially intelligent self-modifying supercomputer.,No,N/A,AI,N/A,Fictional concept,Bits,
,1955,Robot Surgeon-Hand,War Veteran,Philip K. Dick,A skilled surgical robot that attaches at the end of the surgeon's arm.,Yes,Engineers,N/A,2000s,Real surgical robots,Atoms,
,1960,Adiabatic Pods,The Lady Who Sailed The Soul,Cordwainer Smith,Tiny space capsules large enough to hold one passenger.,No,N/A,Single-person spacecraft,N/A,Fictional concept,Atoms,
,1960,Metal BIrds,Vulcan's Hammer,Philip K. Dick,"Surveillance robots that carried weapons, in addition to using their metal bodies.",No,N/A,Combat drone,N/A,Fictional concept,Atoms,
,1955,Robot Taxi,Solar Lottery,Philip K. Dick,A taxicab with a robotic driver.,Yes,Engineers,N/A,2020s,Early autonomous taxis,Atoms,
,1960,Bacteria-Destroying Radiation,Dr. Futurity,Philip K. Dick,A special beam that created a sterile field for operations.,No,N/A,Sterilizing ray,N/A,Fictional concept,Bits,
,1960,Cold-Pack,Dr. Futurity,Philip K. Dick,Technology for indefinite cold storage of human beings.,No,N/A,Cryogenic preservation,N/A,Fictional concept,Atoms,
,1955,Artigraft,Solar Lottery,Philip K. Dick,Artificial skin graft.,Yes,Doctors,N/A,1960s,Early artificial skin,Atoms,
,1960,Indestructible Contract,Dorsai!,Gordon R. Dickson,Legal document in which can't be easily altered or damaged.,No,N/A,Tamper-proof document,N/A,Fictional concept,Bits,
,1955,Hand Wave Control,Solar Lottery,Philip K. Dick,Control an electronic or other device with gestures.,Yes,Engineers,N/A,2010s,Real gesture control,Bits,
,1960,Starlight Sail (Light Sail),The Lady Who Sailed The Soul,Cordwainer Smith,A light sail capable of sailing between solar systems.,No,N/A,Solar sail,N/A,Hypothetical concept,Atoms,
,1960,Bolo,Combat Unit,Keith Laumer,An highly advanced combat tank controlled by a sophisticated Artificial Intelligence.,No,N/A,Autonomous tank,N/A,Fictional concept,Bits,
,1955,Visual Report Screen,Nanny,Philip K. Dick,A device that allows a robot nanny to let the owners view what the robot sees from a remote location.,Yes,Engineers,N/A,2010s,Early telepresence,Bits,
,1960,Power Holster,Deathworld,Harry Harrison,Puts the sidearm right in your hand.,No,N/A,Wearable holster,N/A,Fictional concept,Atoms,
,1960,Art-Derm,Dr. Futurity,Philip K. Dick,Artificial skin sprayed directly on the body.,No,N/A,Synthetic skin,N/A,Fictional concept,Atoms,
,1955,Aircab,Time Crime,H. Beam Piper,A flying autonomous taxi cab.,Yes,Engineers,N/A,2020s,Early aerial taxis,Atoms,
,1960,Spring-Rifle,Dorsai!,Gordon R. Dickson,Projectile weapon designed to be resistant to countermeasures.,No,N/A,Fictional weapon,N/A,Fictional concept,Atoms,
,1960,Chameleon Battle-Dress,Dorsai!,Gordon R. Dickson,Camouflage that allows its wearer to visually blend into the environment.,No,N/A,Adaptive camouflage,N/A,Fictional concept,Atoms,
,1960,Ball and Hammer Ship,Dorsai!,Gordon R. Dickson,Spaceship comprised of two sections connected by a shaft.,No,N/A,Fictional spacecraft,N/A,Fictional concept,Atoms,
,1955,Space Craft Rope Ladder,Diabologic,Eric Frank Russell,Equipment used for debarking from a space craft.,Yes,Engineers,N/A,20th century,Real space access equipment,Atoms,
,1960,Self-Charging Robot,Callahan and the Wheelies,Stephen Barr,A robot that is able to autonomously find an electrical outlet and plug itself in to recharge.,No,N/A,Autonomous charging,N/A,Fictional concept,Bits,
,1955,Bore-Pellets,"Foster, You're Dead",Philip K. Dick,Anti-underground bomb shelter ordinance.,Yes,Military,N/A,20th century,Real bunker-buster bombs,Atoms,
,1955,Multivac,Franchise,Isaac Asimov,A computer with millions of facts.,Yes,Engineers,N/A,1960s,Early supercomputers,Bits,
,1960,Hammer,Vulcan's Hammer,Philip K. Dick,Flying blunt trauma weapon remote-controlled by an artificially intelligent computer.,No,N/A,Flying melee weapon,N/A,Fictional concept,Atoms,
,1955,Guard Robot,The Hood Maker ('Immunity'),Philip K. Dick,Early reference to a robot performing the functions of a security guard.,Yes,Engineers,N/A,2010s,Real security robots,Atoms,
,1960,Learning Robot,Callahan and the Wheelies,Stephen Barr,A robot that learns from its own experiences.,No,N/A,Machine learning,N/A,Fictional concept,Bits,
,1959,Neodog,Starship Troopers,Robert Heinlein,"Canine-derived animal, genetically engineered for increased intelligence and speech.",No,N/A,Uplifted dog,N/A,Fictional concept,Atoms,
,1955,Trion Library,The Magellanic Cloud,Stanislaw Lem,An early visualization of the Internet.,Yes,Engineers,N/A,1990s,Real Internet,Bits,
,1955,Pocket Receiver,The Magellanic Cloud,Stanislaw Lem,An early visualization of the smartphone.,Yes,Engineers,N/A,1990s,Early mobile devices,Bits,
,1955,Dashboard TV,The Chromium Fence,Philip K. Dick,A television placed in the dashboard of your car or similar vehicle.,Yes,Engineers,N/A,1990s,Real dashboard screens,Bits,
,1955,Light-Absorbing Paint,Earthlight,Arthur C. Clarke,Space stealth!,Yes,Engineers,N/A,20th century,Real low-observability tech,Atoms,
,1955,Automatized Factory,The Tunnel Under The World,Frederik Pohl,A factory consisting of machines with imposed human abilities.,Yes,Engineers,N/A,1970s,Early industrial automation,Atoms,
,1959,Electromechanical Educator,The Fourth R,George O. Smith,An automated teaching machine.,No,N/A,Teaching machine,N/A,Fictional concept,Bits,
,1959,Saddle,The Big Front Yard,Clifford Simak,A comfortable riding saddle - minus the horse.,No,N/A,Flying saddle,N/A,Fictional concept,Atoms,
,1959,Robot Judge,Robot Justice,Harry Harrison,Artificially intelligent legal machine - robes and all.,No,N/A,AI judge,N/A,Fictional concept,Bits,
,1959,Powered Armor (or Powered Suit),Starship Troopers,Robert Heinlein,"An armored suit that magnifies the power of the soldier's muscles, along with other weapons.",No,N/A,Powered exoskeleton,N/A,Fictional concept,Atoms,
,1959,Hands Free Helmet,Starship Troopers,Robert Heinlein,The helmet of a powered suit has controls activated by head movements.,No,N/A,Augmented reality helmet,N/A,Fictional concept,Atoms,
,1959,Talking Bomb,Starship Troopers,Robert Heinlein,A psychological warfare weapon that talks to the enemy.,No,N/A,Psychological warfare,N/A,Fictional concept,Bits,
,1959,Magnetically Floating Furniture,The Sirens of Titan,"Kurt Vonnegut, Jr.",Furniture that is suspended at the proper height using magnetic forces.,No,N/A,Magnetic levitation,N/A,Fictional concept,Bits,
,1959,Grass Carpet,The Sirens of Titan,"Kurt Vonnegut, Jr.",An indoor home or office floor covering - living grass.,No,N/A,Indoor turf,N/A,Fictional concept,Atoms,
,1959,Mark IV Door Keeping Robot,The Man Who Could Not Stop,A. Bertram Chandler,A robotic device for responding (and scanning) people who come to your door.,No,N/A,Doorman robot,N/A,Fictional concept,Atoms,
,1959,Toy Testing Dummy,War Game,Philip K. Dick,A child-sized device used to test suspect toys.,No,N/A,Product testing,N/A,Fictional concept,Atoms,
,1959,Metallic Marx,The Robots Strike,Harry Harrison,A robot who strikes for better working conditions.,No,N/A,Labor activist robot,N/A,Fictional concept,Atoms,
,1959,Robotic Trash Can,Robot Justice,Harry Harrison,A sensor-equipped waste can capable of autonomous cleaning - and legal judgement.,No,N/A,Autonomous trash can,N/A,Fictional concept,Atoms,
,1959,Hyperspace Beacon,The Repairman,Harry Harrison,"Located in real space, these devices provide reference points in hyperspace to make navigation possible.",No,N/A,Hyperspace navigation,N/A,Fictional concept,Bits,
,1959,Robot Spectra Analyzer,The Repairman,Harry Harrison,Device used to find ones position in real space.,No,N/A,Navigation robot,N/A,Fictional concept,Bits,
,1959,Personality Death,Robot Justice,Harry Harrison,Punishment leaves the body intact.,No,N/A,Punishment method,N/A,Fictional concept,Bits,
,1959,Memo-Voice,War Game,Philip K. Dick,Paper memos that read themselves out loud.,No,N/A,Talking paper,N/A,Fictional concept,Bits,
,1958,Cone of Silence,Cease Fire,Frank Herbert,Distortion field that limits the carrying power of voice or other vibration; it accomplishes noise reduction with an image-vibration 180 degrees out of phase.,No,N/A,N/A,N/A,Fictional sound dampening,Atoms,
,1958,Plastotek,Menace From Vega,Robert Randall,False skin disguise.,No,N/A,N/A,N/A,Early smart material idea,Atoms,
,1958,Pressurized Penthouse,Bread Overhead!,Fritz Leiber,"A stratospheric perch - if buildings are tall enough, you'll need this.",No,N/A,N/A,N/A,Early arcology idea,Atoms,
,1958,Police Robot,Arm of the Law,Harry Harrison,"A fully autonomous, man-shaped robotic police officer.",No,N/A,N/A,N/A,Early law enforcement robot,Atoms,
,1958,Gyro Two-Wheeled Truck,The Sign of the Tiger,Alan Nourse (w/Meyer,A gyroscopically-stabilized truck with just two wheels.,No,N/A,N/A,N/A,Fictional vehicle design,Atoms,
,1956,Matter Organizer,The City and the Stars,Arthur C. Clarke,A device that could cause a computer-generated image to be constructed as a real object.,Yes,Teleportation research,Quantum teleportation,1990s,Transfer of quantum state,Bits,
,1958,Espionage Machine,"No, No, Not Rogov!",Cordwainer Smith,A machine that makes it possible to experience the sensations of another person at a distance.,No,N/A,N/A,N/A,Early telepresence idea,Bits,
,1958,Magnetic Pinions,Worlds of Origin,Jack Vance,Remote control electromagnetic handcuffs.,No,N/A,N/A,N/A,Fictional restraints,Atoms,
,1958,Robot Brother,Brother Robot,Henry Slesar,A roboticist brings home a robot brother for his natural son.,No,N/A,N/A,N/A,Early social robot,Atoms,
,1958,Thought-Record Helmet,Menace From Vega,Robert Randall,A wearable history book.,No,N/A,N/A,N/A,Fictional recorded memory,Bits,
,1958,Asteroid-Metal,The Mechanical Monarch,E.C. Tubb,Metal mined from asteroids.,No,N/A,N/A,N/A,Concept of asteroid mining,Atoms,
,1958,Build A Planet With Asteroids,And Then the Town Took Off,Richard Wilson,"The idea that it is possible to gather up enough of the asteroids in the solar system to ""build"" a planet out of the scraps.",No,N/A,N/A,N/A,Early terraforming concept,Atoms,
,1958,The Hub,Worlds of Origin,Jack Vance,A large space resort consisting of inhabitable bubbles in a metal framework.,No,N/A,N/A,N/A,Early space habitat idea,Atoms,
,1958,Farside,We Have Fed Our Sea,Poul Anderson,The portion of the Moon's surface that faces away from Earth.,No,N/A,N/A,N/A,Describing lunar geography,Atoms,
,1958,Walking Mill,Bread Overhead!,Fritz Leiber,"The ultimate combine - giant metal centipede walks through fields, harvesting wheat, threshing, grinding and finally baking bread right in the field.",No,N/A,N/A,N/A,Early agricultural robot,Atoms,
,1956,Vehicle Sleep Sensor,The Velvet Glove,Harry Harrison,"Better stay awake, the machines know if you're sleeping.",Yes,Auto manufacturers,Driver monitoring,2000s,Detects driver impairment,Bits,
,1958,Life Detector Shield,Cease Fire,Frank Herbert,An electronic field that is intended to shield living tissue from a Life Detector.,No,N/A,N/A,N/A,Fictional sensor counter,Bits,
,1958,Skew-Flip Turnover,Have Space Suit - Will Travel,Robert Heinlein,Used halfway to the destination by torch ships to slow for one's destination.,No,N/A,N/A,N/A,Fictional spacecraft maneuver,Atoms,
,1956,Drafting Dan,The Door Into Summer,Robert Heinlein,The first computer software drafting program (Computer Aided Design - CAD).,Yes,Tech companies,CAD software,1960s,Computer-aided drafting,Bits,
,1958,Predictable Crime,All the Troubles in the World,Isaac Asimov,A criminal act that computers were able to foresee in advance.,No,N/A,N/A,N/A,Early algorithmic prediction,Bits,
,1956,Universal Checkbook,The Door Into Summer,Robert Heinlein,"Fully electronic banking system, which allows easy withdrawal of funds from any bank.",Yes,Banks,Online banking,1990s,Manage finances digitally,Bits,
,1958,Venus Cities Float In Atmosphere,Bread Overhead!,Fritz Leiber,Cloud cities on Venus.,No,N/A,N/A,N/A,Early space colonization ideas,Atoms,
,1958,Metamen,The Mechanical Monarch,E.C. Tubb,"A human brain placed in a purely mechanical, robotic body.",No,N/A,N/A,N/A,Early cyborg concept,Atoms,
,1958,Para-Beam,The Mechanical Monarch,E.C. Tubb,A beam of energy that paralyzes the victim.,No,N/A,N/A,N/A,Fictional energy weapon,Atoms,
,1956,Internal Body Power Pack,The Stars My Destination,Alfred Bester,A tiny battery used to power implants.,Yes,Medical device companies,Implantable devices,1960s,Powered implants,Atoms,
,1958,Ethical Suicide Parlor,Welcome to the Monkey House,"Kurt Vonnegut, Jr.","A comfy environment in which you might commit ethical suicide, and thereby serve society.",No,N/A,N/A,N/A,Fictional euthanasia,Atoms,
,1958,Robot Snake,Bait for the Tiger,Lee Chaytor,"A mechanical reptile, with no legs.",No,N/A,N/A,N/A,Early robot animal,Atoms,
,1958,Nose Gun,Arm of the Law,Harry Harrison,Weapon system located up high.,No,N/A,N/A,N/A,Fictional weapon mounting,Atoms,
,1956,Human Object Recognition,The Velvet Glove,Harry Harrison,System uses human beings as an aid to robotic object recognition.,Yes,Tech companies,Computer vision,1960s,Image analysis,Bits,
,1958,Machine Suicide,All the Troubles in the World,Isaac Asimov,A self-aware computer system wants to destroy itself.,No,N/A,N/A,N/A,Early AI safety concept,Bits,
,1957,Dirac Transmitter (also Tranceiver or Communicator),Cities in Flight,James Blish,A device that provides instantaneous communication anywhere in the galaxy.,No,N/A,N/A,N/A,Fictional instant comms,Bits,
,1957,Storer-Gulls Wings,The Menace From Earth,Robert Heinlein,Recreational aid for lunar colonists; lightweight wings for cave flying.,No,N/A,N/A,N/A,Early space recreation idea,Atoms,
,1957,Fenton Silencer,Tales from the White Hart,Arthur C. Clarke,A device to cancel noise over a broad area.,No,N/A,N/A,N/A,Fictional sound cancellation,Atoms,
,1957,Magnetic Control of Nebulae,The Black Cloud,Fred Hoyle,Controlling the structure and shape of nebulae using magnetic fields.,No,N/A,N/A,N/A,Fictional nebula engineering,Atoms,
,1956,Teakettle,Double Star,Robert Heinlein,A standard rocket (uses hydrogen as a booster to leave the atmosphere).,Yes,Rocketry,Chemical rockets,1900s,Solid/liquid propellant,Atoms,
,1957,Spindizzy,Cities in Flight,James Blish,"A device that made use of a relationship between electron spin, electromagnetism and gravity allowed any object to leave the Earth's surface.",No,N/A,N/A,N/A,Fictional antigravity,Atoms,
,1957,Brood Assembly,Cities in Flight,James Blish,Artificially intelligent computers that can replicate themselves.,No,N/A,N/A,N/A,Early self-replicating AI idea,Bits,
,1957,Robocop,Wanted in Surgery,Harlan Ellison,A robotic police officer.,No,N/A,N/A,N/A,Early law enforcement robot,Atoms,
,1957,Phymech,Wanted in Surgery,Harlan Ellison,A robotic physician.,No,N/A,N/A,N/A,Early medical AI,Bits,
,1957,Bats' Cave,The Menace From Earth,Robert Heinlein,A natural cavern used by moon colonists for air storage - and entertainment.,No,N/A,N/A,N/A,Early lunar recreation idea,Atoms,
,1957,Lunar Advertisement,Watch This Space,Arthur C. Clarke,An 'ad' on the lunar surface that can be seen by its audience on Earth.,No,N/A,N/A,N/A,Early space advertising idea,Atoms,
,1957,Bethé blasters,Cities in Flight,James Blish,Powerful enough to destroy a flying city.,No,N/A,N/A,N/A,Fictional energy weapon,Atoms,
,1957,Anti-agathic drugs,Cities in Flight,James Blish,Drugs that indefinitely postpone death from old age.,No,N/A,N/A,N/A,Fictional longevity drug,Atoms,
,1957,Jurymech,Wanted in Surgery,Harlan Ellison,A robotic entity serving the function of a trial jury.,No,N/A,N/A,N/A,Early judicial AI,Bits,
,1957,Gravity-Polarized Explosive (TDX),Cities in Flight,James Blish,A chemical explosive that acts at an angle to the local gravitational field.,No,N/A,N/A,N/A,Fictional directed explosives,Atoms,
,1957,Manshonyagger,Mark Elf,Cordwainer Smith,An autonomous fighting robot.,No,N/A,N/A,N/A,Early military robot,Atoms,
,1957,Roller,Shadow World,Clifford Simak,Two passenger vehicle designed for off-road use on alien planets.,No,N/A,N/A,N/A,Early planetary rover idea,Atoms,
,1957,Peeper,Shadow World,Clifford Simak,A device that unlocked the dreams and fantasies inherent in the user's brain.,No,N/A,N/A,N/A,Fictional memory tech,Bits,
,1957,Jumpship,The Lady Was A Tramp,Rose Sharon,"A spaceship capable of making interstellar jumps, that is, it could move over vast distances instantaneously.",No,N/A,N/A,N/A,Fictional FTL ship,Atoms,
,1957,Spacefaring,Citizen of the Galaxy,Robert Heinlein,A nation or people who explore and trade in space.,No,N/A,N/A,N/A,Concept of spacefaring cultures,Atoms,
,1957,Jump-Along,The Lady Was A Tramp,Rose Sharon,Computer used for calculating jumps between stars.,No,N/A,N/A,N/A,Fictional navigation computer,Bits,
,1957,Stellar Analog Computers,The Lady Was A Tramp,Rose Sharon,"Special systems used to calculate safe ""jumps"" for interstellar trips.",No,N/A,N/A,N/A,Fictional navigation computers,Bits,
,1957,Accelerated Schooling Helmet,Cities in Flight,James Blish,A device that stimulates the brain and imparts knowledge directly.,No,N/A,N/A,N/A,Fictional education tech,Bits,
,1957,Project X,Atlas Shrugged,Ayn Rand,A device that produces sound rays that are intolerable to living things.,No,N/A,N/A,N/A,Fictional sonic weapon,Atoms,
,1957,Inter-Universal Messenger,Cities in Flight,James Blish,A device intended to travel to another dimension.,No,N/A,N/A,N/A,Fictional dimensional travel,Atoms,
,1957,Accelerated Schooling,Cities in Flight,James Blish,Knowledge force-fed directly into the brain.,No,N/A,N/A,N/A,Fictional education method,Bits,
,1957,Toposcope,Cities in Flight,James Blish,A special helmet used in a form of sleep teaching.,No,N/A,N/A,N/A,Fictional education method,Bits,
,1957,Galactovue,Citizen of the Galaxy,Robert Heinlein,Star display.,No,N/A,N/A,N/A,Early immersive display,Bits,
,1957,Proselytizing Robot,Cities in Flight,James Blish,A robotic preacher; designed for use where believers are unwelcome.,No,N/A,N/A,N/A,Early religious robot,Bits,
,1956,Robotic Hand,The Door Into Summer,Robert Heinlein,A dexterous manipulator for robots.,Yes,Robotics companies,Robotic hands,1960s,Dexterous robotic manipulators,Atoms,
,1957,Neural Door Lock,The Unreconstructed M,Philip K. Dick,A device that provides access based on neurological data.,No,N/A,N/A,N/A,Fictional biometric lock,Atoms,
,1956,Hand Computer,The Dead Past,Isaac Asimov,A small pocket-sized computing device.,Yes,Tech companies,Smartphones,2000s,Portable touchscreen computer,Atoms,
,1957,Planetary Computer Network,Dialogues,Stanislaw Lem,A global data net.,Yes,Engineers,N/A,1969,Early ARPANET,Bits,
,1957,Tin Cabby (Flying Robotic Taxi),Cities in Flight,James Blish,An autonomously controlled flying taxi cab.,Yes,Engineers,N/A,2020s,Early aerial taxis,Atoms,
,1957,Glass Bees,The Glass Bees,Ernst Junger,Walnut-sized flying automata.,No,N/A,N/A,N/A,Early microdrone concept,Atoms,
,1957,Molecular Sieve,Tales from the White Hart,Arthur C. Clarke,A device that can extract any element from seawater.,Yes,Chemists,N/A,20th century,Real molecular sieves,Atoms,
,1957,Gravity Well,Life Cycle,Poul Anderson,"If you visualize spacetime as a flat, elastic plane, a planet will deform it, and it sits at the bottom of its own hole.",No,N/A,N/A,N/A,Describing gravity,N/A,
,1957,Prosthetic Robotic Arm (Thought-Attuned),Bleekman's Planet,Ivar Jorgensen,"A detachable robotic arm, controlled directly through neural linkage.",Yes,Engineers,N/A,2010s,Real neural prosthetics,Atoms,
,1957,Teleoperated Beetle Car,Cities in Flight,James Blish,A remotely-operated robotic vehicle that permitted telepresence.,Yes,Engineers,N/A,1940s,Early telepresence,Atoms,
,1957,Dropshaft,Deeper Than the Darkness,Harlan Ellison,"An elevator shaft with no elevator - the ""lift"" is from gravity or suppressed inertia.",No,N/A,N/A,N/A,Fictional elevator,Atoms,
,1957,Robot Situation Neurosis,The Unreconstructed M,Philip K. Dick,Robots go mad when given competing instructions.,No,N/A,N/A,N/A,Early harmless AI concept,Bits,
,1957,Eavesdropper,Cities in Flight,James Blish,Device to detect the presence of recording devices.,Yes,Engineers,N/A,20th century,Real surveillance detection,Bits,
,1957,City Fathers,Cities in Flight,James Blish,A set of computer systems which run every mechanical system in a city.,No,N/A,N/A,N/A,Early smart city AI,Bits,
,1957,Oxygen Pill,Get Out Of Our Skies!,E.K. Jarvis,Meets your need for oxygen without additional breathing.,No,N/A,N/A,N/A,Fictional oxygen substitute,Atoms,
,1957,The Machine (M),The Unreconstructed M,Philip K. Dick,An autonomous robot able to alter its appearance and functionality at will.,No,N/A,N/A,N/A,Early reconfigurable robot,Atoms,
,1956,Mechanical Jokester,Jokester,Isaac Asimov,A vast computer system learns about humor.,No,N/A,AI,N/A,Fictional concept,Bits,
,1957,Machine Surveillance,Cities in Flight,James Blish,The use of artificially intelligent computer systems to learn by monitoring all human interaction within a city.,Yes,Government,N/A,2000s,Real mass surveillance,Bits,
,1956,Anti-Heptant,To Live Forever,Jack Vance,A compound that erases specific areas of the brain.,No,N/A,Memory erasure,N/A,Fictional concept,Atoms,
,1956,Chronoscopy,The Dead Past,Isaac Asimov,Using a device to view different points in time.,No,N/A,Time viewing,N/A,Fictional concept,Bits,
,1956,Solido,Chance of a Lifetime,Milton Lesser,Abbr. for solidograph; a device that produced a solid three dimensional image.,No,N/A,Holography,N/A,Fictional concept,Bits,
,1956,Planet Rules,Drop Dead,Clifford Simak,Regulations governing the behavior of the away team on a new planet.,No,N/A,First contact protocols,N/A,Fictional concept,Bits,
,1956,Hypersee,The Best of Fences,Gordon Randall Garrett,Faster than light.,No,N/A,FTL,N/A,Fictional concept,Bits,
,1957,Battle Tank Display,Cities in Flight,James Blish,Three-dimensional display showing tactical information for space battles.,Yes,Military,N/A,1990s,Real tactical displays,Bits,
,1956,Mechanotherapy,Bad Medicine,Robert Sheckley,A mechanism or device-based therapy that cures (or palliates) alcoholism.,No,N/A,Machine therapy,N/A,Fictional concept,Bits,
,1956,Retinal Light,The Stars My Destination,Alfred Bester,An internal flashlight.,No,N/A,Retinal display,N/A,Fictional concept,Bits,
,1957,Machine Psychologist,Cities in Flight,James Blish,A computer that understands and uses its knowledge of human psychology to benefit human users.,Yes,Programmers,N/A,2010s,Real therapeutic AI,Bits,
,1956,Biltong Life Form,Pay for the Printer,Philip K. Dick,"Remarkable organic manufacturing aliens, probably indigenous to the Centaurus system.",No,N/A,Fictional lifeform,N/A,Fictional concept,Atoms,
,1956,Sargasso Asteroid,The Stars My Destination,Alfred Bester,A planetoid built from natural rock and the salvaged wreckage of space craft.,No,N/A,Artificial asteroid,N/A,Fictional concept,Atoms,
,1956,Robot Bartender,The Stars My Destination,Alfred Bester,"An automated, mechanical bar tending robot.",No,N/A,Robotics,N/A,Fictional concept,Atoms,
,1956,"Home Therapy Appliances, Inc.",Bad Medicine,Robert Sheckley,A store at which a variety of therapy devices are made available,No,N/A,Home medical devices,N/A,Fictional concept,Atoms,
,1957,Needle-Gun,Lucky Starr and the Moons of Jupiter,Isaac Asimov,Small palm-sized weapon.,Yes,Engineers,N/A,20th century,Early miniaturized weapons,Atoms,
,1956,Rex Regenerator (Mechanotherapist),Bad Medicine,Robert Sheckley,Mechanotherapy device cures homicidal urges.,No,N/A,Psychotherapy machine,N/A,Fictional concept,Bits,
,1956,Alcoholic Reliever,Bad Medicine,Robert Sheckley,Mechanized relief from alcoholism.,No,N/A,Addiction treatment,N/A,Fictional concept,Bits,
,1956,Intelligent Trash Sorting,The Velvet Glove,Harry Harrison,Robots sort the garbage - almost completely.,No,N/A,Waste sorting,N/A,Fictional concept,Bits,
,1956,Post-Crime,The Minority Report,Philip K. Dick,Criminal activities after they have actually happened.,No,N/A,Precrime,N/A,Fictional concept,Bits,
,1957,Mechanical Cleaning Device,The Unreconstructed M,Philip K. Dick,"A small, ground-based autonomous robot doing basic janitorial work.",Yes,Engineers,N/A,1990s,Early cleaning robots,Atoms,
,1956,Underwater Robot,The Velvet Glove,Harry Harrison,An autonomous mechanical for use underwater.,No,N/A,Underwater robotics,N/A,Fictional concept,Atoms,
,1957,Space Armor,Cities in Flight,James Blish,Armored space suits for use in vacuum.,Yes,Engineers,N/A,1960s,Real space suit designs,Atoms,
,1956,Virtual Immortality,The City and the Stars,Arthur C. Clarke,"A method for storing the mind and memories of a person, and recalling and reconstituting them at will.",No,N/A,Mind uploading,N/A,Fictional concept,Bits,
,1956,Analogue,The Stars My Destination,Alfred Bester,A combination of a drug and a particular mental state allow a person to devolve to an animal level of their choice.,No,N/A,Altered consciousness,N/A,Fictional concept,Bits,
,1956,Central Computer,The City and the Stars,Arthur C. Clarke,A computer capable of running an entire city.,No,N/A,Citywide AI,N/A,Fictional concept,Bits,
,1957,Teleoperated Lab Robot,Cities in Flight,James Blish,A robot is used to conduct experiments in an environment too extreme for humans.,Yes,Scientists,N/A,1970s,Real teleoperated robots,Atoms,
,1956,Saga,The City and the Stars,Arthur C. Clarke,You become a part of the great adventures of history.,No,N/A,Immersive history,N/A,Fictional concept,Bits,
,1956,Diaspar Memory,The City and the Stars,Arthur C. Clarke,"The city's memory could store works of art, and reproduce them upon request.",No,N/A,Citywide memory,N/A,Fictional concept,Bits,
,1957,Crop Algae,Cities in Flight,James Blish,Growing algae in tanks as a source of basic food stock.,Yes,Farmers,N/A,20th century,Real algae farming,Atoms,
,1957,Remote Control Taxicab,The Unreconstructed M,Philip K. Dick,A cab that is piloted by a remote operator.,Yes,Engineers,N/A,2010s,Early autonomous taxis,Atoms,
,1956,Space-Beacon,Exploration Team,Murray Leinster,Device used to guide a space craft into finding an inhabited planet or colony on a planet.,No,N/A,Spacecraft guidance,N/A,Fictional concept,Bits,
,1956,Space-Boat (Rocket Boat),Exploration Team,Murray Leinster,Small craft designed for descent and then take-off from a planetary surface.,No,N/A,Space shuttle,N/A,Fictional concept,Atoms,
,1956,Mutated Kodiak Bears,Exploration Team,Murray Leinster,Animals modified for increased intelligence for defense and companionship.,No,N/A,Uplifted animals,N/A,Fictional concept,Atoms,
,1956,Disposal-Safe,Exploration Team,Murray Leinster,"Device to store and, if necessary, destroy documents.",No,N/A,Document destruction,N/A,Fictional concept,Atoms,
,1956,PyrE,The Stars My Destination,Alfred Bester,A thermonuclear explosive that is detonated by thought alone.,No,N/A,Psychokinetic explosive,N/A,Fictional concept,Atoms,
,1957,Launching Cradle,Needler,Gordon Randall Garrett,A place for a spherical space craft to sit in gravity.,Yes,Engineers,N/A,20th century,Real spacecraft assembly,Atoms,
,1956,Empath,Empath,J.T. McIntosh,A being capable of telepathic empathy with others.,No,N/A,Telepathic empathy,N/A,Fictional ability,Bits,
,1957,Police Detection Robot,The Unreconstructed M,Philip K. Dick,An automated evidence-gathering robot.,Yes,Engineers,N/A,2010s,Real forensic robots,Atoms,
,1956,Jaunte Stage,The Stars My Destination,Alfred Bester,A cleared space that existed to serve the needs of people who would jaunte (teleport) into that space.,No,N/A,Teleportation hub,N/A,Fictional concept,Atoms,
,1957,Death-Rattle,The Unreconstructed M,Philip K. Dick,A device that sends a signal upon brain death of the user.,Yes,Engineers,N/A,20th century,Real life sign monitors,Bits,
,1958,Pocket Computer,The Feeling of Power,Isaac Asimov,A pocket-sized computer.,Yes,Engineers,N/A,1970s,Early handheld computers,Bits,
,1958,Lunar Observatory,We Have Fed Our Sea,Poul Anderson,Putting an observatory on the far side of the Moon could have advantages.,Yes,Scientists,N/A,1990s,Real lunar observatories,Atoms,
,1956,Eager Beaver,The Door Into Summer,Robert Heinlein,Your friendly robot helper.,No,N/A,Household robot,N/A,Fictional concept,Atoms,
,1956,Radioactive Coding for Checks,The Door Into Summer,Robert Heinlein,Special coding system to easily recognize checks.,No,N/A,Check authentication,N/A,Fictional concept,Bits,
,1956,"Stasis (Cold Sleep, Hibernation)",The Door Into Summer,Robert Heinlein,"Hibernation for human beings, lasting for many years.",No,N/A,Suspended animation,N/A,Fictional concept,Atoms,
,1956,Thorsen Memory Tube,The Door Into Summer,Robert Heinlein,Computer component that allows a machine to learn through experience.,No,N/A,Computer memory,N/A,Fictional concept,Bits,
,1958,Photosight,The Sign of the Tiger,Alan Nourse (w/Meyer,"An automotive device that automatically follows a painted white line on the roadway, letting the car drive itself.",Yes,Engineers,N/A,1980s,Early self-driving tech,Bits,
,1956,Whisper Line,The Stars My Destination,Alfred Bester,A means of communication between prisoners held in wide separation.,No,N/A,Covert communication,N/A,Fictional concept,Bits,
,1958,Neutronic Shielding,The Sign of the Tiger,Alan Nourse (w/Meyer,Very high density monomolecular shielding,Yes,Engineers,N/A,20th century,Real neutron shielding,Atoms,
,1956,Robot Fish (Metal Fish),Atom Drive,Charles Fontenay,Fake flounders for sport fishermen on Martian canals.,No,N/A,Robotic fish,N/A,Fictional concept,Atoms,
,1958,Tik-Talker,The Sign of the Tiger,Alan Nourse (w/Meyer,A method of scrambling spoken speech for encoded transmission.,Yes,Engineers,N/A,20th century,Real encryption,Bits,
,1956,Hired Girl Robot,The Door Into Summer,Robert Heinlein,The amazing floor-cleaning robot!,No,N/A,Household robot,N/A,Fictional concept,Atoms,
,1956,Planet-Busting Bomb,Testing,J.J. Ferrat,A munition with sufficient power to destroy an entire planet.,No,N/A,Doomsday device,N/A,Fictional concept,Atoms,
,1958,Chin Window,Have Space Suit - Will Travel,Robert Heinlein,An aperture that allows an astronaut to see his own feet (greater field of view).,Yes,Engineers,N/A,1960s,Real space suit feature,Atoms,
,1956,Cider Press,Double Star,Robert Heinlein,Device used to make acceleration above 1 gravity more tolerable for groundhogs.,No,N/A,Acceleration couch,N/A,Fictional concept,Atoms,
,1958,Hypo Arm,Simulated Trainer,Harry Harrison,A robotic arm used to autonomously deliver pharmaceuticals to patients.,Yes,Engineers,N/A,2010s,Real medical robots,Atoms,
,1958,Chin Plates,Have Space Suit - Will Travel,Robert Heinlein,A means of control within a space suit helmet; switching between options with the chin.,Yes,Engineers,N/A,1960s,Real space suit controls,Atoms,
,1956,Vacutubes,Double Star,Robert Heinlein,A system of public transportation that used partially evacuated tubes and capsules big enough for passengers.,No,N/A,Vacuum tube transport,N/A,Fictional concept,Atoms,
,1956,Landing Pit (Drydock and Construction),The Stars My Destination,Alfred Bester,A cylindrical hole with anti-gravity screens for use in spacecraft landings and repair.,No,N/A,Spacecraft servicing,N/A,Fictional concept,Atoms,
,1956,Regen-Buds,The Velvet Glove,Harry Harrison,Small collection of cells that can regrow into human limbs.,No,N/A,Limb regeneration,N/A,Fictional concept,Atoms,
,1956,Trolling Tether Cable,Atom Drive,Charles Fontenay,Simple fishing technique applied to moving cargo off-planet.,No,N/A,Space towing,N/A,Fictional concept,Atoms,
,1956,Blue Collar Robot (Self-Repairing),The Velvet Glove,Harry Harrison,An autonomous robot required to find its own work.,No,N/A,Self-healing robotics,N/A,Fictional concept,Bits,
,1958,Impactor Determines Composition,The Mechanical Monarch,E.C. Tubb,The use of an impactor to smash into a small celestial body; watching the impact can determine the composition of the small body.,Yes,Scientists,N/A,1990s,Real impact analysis,Atoms,
,1958,Life Detector,Cease Fire,Frank Herbert,A device that was capable of detecting living tissue within a set radius.,Yes,Scientists,N/A,20th century,Real life detection tech,Bits,
,1956,Hush Corner,Double Star,Robert Heinlein,A space made private by canceling sound waves in that area.,No,N/A,Audio shielding,N/A,Fictional concept,Bits,
,1958,Computers Improve Computers,The Feeling of Power,Isaac Asimov,The idea that it will be possible for computers to design more advanced computers.,Yes,Engineers,N/A,N/A,Real machine learning,Bits,
,1956,Robot Trash Collectors,The Velvet Glove,Harry Harrison,Robots that drive and operate garbage trucks.,No,N/A,Waste collecting robots,N/A,Fictional concept,Atoms,
,1958,Edge Controls,The Feeling of Power,Isaac Asimov,"A pocket-sized device using controls on the edge of the device, leaving the face for display purposes only.",Yes,Engineers,N/A,2000s,Early mobile device design,Bits,
,1956,Bendix Anxiety Reducer,Bad Medicine,Robert Sheckley,Machine-based psychotherapy.,No,N/A,Anxiety treatment machine,N/A,Fictional concept,Bits,
,1956,Electrotruck,The Corkscrew of Space,Poul Anderson,"An autonomous, electric truck.",No,N/A,Electric truck,N/A,Fictional concept,Atoms,
,1956,Bug,Brightside Crossing,Alan E. Nourse,A compact vehicle for planetary surfaces - like Mercury.,No,N/A,Surface rover,N/A,Fictional concept,Atoms,
,1958,Palm Plate,The Mechanical Monarch,E.C. Tubb,A device that scanned for a palm print prior to opening a door.,Yes,Engineers,N/A,2000s,Early biometrics,Bits,
,1958,Self-Service Cafeteria,The Mechanical Monarch,E.C. Tubb,Food on demand.,Yes,Business,N/A,Early 20th century,Real automat,Atoms,
,1958,Flexible Wall Sheet Display,The Mechanical Monarch,E.C. Tubb,A large clear sheet that displays information.,Yes,Engineers,N/A,2010s,Early flexible displays,Bits,
,1956,Fottengill Process,Gypped,"Lloyd Biggle, Jr.",An early mention of the idea that energy can be derived from random noise.,No,N/A,Energy from noise,N/A,Fictional concept,Bits,
,1956,Eetee (E.T - extraterrestrial),Double Star,Robert Heinlein,A sentient being not of this Earth.,No,N/A,Alien,N/A,Fictional concept,Atoms,
,1956,Slug,Dragon in the Sea,Frank Herbert,"An underwater ""barge"", consisting of a giant tube for transporting oil.",No,N/A,Undersea transport,N/A,Fictional concept,Atoms,
,1956,Dental Switchboard,The Stars My Destination,Alfred Bester,A control device tied in with teeth and nerve endings.,No,N/A,Neural interface,N/A,Fictional concept,Bits,
,1956,Precrime Analytical Wing,The Minority Report,Philip K. Dick,Contains the precognitives and the machinery need to hear and analyze their predictions of future crimes.,No,N/A,Prediction analysis,N/A,Fictional concept,Bits,
,1956,Window-Willie,The Door Into Summer,Robert Heinlein,A robot that cleaned windows by electrostatic repulsion of dust and grime.,No,N/A,Cleaning robot,N/A,Fictional concept,Atoms,
,1956,Undercover Detective Robot,The Velvet Glove,Harry Harrison,Specialized robot masquerades as different robot types to spy on criminals.,No,N/A,Undercover robot,N/A,Fictional concept,Atoms,
,1956,Sympathetic Block,The Stars My Destination,Alfred Bester,A way to keep certain mental contents from being spoken or revealed.,No,N/A,Telepathic blocker,N/A,Fictional concept,Bits,
,1956,Juvenile,The Man Who Japed,Philip K. Dick,A robot designed to sneak around and spy on people.,No,N/A,Surveillance robot,N/A,Fictional concept,Atoms,
,1956,Precog,The Minority Report,Philip K. Dick,A person with precognitive ability (can predict the future).,No,N/A,Precognition,N/A,Fictional ability,Bits,
,1956,Eagle With Camera,Exploration Team,Murray Leinster,A live bald eagle equipped with a transmitting camera.,No,N/A,Animal cyborg,N/A,Fictional concept,Atoms,
,1956,Bounce Tube,Double Star,Robert Heinlein,"A people-sized pneumatic tube system used for short, quick trips in the vertical dimension.",No,N/A,Pneumatic transit,N/A,Fictional concept,Atoms,
,1956,Puddinged,Pay for the Printer,Philip K. Dick,"A poorly formed 3D printed copy, with an interior that was a mass of malformed material.",No,N/A,3D printing defect,N/A,Fictional concept,Atoms,
,1956,Fusion Power,The Judas Valley,Gerald Vance,Creating energy from nuclear fusion reactions.,No,N/A,Nuclear fusion,N/A,Hypothetical concept,Bits,
,1956,Floating Lunar Dust,Dust Rag,Hal Clement,Electrostatically charged particles that float above the surface of the Moon.,No,N/A,Lunar phenomenon,N/A,Fictional concept,Atoms,
,1956,Living Advertising Character,The Stars My Destination,Alfred Bester,Modifying an ordinary person to create a living likeness of a company's brand symbol or character.,No,N/A,Human branding,N/A,Dystopian concept,Atoms,
,1956,Refurbished Nervous System,The Stars My Destination,Alfred Bester,Your nerves are rewired for 5-10 times the speed of a normal person.,No,N/A,Neural enhancement,N/A,Fictional concept,Bits,
,1956,Maximum-security Booth,Double Star,Robert Heinlein,"A special phone booth for receiving high-security, scrambled telephone calls, calls which included 3D visuals.",No,N/A,Secure communications,N/A,Fictional concept,Bits,
,1956,Invulnerable Wall,Jackpot,Clifford Simak,A material created by insects that grew stronger as it was compressed.,No,N/A,Impenetrable barrier,N/A,Fictional concept,Atoms,
,1956,Flexible Frank,The Door Into Summer,Robert Heinlein,An all-purpose household robot.,No,N/A,Household robot,N/A,Fictional concept,Atoms,
,1959,Flying Eye,The Repairman,Harry Harrison,A remote-controlled device for surveillance overflight.,Yes,Defense industry,Surveillance drones,1970s,Remotely piloted aircraft,Atoms,
,1955,Anti-Burglar Installations,The Angry House,Richard R. Smith,Every electronic house should have automated defenses.,No,N/A,N/A,N/A,Early smart home security,Atoms,
,1955,Ramsbotham Gate,Tunnel in the Sky,Robert Heinlein,A means of getting from point A to point B without traversing the space in-between.,No,N/A,N/A,N/A,Fictional teleporter,Atoms,
,1959,Clone,The Clone,Theodore L Thomas,The aggregate of individual organisms descended by asexual reproduction from a single sexually produced individual.,Yes,Biotechnology,Cloning,1996,"Asexual organism copying, DOLLY",Atoms,
,1955,Diabological Armory,Diabologic,Eric Frank Russell,A set of verbal tools based on a higher form of reasoning.,No,N/A,N/A,N/A,Fictional logic system,Bits,
,1955,Heat-Suit,Sand Doom,Murray Leinster,Perfect for those incredibly hot planets with breathable atmospheres.,No,N/A,N/A,N/A,Early heat protective suit idea,Atoms,
,1955,Agile Recording Robot,Solar Lottery,Philip K. Dick,A recording machine that moves toward its subject.,No,N/A,N/A,N/A,Early mobile robot idea,Atoms,
,1955,Robot Factory Representative,Autofac,Philip K. Dick,An ambulatory agent of an automatic factory.,No,N/A,N/A,N/A,Early mobile robot idea,Atoms,
,1955,Mechanical Newsmachine,"Foster, You're Dead",Philip K. Dick,An automated device that delivers on-the-spot news.,No,N/A,N/A,N/A,Early newsbot idea,Atoms,
,1955,Raw Material-Tropic,Autofac,Philip K. Dick,Moves towards desirable raw materials.,No,N/A,N/A,N/A,Early mobile robot idea,Atoms,
,1960,Robot Tracking Device,Vulcan's Hammer,Philip K. Dick,Small UAV robot remotely operated by an artificially intelligent computer.,Yes,Defense industry,Surveillance drones,1970s,Remotely piloted aircraft,Atoms,
,1955,Product Prescription,The Magellanic Cloud,Stanislaw Lem,A file that can be used to reproduce an object.,No,N/A,N/A,N/A,Early 3D printing idea,Bits,
,1955,Generation Ship,Star Ship,E.C. Tubb,A spacecraft that carries a complete social group over many years.,No,N/A,N/A,N/A,Concept of generational ship,Atoms,
,1955,Swibble,Service Call,Philip K. Dick,An artificially evolved telepathic metazoan-based mind control device.,No,N/A,N/A,N/A,Fictional telepathy tech,Bits,
,1955,Mechavalet,The Angry House,Richard R. Smith,An entirely automated dressing assistant.,No,N/A,N/A,N/A,Early personal robot concept,Atoms,
,1955,Pizzled (Semantic Garble),Autofac,Philip K. Dick,Use of nonsensical statements to deliberately confuse an artificial intelligence.,No,N/A,N/A,N/A,Fictional linguistic attack,Bits,
,1955,Autofac (Nanorobots),Autofac,Philip K. Dick,Very small robots working on self-replication,No,N/A,N/A,N/A,Early nanotech concept,Atoms,
,1955,Scout-Base,Diabologic,Eric Frank Russell,Artificial sphere functions as a frontier outpost.,No,N/A,N/A,N/A,Early space habitat concept,Atoms,
,1955,Search-Bug,Autofac,Philip K. Dick,An exploratory robot.,No,N/A,N/A,N/A,Early robot concept,Atoms,
,1955,Central City (Lunar Habitat),Earthlight,Arthur C. Clarke,An early example of a non-military lunar habitat.,No,N/A,N/A,N/A,Early lunar colony idea,Atoms,
,1960,Interactive Blackboard,Vulcan's Hammer,Philip K. Dick,Early description of an interactive display device for lectures and demonstrations.,Yes,Education companies,Interactive whiteboards,1990s,Touchscreen classroom displays,Bits,
,1955,Magnetic Grapple-Beams,Solar Lottery,Philip K. Dick,Short range magnetic field to guide flying cars and park them properly.,No,N/A,N/A,N/A,Fictional vehicle control tech,Atoms,
,1955,Nanny Robot,Nanny,Philip K. Dick,A child-care robot with a surprisingly competitive side.,No,N/A,N/A,N/A,Early childcare robot,Atoms,
,1955,Protine,Solar Lottery,Philip K. Dick,A mutant algae that can be engineered to look and taste similar to normal food.,No,N/A,N/A,N/A,Early food substitutes,Atoms,
,1955,Inflatable Lunar Resort,Solar Lottery,Philip K. Dick,"An inflatable structure on the moon, intended to provide rest and relaxation to lunar residents.",No,N/A,N/A,N/A,Early expandable habitat idea,Atoms,
,1955,Schrieber Analyzer,Diabologic,Eric Frank Russell,Superior automatic air testing - for the discriminating space traveler.,No,N/A,N/A,N/A,Fictional environment sensor,Bits,
,1955,Finely Divided Dust Propellant,Earthlight,Arthur C. Clarke,Reaction mass to drive spacecraft.,No,N/A,N/A,N/A,Fictional spacecraft propellant,Atoms,
,1960,Transdermal Drug Capsule,Vulcan's Hammer,Philip K. Dick,A drug capsule that delivers medication by being placed on the skin.,Yes,Pharmaceuticals,Transdermal patches,1979,Medicine via skin,Atoms,
,1955,Lunar Monorail,Earthlight,Arthur C. Clarke,A monorail constructed above the surface of the Moon.,No,N/A,N/A,N/A,Early lunar infrastructure idea,Atoms,
,1960,Dixon Pump,Dr. Futurity,Philip K. Dick,An temporary mechanical heart to circulate blood.,Yes,Medical device companies,Ventricular assist devices,1960s,Mechanical blood pumps,Bits,
,1955,Stiletto Beam,Earthlight,Arthur C. Clarke,"A beam of molten metal, projected electromagnetically.",No,N/A,N/A,N/A,Fictional directed energy weapon,Atoms,
,1955,Human Habit Pattern Machines,The Tunnel Under The World,Frederik Pohl,Imposing human habits onto machines.,No,N/A,N/A,N/A,Early human-like AI,Bits,
,1955,Grill-Screen Adaptor,"Foster, You're Dead",Philip K. Dick,"Approved General Electronics Corporation solution for bomb shelters, in response to Soviet bore-pellets.",No,N/A,N/A,N/A,Fictional defense product,Atoms,
,1961,Hydroponics in Space,The Planet Strappers,Raymond Z. Gallun,Growing plants for food without soil on a spacecraft.,Yes,NASA,Space farming,1990s,Growing plants without soil,Atoms,
,1955,Unit Analyst Robot,The Chromium Fence,Philip K. Dick,A robotic psychoanalyst.,No,N/A,N/A,N/A,Early therapeutic AI,Bits,
,1955,Probe Screen Hood,The Hood Maker ('Immunity'),Philip K. Dick,A device that blocks attempts to see into the contents of the brain mind.,No,N/A,N/A,N/A,Fictional telepathy blocker,Bits,
,1955,Slide Rule w/Radio Attachment,Mission to the Stars,A.E. van Vogt,Slide rule communicates results immediately with computer.,No,N/A,N/A,N/A,Early connected device idea,Bits,
,1955,Neck-Phone,The Chromium Fence,Philip K. Dick,An implanted telecommunications device.,No,N/A,N/A,N/A,Early wearables idea,Bits,
,1955,Caterwheel,Sand Doom,Murray Leinster,"A uniquely styled ground vehicle with fat, splayed out tires.",No,N/A,N/A,N/A,Fictional vehicle design,Atoms,
,1954,Spaceward Lunar Hemisphere,Dawn of the Demigods,Raymond Z. Gallun,Another name for the lunar far side.,No,N/A,Lunar far side,N/A,Astronomical feature,Atoms,
,1961,Electrosecretary,A Fall of Moondust,Arthur C. Clarke,An automatic transcription device.,Yes,Tech companies,Speech recognition,1950s,Translates speech to text,Bits,
,1954,Solar-Powered Ball,Dawn of the Demigods,Raymond Z. Gallun,An autonomous round toy that powers itself.,No,N/A,Solar-powered toy,N/A,Fictional concept,Bits,
,1954,Retinal Vid-Screen,Sales Pitch,Philip K. Dick,A tiny display surgically implanted directly in the retina of the eye.,No,N/A,Retinal display,N/A,Fictional concept,Bits,
,1961,Stereovision Tank,Stranger in a Strange Land,Robert Heinlein,Three dimensional mass media (the grandson of television).,Yes,Consumer electronics,3D displays,2010s,Stereoscopic 3D video,Bits,
,1961,Electronic Book Store,Return from the Stars,Stanislaw Lem,A place to pick up your electronic books.,Yes,Consumer electronics,E-books,2000s,Downloadable digital books,Bits,
,1954,Protoplast,Dawn of the Demigods,Raymond Z. Gallun,"Artificial life, tougher than protoplasm.",No,N/A,Synthetic life,N/A,Fictional concept,Atoms,
,1954,Jiffi-scuttler,Prominent Author,Philip K. Dick,A device providing near instantaneous travel between two points.,No,N/A,Teleporter,N/A,Fictional concept,Bits,
,1954,Shatter-Gun,The Houses of Iszm,Jack Vance,A hand-held device that literally scrambles the brains of the victim.,No,N/A,Sonic weapon,N/A,Fictional concept,Atoms,
,1954,Snake Boring Truck,Breakfast at Twilight,Philip K. Dick,"A long thin truck like a snake, with a boring tip.",No,N/A,Tunnel boring machine,N/A,Fictional concept,Atoms,
,1954,Dermal-Mist Spray,Prominent Author,Philip K. Dick,Very refreshing for suburbanites.,No,N/A,Fictional product,N/A,Fictional concept,Atoms,
,1954,Rom (Robot Operated Missiles),Breakfast at Twilight,Philip K. Dick,Intercontinental robotic weapons.,No,N/A,Autonomous weapons,N/A,Fictional concept,Bits,
,1954,Control Helmet,Dawn of the Demigods,Raymond Z. Gallun,Direct control of a robot from the brain.,No,N/A,Mind control device,N/A,Fictional concept,Bits,
,1954,Nanomachine Swarm (Black Cloud),The Invincible,Stanislaw Lem,"A cloud of tiny machines, able to work together autonomously.",No,N/A,Nanorobotics,N/A,Fictional concept,Atoms,
,1954,Guide-Beam,Time Pawn,Philip K. Dick,A wireless means of controlling and directing the movement of a passenger vehicle.,No,N/A,Vehicle guidance,N/A,Fictional concept,Bits,
,1954,Hypno-Motor Control,Sales Pitch,Philip K. Dick,"A means of controlling the body remotely, cutting off the need for local control (ie, by your mind).",No,N/A,Body control,N/A,Fictional concept,Bits,
,1954,Prethink,The Golden Man,Philip K. Dick,The ability to predict the future in a routine perceptual manner.,No,N/A,Precognition,N/A,Fictional ability,Bits,
,1961,Screensaver (Inventor of),Stranger in a Strange Land,Robert Heinlein,"Screen savers are used to prevent phosphor burnout in CRTs, and to provide restful entertainment on computer screens.",Yes,Tech companies,Screen savers,1970s,Prevent display damage,Bits,
,1954,Lash-Tube,The Golden Man,Philip K. Dick,Device emits an energy beam.,No,N/A,Fictional weapon,N/A,Fictional concept,Atoms,
,1954,Suit-Shield Fabric,The Golden Man,Philip K. Dick,A kind of mesh fabric that could absorb energy bolts.,No,N/A,Protective clothing,N/A,Fictional concept,Atoms,
,1954,Central Guide-Beam,Shell Game,Philip K. Dick,A kind of signal that demonstrates the best possible path to a destination in space and even provides motive power.,No,N/A,Vehicle guidance,N/A,Fictional concept,Bits,
,1954,Temporal Paradox,The Toy,Brian Berry,The paradoxical idea that making changes in the past results in changes in the present.,No,N/A,Time travel paradox,N/A,Hypothetical concept,Bits,
,1954,Metal Insects,The Invincible,Stanislaw Lem,Small autonomous flying winged robots.,No,N/A,Robotic insects,N/A,Fictional concept,Atoms,
,1954,Maid-Robot,The Midas Plague,Frederik Pohl,A mechanical automaton does the work of a lady's maid.,No,N/A,Domestic robot,N/A,Fictional concept,Atoms,
,1954,Plastirobe,Sales Pitch,Philip K. Dick,A dress that varies in opacity by distance.,No,N/A,Smart clothing,N/A,Fictional concept,Atoms,
,1954,Visual Ad,Sales Pitch,Philip K. Dick,An advertisement that forces its way directly into the brain of the viewer.,No,N/A,Neural advertising,N/A,Fictional concept,Bits,
,1954,Commute Ship,Sales Pitch,Philip K. Dick,Spacecraft used for traversing daily grind between Earth and the planet you work on.,No,N/A,Interplanetary transit,N/A,Fictional concept,Atoms,
,1954,Sales Robot (Robot Salesman),Sales Pitch,Philip K. Dick,"Fully automated robots giving untiring, incessant sales pitches to customers.",No,N/A,Sales bot,N/A,Fictional concept,Atoms,
,1961,Precipitrons,The Beat Cluster,Fritz Leiber,Filtration system to remove dust and other particulates from the atmosphere in space stations.,Yes,Industry,Air filters,1920s,Removing particulates,Bits,
,1954,Time Quake,Breakfast at Twilight,Philip K. Dick,Too much energy applied to a time-fault may have started this.,No,N/A,Time disruption,N/A,Fictional concept,Bits,
,1954,One-Way Passage,The Houses of Iszm,Jack Vance,A different way to assure permanent egress.,No,N/A,Execution method,N/A,Fictional concept,Bits,
,1954,Cephaloscope,The Houses of Iszm,Jack Vance,A device used to detect lying.,No,N/A,Lie detector,N/A,Fictional concept,Bits,
,1961,Transmit Camera,Four-Day Planet,H. Beam Piper,A camera that both takes pictures and uploads it directly to a news station.,Yes,Newsgathering,Live streaming,2000s,Broadcasting video,Bits,
,1954,Inorganic Evolution,The Invincible,Stanislaw Lem,"A process by which robots could alter their own structure, or the ways that they interact with other robots, to adapt to a changing world.",No,N/A,Robotic evolution,N/A,Fictional concept,Bits,
,1954,Gravity neutralizing paint,Last of the Masters,Philip K. Dick,Paint or coating that neutralized the effects of gravity on whatever it was painted on.,No,N/A,Anti-gravity coating,N/A,Fictional concept,Atoms,
,1961,Waterbed (Hydraulic Bed),Stranger in a Strange Land,Robert Heinlein,A bed that uses water instead of springs and stuffing.,Yes,Furniture companies,Waterbeds,1960s,Fluid-filled mattress,Atoms,
,1961,Opton,Return from the Stars,Stanislaw Lem,"Very early description of an electronic book, with storage media.",Yes,Consumer electronics,E-readers,1990s,Electronic books,Bits,
,1954,House Trees,The Houses of Iszm,Jack Vance,Living trees grown as houses; large hollow pods serve as living spaces.,No,N/A,Organic architecture,N/A,Fictional concept,Atoms,
,1954,Mechanical Tune-Maker,Last of the Masters,Philip K. Dick,An electromechanical device that created unique music.,No,N/A,Algorithmic music,N/A,Fictional concept,Bits,
,1954,Robot Cab Driver,A Present for Pat,Philip K. Dick,You think you have problems? Robots have the worst problems of anyone.,No,N/A,Autonomous taxi,N/A,Fictional concept,Bits,
,1961,Stereo Tank,Stranger in a Strange Land,Robert Heinlein,A receiver for three-dimensional televised images.,Yes,Consumer electronics,3D displays,2010s,Stereoscopic 3D video,Bits,
,1954,Anti-Gerasone,Tomorrow and Tomorrow and Tomorrow,"Kurt Vonnegut, Jr.",Cheap immortality comes to your neighborhood convenience store.,No,N/A,Longevity drug,N/A,Fictional concept,Atoms,
,1954,Sceneshifter,Last of the Masters,Philip K. Dick,An automated display device that produced random pictorial presentations.,No,N/A,Random image display,N/A,Fictional concept,Bits,
,1954,Histo-Research,The Meddler,Philip K. Dick,Historical research using a time machine.,No,N/A,Time viewing,N/A,Fictional concept,Bits,
,1954,Synapsis-Coils,Last of the Masters,Philip K. Dick,Human-like storage for computers.,No,N/A,Computer storage,N/A,Fictional concept,Atoms,
,1954,Tanglefoot Field,The Star Beast,Robert Heinlein,A force field that would not harm but merely entangle and stop anyone (or anything) caught in it.,No,N/A,Restraining force field,N/A,Fictional concept,Bits,
,1961,Teleprinter,Four-Day Planet,H. Beam Piper,A device that printed out a copy of today's newspaper.,Yes,Office equipment,Teleprinters,1920s,Early text communication,Bits,
,1954,Universal Dictionary,The Star Beast,Robert Heinlein,A machine that provided references to anything known.,No,N/A,Encyclopedic knowledge,N/A,Fictional concept,Bits,
,1954,Copter Harness,The Star Beast,Robert Heinlein,A single person flying machine.,No,N/A,Personal VTOL aircraft,N/A,Fictional concept,Atoms,
,1954,Mecho-Clothing,Last of the Masters,Philip K. Dick,Apparel created entirely by machines.,No,N/A,Robot-made clothing,N/A,Fictional concept,Atoms,
,1954,Mechanical Bride,The Mechanical Bride,Fritz Leiber,A perfect robotic replica of a woman.,No,N/A,Fembot,N/A,Fictional concept,Atoms,
,1954,Feeler-Planes,The Houses of Iszm,Jack Vance,Special sensors that make extremely detailed three-dimensional models.,No,N/A,Sensing drones,N/A,Fictional concept,Atoms,
,1954,Compassion Circuit,Compassion Circuit,John Wyndham,A special robotic component that allows the robot to weigh harm and benefit in carrying out commands.,No,N/A,Safeguarding AI,N/A,Fictional concept,Bits,
,1954,Radiant Shield,The Houses of Iszm,Jack Vance,A device that would effectively prevent an implanted radiant from being detected or read.,No,N/A,Tracking blocker,N/A,Fictional concept,Bits,
,1954,Sentry Trees,The Houses of Iszm,Jack Vance,A set of trees that will allow only those with the safe signal to pass.,No,N/A,Security system,N/A,Fictional concept,Atoms,
,1962,Carniculture Vat,Space Viking,H. Beam Piper,Technology to grow meat sans animal.,Yes,Scientists,Product,2013,Real cultured meat,Atoms,
,1954,Tri-Type Record,The Houses of Iszm,Jack Vance,"A printed card that stores information about a person, including a perfect three-dimensional representation.",No,N/A,Identification record,N/A,Fictional concept,Bits,
,1962,Diamagnetic Levitation,The Currents of Space,Isaac Asimov,Levitation accomplished using magnetic field's interference with the motion of electrons orbiting the atoms or molecules of a material.,Yes,Engineers,Prototype,20th century,Real diamagnetic levitation,Atoms,
,1954,Radiant,The Houses of Iszm,Jack Vance,"A chip that is injected into the shoulder, providing positioning and information about the subject.",No,N/A,Tracking implant,N/A,Fictional concept,Atoms,
,1954,Boat-Tree,The Houses of Iszm,Jack Vance,"A tree, the pods of which can be grown as boats.",No,N/A,Organic product,N/A,Fictional concept,Atoms,
,1954,Spacelanes Traffic Jam,Sales Pitch,Philip K. Dick,Fanciful description of commuters in space.,No,N/A,Space congestion,N/A,Fictional concept,Bits,
,1962,Rat-Robot,Anything You Can Do,Gordon Randall Garrett,A small remotely-operated surveillance robot.,Yes,Engineers,Prototype,1970s,Early teleoperated robot,Atoms,
,1962,Delivery Robot,Podkayne of Mars,Robert Heinlein,A small autonomous device that will bring goods directly to a person or place.,Yes,Engineers,Product,2010s,Real delivery robots,Atoms,
,1954,Relay,Souvenir,Philip K. Dick,A central information system used to coordinate all of human culture and technology.,No,N/A,Information network,N/A,Fictional concept,Bits,
,1962,Luminescent Vial,The Dragon Masters,Jack Vance,A glass tube full of luminescent algae; used to provide some measure of light underground.,Yes,Engineers,Product,20th century,Real bioluminescence,Atoms,
,1954,Robot Guard,The Turning Wheel,Philip K. Dick,Very early reference to a guard robot.,No,N/A,Security robot,N/A,Fictional concept,Atoms,
,1962,Cataclysmite,Little Fuzzy,H. Beam Piper,A high explosive.,Yes,Military,Product,20th century,Fictional explosive,Atoms,
,1962,Veridicator,Little Fuzzy,H. Beam Piper,A device that measured physiologic responses (biometric data) and translated it to a set of colors that unerringly reported whether or not the measured person was telling the truth.,Yes,Engineers,Prototype,2010s,Real lie detection tech,Bits,
,1954,Robot Farmer,The Turning Wheel,Philip K. Dick,A humanoid robot used for agriculture.,No,N/A,Farming robot,N/A,Fictional concept,Atoms,
,1954,Mother-Scanner,The Turning Wheel,Philip K. Dick,A device that can see your future through your next birth.,No,N/A,Reincarnation viewer,N/A,Fictional concept,Bits,
,1954,Human Quarter,James P. Crow,Philip K. Dick,"A ghetto for human beings; in this case, in a world of robots.",No,N/A,Segregated district,N/A,Dystopian concept,Atoms,
,1954,The Dip,The Meddler,Philip K. Dick,A device that randomly dredges up things from the past... or the future.,No,N/A,Time scanner,N/A,Fictional concept,Bits,
,1954,Roboscribe,End as a Robot,Richard Marsten,A robotic writer of hard-bitten detective yarns.,No,N/A,Writing bot,N/A,Fictional concept,Bits,
,1962,Serving Robot,Space Viking,H. Beam Piper,A non-humanoid robot designed to serve.,Yes,Engineers,Product,2010s,Real serving robots,Atoms,
,1954,Public Vehicle Tube,The Houses of Iszm,Jack Vance,Underground transportation tubes.,No,N/A,Public transit tunnels,N/A,Fictional concept,Atoms,
,1954,Micro-Android (Micro-Robot),Dawn of the Demigods,Raymond Z. Gallun,An extremely tiny robot or nanobot.,No,N/A,Microrobot,N/A,Fictional concept,Atoms,
,1954,Automatic Companion Robot,The Midas Plague,Frederik Pohl,A robotic replacement for a pet or friend.,No,N/A,Companion bot,N/A,Fictional concept,Atoms,
,1954,Thought Pattern Divination,The Houses of Iszm,Jack Vance,Attempting to construct the thoughts of a person by imitating their actions.,No,N/A,Mind reading,N/A,Fictional concept,Bits,
,1963,Alcohol-Sensing System,The Game Players of Titan,Philip K. Dick,"A vehicle subsystem that detected alcohol use in the driver, and then took control of the car away from the driver.",Yes,Engineers,Product,2000s,Real driver monitoring,Bits,
,1963,Rabbit-Paper,The Game Players of Titan,Philip K. Dick,A paper pregnancy test that showed immediate results.,Yes,Scientists,Product,1970s,Early home tests,Atoms,
,1954,Airmakers,The Big Rain,Poul Anderson,Machine to create breathable air from the constituent materials on an alien planet.,No,N/A,Atmosphere generation,N/A,Fictional concept,Atoms,
,1954,Hopper,Lucky Starr and the Oceans of Venus,Isaac Asimov,A vehicle with a single leg and rotors to enhance 'hang time.',No,N/A,Fictional vehicle,N/A,Fictional concept,Atoms,
,1954,One-Man Car,The Houses of Iszm,Jack Vance,A small transport vehicle.,No,N/A,Personal vehicle,N/A,Fictional concept,Atoms,
,1963,Tattletale,The Game Players of Titan,Philip K. Dick,"A device is attached to a criminal suspect, ensuring that his whereabouts are always known.",Yes,Government,Product,2000s,Real offender monitoring,Bits,
,1963,Rifle Range (Virtual Shooting Range),Way Station,Clifford Simak,Virtual skeet shooting gallery with clay pigeon traps created by aliens.,Yes,Engineers,Prototype,2010s,Real VR shooting ranges,Bits,
,1954,Pod-Chair,The Houses of Iszm,Jack Vance,"A living chair, grown by the Iszc to perform its function.",No,N/A,Organic furniture,N/A,Fictional concept,Atoms,
,1963,Unicephalon 40-D,Stand-By,Philip K. Dick,A problem-solving supercomputer.,Yes,Engineers,Product,1960s,Early supercomputers,Bits,
,1954,Consumption Robots,The Midas Plague,Frederik Pohl,Humanoid robots placed in the position of consuming material goods to relieve human beings of the burden.,No,N/A,Consumer bots,N/A,Fictional concept,Atoms,
,1954,Self-Selling Robot,Sales Pitch,Philip K. Dick,A robot that sells itself.,No,N/A,Sales bot,N/A,Fictional concept,Atoms,
,1954,Finger Jet Bath,The Houses of Iszm,Jack Vance,The ultimate in luxury tubs.,No,N/A,Luxury bathing,N/A,Fictional concept,Atoms,
,1954,Law Clerk Robot,The Midas Plague,Frederik Pohl,A robotic lawyer.,No,N/A,Legal assistance AI,N/A,Fictional concept,Bits,
,1954,TBR (Talk Between Robots) Circuit,The Midas Plague,Frederik Pohl,A special means of communications used by robots to speak with each other.,No,N/A,Robot communication,N/A,Fictional concept,Bits,
,1954,Mnemonic Service,Sucker Bait,Isaac Asimov,Dedicated humans who collected bits of data in hopes of catching key correlations between fields of study.,No,N/A,Memory indexing,N/A,Fictional concept,Bits,
,1963,Field-Minder,Who Can Replace A Man,Brian Aldiss,An agricultural robot.,Yes,Engineers,Product,2000s,Real agricultural robots,Atoms,
,1953,Preserving Machine,The Preserving Machine,Philip K. Dick,A device that would create a unique animal from a piece of classical music.,No,N/A,N/A,N/A,Fictional bioengineering device,Atoms,
,1953,Stardrive,Childhood's End,Arthur C. Clarke,Propulsion method that quickly brings a ship's speed to nearly that of light.,No,N/A,N/A,N/A,Fictional FTL drive,Atoms,
,1953,Buttered Toast Robot,Fahrenheit 451,Ray Bradbury,What it says on the tin.,No,N/A,N/A,N/A,Early domestic robot,Atoms,
,1963,Solar Yacht Periscope,Sunjammer,Arthur C. Clarke,A device used in the small cabin of a solar yacht.,Yes,Engineers,Product,20th century,Real periscopes,Atoms,
,1953,Space Weakness,Space Tug,Murray Leinster,Early description of what happens to the human body in zero gravity.,No,N/A,N/A,N/A,Describing real space phenomena,N/A,
,1953,Space Phobia,Let 'em Breathe Space!,Lester del Rey,When astronauts have had enough.,No,N/A,N/A,N/A,Fictional space psychology,Bits,
,1964,Stick-Tight,The Star King,Jack Vance,A general term for surveillance devices that will follow a subject and record speech or video.,Yes,Engineers,Product,2000s,Real tracking bugs,Bits,
,1953,Leady,The Defenders,Philip K. Dick,A radiation-resistant robot.,No,N/A,N/A,N/A,Early radiation hardened robot,Atoms,
,1953,Panoramic Viewer,Childhood's End,Arthur C. Clarke,"Permits observation at a distance, as well as the projection of a holographic image.",No,N/A,N/A,N/A,Early surveillance and hologram concepts,Bits,
,1953,Positronic Motor,Sally,Isaac Asimov,A combination of motor and brain; an engine with a cerebellum and a carburetor.,No,N/A,N/A,N/A,Fictional AI engine,Bits,
,1953,Self-Cleaning Autonomous Car,Sally,Isaac Asimov,An automatic vehicle that keeps itself clean.,No,N/A,N/A,N/A,Early autonomous vehicle ideas,Atoms,
,1953,Planoforming,The Game of Rat and Dragon,Cordwainer Smith,"A form of ""faster than light"" travel allows for interstellar travel.",No,N/A,N/A,N/A,Fictional FTL concept,Atoms,
,1953,Gravity-Simulator Harness,Space Tug,Murray Leinster,Device that simulates gravity's effect on muscles to keep in shape while in space.,No,N/A,N/A,N/A,Early space exercise concept,Atoms,
,1953,Pinlight,The Game of Rat and Dragon,Cordwainer Smith,Thimble-sized photonuclear bomb.,No,N/A,N/A,N/A,Fictional micro-bomb,Atoms,
,1953,Robant,The Impossible Planet,Philip K. Dick,A robotic servant.,No,N/A,N/A,N/A,Early domestic robot concept,Atoms,
,1953,Machine Evolution,Second Variety,Philip K. Dick,"An early look at the idea that machines can evolve all by themselves, physically and intellectually.",No,N/A,N/A,N/A,Early AI evolution concept,Bits,
,1953,Worldcraft Bubble,The Trouble With Bubbles,Philip K. Dick,An incredibly detailed mechanical simulation of a world.,No,N/A,N/A,N/A,Early VR concept,Bits,
,1953,Sideglance Robe,The Trouble With Bubbles,Philip K. Dick,"A dress that is invisible or opaque, depending on how you look at it.",No,N/A,N/A,N/A,Fictional smart materials,Atoms,
,1953,Speedtalk,Assignment in Eternity,Robert Heinlein,"A constructed language that uses a single sound to stand for a word, achieving great improvements in communication speed.",No,N/A,N/A,N/A,Fictional efficient language,Bits,
,1964,Fake-Meter,The Killing Machine,Jack Vance,A pocket-sized counterfeit currency detector.,Yes,Engineers,Product,20th century,Real counterfeit detectors,Bits,
,1953,Sub-C,The Impossible Planet,Philip K. Dick,"Of ships, older models that travel at speeds below that of light.",No,N/A,N/A,N/A,Fictional space travel classes,N/A,
,1953,Big Flue,Fahrenheit 451,Ray Bradbury,Enormous incinerators serviced directly by helicopter.,No,N/A,N/A,N/A,Fictional waste management,Atoms,
,1953,Salamander,Fahrenheit 451,Ray Bradbury,"Name given to the fire trucks of the future, which carry kerosene rather than water, and are used to burn houses.",No,N/A,N/A,N/A,Fictional emergency vehicle,Atoms,
,1964,Auto Shovel,The Simulacra,Philip K. Dick,Automated mining equipment for use in space.,Yes,Engineers,Product,Late 20th century,Real automated mining,Atoms,
,1953,Permanent Skywriting,Soap Opera,Alan Nelson,Non-wispy skywriting letters.,No,N/A,N/A,N/A,Fictional skywriting,Bits,
,1964,Surgical Hand,Clans of the Alphane Moon,Philip K. Dick,A specialized robotic hand used for surgery.,Yes,Engineers,Prototype,2010s,Real surgical robots,Atoms,
,1964,Auto Course-Finding Pilot,Clans of the Alphane Moon,Philip K. Dick,"A device that not only pilots the craft, but will also plot out a course for you.",Yes,Engineers,Product,2000s,Real autopilots,Bits,
,1953,Claws (Attack Robot),Second Variety,Philip K. Dick,Autonomous guard robots that attack living tissue.,No,N/A,N/A,N/A,Early military robot concept,Atoms,
,1953,Mechanical Hound,Fahrenheit 451,Ray Bradbury,"An eight-legged robotic ""hound"" with hypodermic poison fangs.",No,N/A,N/A,N/A,Early robot concept,Atoms,
,1953,Torchship,Sky Lift,Robert Heinlein,A spaceship capable of high acceleration.,No,N/A,N/A,N/A,Fictional fast ship,Atoms,
,1953,Farming Trantor,Second Foundation,Isaac Asimov,"Taking apart a vast city, and returning to farming the land.",No,N/A,N/A,N/A,Fictional post-urbanism,Atoms,
,1953,Ovoid 3D Galactic Model,Second Foundation,Isaac Asimov,A handheld display of a galaxy.,No,N/A,N/A,N/A,Early 3D display idea,Bits,
,1953,Mental Static Device,Second Foundation,Isaac Asimov,Cloak the minds of individuals with a kind of 'noise'.,No,N/A,N/A,N/A,Fictional telepathy shielding,Bits,
,1953,Message Tree,A Case of Conscience,James Blish,A tree growing out of a huge cliff of crystal provides communication for a world.,No,N/A,N/A,N/A,Fictional alien comms,Bits,
,1953,Prime Radiant,Second Foundation,Isaac Asimov,A projector that puts all of a vast collection of writings on the wall of a special conference room. You could interact with it by writing on the wall; changes were stored.,No,N/A,N/A,N/A,Early interactive display concept,Bits,
,1953,Galactic Damping Field,Brain Wave,Poul Anderson,A vast field of force emanating from the center of the galaxy.,No,N/A,N/A,N/A,Fictional galactic phenomenon,Atoms,
,1953,Time Scoop,Paycheck,Philip K. Dick,Retrieved objects from other points in time.,No,N/A,N/A,N/A,Fictional time machine,Atoms,
,1953,Space Wagon,Space Tug,Murray Leinster,"A space vehicle without a cabin, used for short-range towing.",No,N/A,N/A,N/A,Early space vehicle ideas,Atoms,
,1953,Spacecraft Ejection Seat,Space Tug,Murray Leinster,"An ejection seat for spacecraft, to be used in the event of problems during launch.",No,N/A,N/A,N/A,Early spacecraft safety ideas,Atoms,
,1964,Syn-Cof,Cantata 140,Philip K. Dick,Synthetic coffee.,Yes,Chemists,Product,20th century,Real instant coffee,Atoms,
,1964,Artif-Org,Cantata 140,Philip K. Dick,A mechanical version of a human organ.,Yes,Engineers,Product,2010s,Real artificial organs,Atoms,
,1953,Short-Wave Surgical Knife,Boomerang,Eric Frank Russell,A means of performing an internal cut without breaking the skin.,No,N/A,N/A,N/A,Fictional non-invasive surgery,Atoms,
,1953,The Shed,Space Tug,Murray Leinster,Enormous building needed to assemble giant space craft or space stations.,No,N/A,N/A,N/A,Early space manufacturing ideas,Atoms,
,1964,Autonomic Food-Processing System,Cantata 140,Philip K. Dick,Technology allows food to be prepared untouched by human hands.,Yes,Engineers,Product,2000s,Real automated food prep,Atoms,
,1964,Robot Busboy,"Lies, Inc.",Philip K. Dick,A robotic device able to autonomously clear tables in a restaurant.,Yes,Engineers,Product,2010s,Real restaurant robots,Atoms,
,1964,Rhetorizer,The Penultimate Truth,Philip K. Dick,A computerized assistant for writers.,Yes,Programmers,Product,2010s,Real AI writing assistants,Bits,
,1964,Color Generator,The Killing Machine,Jack Vance,A variable spectrum light source,Yes,Engineers,Product,20th century,Real lighting tech,Atoms,
,1964,Phantomatic Generator (Virtual Reality),Summa Technologiae,Stanislaw Lem,A computer-generated experience.,Yes,Programmers,Prototype,2010s,Real VR,Bits,
,1964,Jet-Powered Aquaplane,The Star King,Jack Vance,Overpowered surface boat.,Yes,Engineers,Product,20th century,Real jet boats,Atoms,
,1953,Inflatable Air Lock,Space Tug,Murray Leinster,Air lock making use of inflatable side walls to achieve large size.,No,N/A,N/A,N/A,Early expandable space habitat idea,Atoms,
,1953,R. Daneel Olivaw,Caves of Steel,Isaac Asimov,"A human-like robot, skilled in police work.",No,N/A,N/A,N/A,Early humanoid robot concept,Atoms,
,1953,Pushpot,Space Tug,Murray Leinster,An independent rocket motor that can attach itself to an object bound for space.,No,N/A,N/A,N/A,Early modular spacecraft concept,Atoms,
,1964,Suicide Tooth,"Lies, Inc.",Philip K. Dick,A false tooth containing poison.,Yes,Spies,Product,20th century,Real spy technology,Atoms,
,1953,Master Ventriloquism Corporation (MV),Captive Audience,Anne Warren Griffith,"A central source of product advertising, commercials sent out to every product.",No,N/A,N/A,N/A,Fictional ad network,Bits,
,1953,Earplug Decision (Restraint of Advertising),Captive Audience,Anne Warren Griffith,A Supreme Court judgement that declared that earplugs used to block advertising were unconstitutional.,No,N/A,N/A,N/A,Fictional legal ruling,Bits,
,1964,Bug Chasers,"Lies, Inc.",Philip K. Dick,Anti-surveillance devices.,Yes,Engineers,Product,20th century,Real surveillance countermeasures,Bits,
,1964,Solar Updraft Tower,Shortstack,Leigh and Walt Richmond,A renewable-energy scheme that generates power from air movement inside a tall chimney.,Yes,Engineers,Prototype,1980s,Real solar updraft towers,Atoms,
,1953,Control Screen,Childhood's End,Arthur C. Clarke,An alien display device.,No,N/A,N/A,N/A,Fictional display tech,Bits,
,1953,Buy-Me-Discs,Captive Audience,Anne Warren Griffith,Tiny disks attached to products in stores that received transmitted ads to share with consumers.,No,N/A,N/A,N/A,Fictional retail ad tech,Bits,
,1964,Cholinesterase-Destroying Gas,"Lies, Inc.",Philip K. Dick,Horrific anti-personnel poison.,Yes,Military,Product,20th century,Real chemical weapons,Atoms,
,1953,Travel-Rug,Roll Out The Rolov!,Christopher Anvil,A rug that conveyed you around your house.,No,N/A,N/A,N/A,Early mobility aid concept,Atoms,
,1953,Paint-to-Order Robot Artist,The Music Master,F.L. Wallace,"A robotic mechanism that could produce a unique picture, given subject and artistic style.",No,N/A,N/A,N/A,Early artistic AI,Bits,
,1953,Sunlight Blocker,Childhood's End,Arthur C. Clarke,A roughly circular field which denies sunlight to an area of a planet.,No,N/A,N/A,N/A,Fictional sunlight blocking,Atoms,
,1965,Solido Projector,Dune,Frank Herbert,Projects 3-dimensional images.,Yes,Engineers,Prototype,1990s,Early 3D displays,Bits,
,1953,Synthony,The Music Master,F.L. Wallace,A musical performance by robots.,No,N/A,N/A,N/A,Early robot orchestra,Bits,
,1965,Electronic Bard,The Cyberiad: Fables for the Cybernetic Age,Stanislaw Lem,A computing machine that is able to write original poetry.,Yes,Programmers,Prototype,2020s,Real AI poetry,Bits,
,1953,Lens Image,Second Foundation,Isaac Asimov,"A presentation of the night sky, calculated for any planet or point in space.",No,N/A,N/A,N/A,Early immersive display idea,Bits,
,1953,Homeostatic Newspaper,If There Were No Benny Cemoli,Philip K. Dick,An autonomous news-gathering and publishing entity; abbreviated as homeopape.,No,N/A,N/A,N/A,Early newsbot idea,Bits,
,1953,Hypertracer,Second Foundation,Isaac Asimov,A device that allows a pursuer to follow a spaceship through hyperspace.,No,N/A,N/A,N/A,Fictional FTL tracking,Bits,
,1965,Windtrap,Dune,Frank Herbert,A device which precipitates water from the air for use by people.,Yes,Engineers,Product,20th century,Real moisture harvesters,Atoms,
,1965,Filament Paper Book,Dune,Frank Herbert,"Very small book, made for space travelers in an era when the smallest added weight was costly.",Yes,Publishers,Product,2000s,Real microbooks,Atoms,
,1953,Galactography,Second Foundation,Isaac Asimov,Geography on a galactic scale.,No,N/A,N/A,N/A,Fictional galactic cartography,Bits,
,1965,Poison Snooper,Dune,Frank Herbert,A device that checked food and drink for poisons.,Yes,Engineers,Prototype,2020s,Real food sensors,Bits,
,1952,Contragravity Suit,Uller Uprising,H. Beam Piper,A suit with antigravity.,No,N/A,Anti-gravity suit,N/A,Fictional concept,Bits,
,1952,Free Robot,Robot Unwanted,Daniel Keyes,A robot without a master.,No,N/A,Autonomous robot,N/A,Fictional concept,Atoms,
,1965,Imperial Handicraft Globe,Dune,Frank Herbert,Perfectly crafted globe for planetary governors.,Yes,Artisans,Product,16th century,Real globe making,Atoms,
,1965,Filmbook,Dune,Frank Herbert,"A storage medium for information, both text and video.",Yes,Engineers,Prototype,2000s,Early ebooks and streaming,Bits,
,1952,Tourist Rocket,The Space Merchants,Frederik Pohl (w/CM Kornbluth,"A cheap, unpleasant way to do space travel.",No,N/A,Suborbital rocket,N/A,Fictional concept,Atoms,
,1952,Water Bulb,The Space Merchants,Frederik Pohl (w/CM Kornbluth,A zero-gee dispenser of liquids.,No,N/A,Zero-g liquid container,N/A,Fictional concept,Atoms,
,1965,Carryall,Dune,Frank Herbert,A flying wing (aircraft); used to pick up a sandcrawler (harvester factory),Yes,Engineers,Prototype,20th century,Real cargo aircraft,Atoms,
,1952,Plastissue,Accidental Flight,W.F. Wallace,Artificial flesh.,No,N/A,Synthetic flesh,N/A,Fictional concept,Atoms,
,1952,Ullran Enunciator,Uller Uprising,H. Beam Piper,Special prosthesis needed to aid humans in speaking an alien language.,No,N/A,Translation device,N/A,Fictional concept,Bits,
,1952,Plasticocoon,The Space Merchants,Frederik Pohl (w/CM Kornbluth,Holds a prisoner motionless.,No,N/A,Fictional restraint,N/A,Fictional concept,Atoms,
,1952,Off-Planet,Uller Uprising,H. Beam Piper,"Away from a planet, towards another or into space.",No,N/A,Space travel,N/A,Scientific concept,Bits,
,1952,Airjeep,Uller Uprising,H. Beam Piper,A small military air vehicle.,No,N/A,Fictional aircraft,N/A,Fictional concept,Atoms,
,1952,Psychic Probe,Foundation and Empire,Isaac Asimov,A device capable of discerning truthful information in a living human brain.,No,N/A,Mind reading device,N/A,Fictional concept,Bits,
,1965,Autodoc,World of Ptavvs,Larry Niven,"An automated physician, a fully autonomous surgical robot.",Yes,Engineers,Prototype,2010s,Real surgical robots,Atoms,
,1965,Inter-Vehicle Communication,The Three Stigmata of Palmer Eldritch,Philip K. Dick,The ability to talk car-to-car directly.,Yes,Engineers,Product,1990s,Real vehicle-to-vehicle comms,Bits,
,1965,Autonomic Cab,The Three Stigmata of Palmer Eldritch,Philip K. Dick,An automated taxicab (without robotic driver).,Yes,Engineers,Prototype,2010s,Early self-driving taxis,Atoms,
,1952,Chlorella Plantation,The Space Merchants,Frederik Pohl (w/CM Kornbluth,A skyscraper designed for food production.,No,N/A,Vertical farming,N/A,Fictional concept,Atoms,
,1952,Hypnoteleset,The Space Merchants,Frederik Pohl (w/CM Kornbluth,"A device that guarantees quick, surrogate sleep.",No,N/A,Hypnosis device,N/A,Fictional concept,Bits,
,1952,Broomstick,Islands in the Sky,Arthur C. Clarke,Device to ease movement in a zero-gravity environment.,No,N/A,Zero-g maneuvering device,N/A,Fictional concept,Atoms,
,1952,Flat Cat,The Rolling Stones,Robert Heinlein,A nearly two-dimensional furry little beast.,No,N/A,Fictional creature,N/A,Fictional concept,Atoms,
,1952,Lunocycle (Lunar Bicycle),The Rolling Stones,Robert Heinlein,A bicycle specially adapted for lunar travel.,No,N/A,Fictional vehicle,N/A,Fictional concept,Atoms,
,1952,Monoline,Big Planet,Jack Vance,A wind-driven overland transport.,No,N/A,Fictional transportation,N/A,Fictional concept,Atoms,
,1965,Implanted Steel Teeth,The Three Stigmata of Palmer Eldritch,Philip K. Dick,Replacement teeth implanted in the jaw.,Yes,Dentists,Product,20th century,Real dental implants,Atoms,
,1965,Family Atomics,Dune,Frank Herbert,Noble houses had their own atomic weapons.,Yes,Militaries,Product,1945,Real nuclear weapons,Atoms,
,1965,Robot Bar,Bill the Galactic Hero,Harry Harrison,A combination bartender and bar; a robot capable of dispensing beverages.,Yes,Engineers,Product,2010s,Real robotic bartenders,Atoms,
,1965,Chowlock,The Starfox,Poul Anderson,A small opening in a space helmet for food insertion.,Yes,Engineers,Product,1960s,Real space suit design,Atoms,
,1965,Luxvid Eyes (Jensen Wide-Angle),The Three Stigmata of Palmer Eldritch,Philip K. Dick,"Artificial, unmoving implanted eyes.",Yes,Doctors,Product,2010s,Real prosthetic eyes,Atoms,
,1965,Steel Teeth,The Three Stigmata of Palmer Eldritch,Philip K. Dick,Artificial teeth welded to the bone.,Yes,Dentists,Product,20th century,Real dental implants,Atoms,
,1965,Interchangeable Hands,The Three Stigmata of Palmer Eldritch,Philip K. Dick,Specialized manual extremities.,Yes,Engineers,Prototype,2010s,Real advanced prosthetics,Atoms,
,1952,Panatrope,Surface Tension,James Blish,A device that modifies human dna to ensure survival in harsh alien environments.,No,N/A,Genetic engineering,N/A,Fictional concept,Bits,
,1952,Ribbon World,Foundation and Empire,Isaac Asimov,A planet that presents the same face to its sun has a small habitable area - the ribbon between light and dark.,No,N/A,Tidally locked planet,N/A,Astronomical concept,Atoms,
,1952,Prism Window,The Space Merchants,Frederik Pohl (w/CM Kornbluth,A device for getting a better view of the ground from inside an airplane.,No,N/A,Aircraft window,N/A,Fictional concept,Bits,
,1952,Space Beacon,Troubled Star,George O. Smith,An ordinary sun is transformed into a beacon for use by spacecraft when in hyperspace.,No,N/A,Space navigation,N/A,Fictional concept,Bits,
,1952,Coffiest,The Space Merchants,Frederik Pohl (w/CM Kornbluth,It's coffee that you can't live without.,No,N/A,Fictional beverage,N/A,Fictional concept,Atoms,
,1952,Retinal Projection,The Space Merchants,Frederik Pohl (w/CM Kornbluth,A method for projecting advertisements directly on the retina.,No,N/A,Retinal display,N/A,Fictional concept,Bits,
,1952,Compulsive Subsonics,The Space Merchants,Frederik Pohl (w/CM Kornbluth,An advertising agency works with every part of the audience's brain.,No,N/A,Subliminal advertising,N/A,Fictional concept,Bits,
,1952,Hydropathic bed,The Demolished Man,Alfred Bester,A heated bed that used something more comfortable than water.,No,N/A,Fictional technology,N/A,Fictional concept,Bits,
,1952,Visi-Sonor,Foundation and Empire,Isaac Asimov,An entertainment device which appeared to create both sound and light by acting directly on brain cells. It also stimulated emotions directly.,No,N/A,Immersive entertainment,N/A,Fictional concept,Bits,
,1952,Airplane Window Ads,The Space Merchants,Frederik Pohl (w/CM Kornbluth,An airplane window that allows you to - see advertisements!,No,N/A,In-flight advertising,N/A,Fictional concept,Bits,
,1952,Nuclear-Field Depressor,Foundation and Empire,Isaac Asimov,A device that causes nuclear-powered devices to stop working.,No,N/A,EMP device,N/A,Fictional concept,Bits,
,1965,Water Repellent Surface,Dune,Frank Herbert,A surface that water flows over without sticking at all.,Yes,Chemists,Product,20th century,Real hydrophobic coatings,Atoms,
,1952,Levitating Path,A Sound of Thunder,Ray Bradbury,Anti-gravity metal used to make a floating walkway.,No,N/A,Anti-gravity path,N/A,Fictional concept,Bits,
,1952,Personal Solar Plant,Ring Around the Sun,Clifford Simak,A single-home solar-powered energy source.,No,N/A,Home solar,N/A,Fictional concept,Bits,
,1952,Electronic Spy,Ring Around the Sun,Clifford Simak,An autonomous device that kept itself hidden while keeping track of an individual's activity.,No,N/A,Electronic surveillance,N/A,Fictional concept,Bits,
,1952,Flavor-Capsule,Foundation and Empire,Isaac Asimov,A small pill used to turn ordinary water into a flavored beverage.,No,N/A,Artificial flavoring,N/A,Fictional concept,Atoms,
,1952,Spray-On Gloves,Abercrombie Station,Jack Vance,Fashionable evening gloves that are sprayed onto the hand and arm.,No,N/A,Spray-on clothing,N/A,Fictional concept,Atoms,
,1952,Menslator,Troubled Star,George O. Smith,A translator that works by examining the mental image of what you are trying to say.,No,N/A,Telepathic translator,N/A,Fictional concept,Bits,
,1965,Communinet,Dune,Brian Herbert,A public data network.,Yes,Engineers,Product,1969,Early ARPANET,Bits,
,1952,Spy-Eyes,Manners of the Age,H.B. Fyfe,Tiny robotic surveillance devices fly using propellers.,No,N/A,Surveillance robots,N/A,Fictional concept,Atoms,
,1952,Barytrine Field,Troubled Star,George O. Smith,Very large scale stasis field.,No,N/A,Stasis field,N/A,Fictional concept,Bits,
,1952,Magneslippers,Accidental Flight,W.F. Wallace,"Shoes that adhere to metal space ship floors, useful in null gravity situations.",No,N/A,Fictional technology,N/A,Fictional concept,Atoms,
,1952,Tiny Nuclear Generator,Foundation and Empire,Isaac Asimov,A complete nuclear-based generator of power no bigger than a walnut.,No,N/A,Miniaturized reactor,N/A,Fictional concept,Atoms,
,1952,Mnemiphot,The Kokod Warriors,Jack Vance,"A device used to search for information, which is then presented on a convenient screen.",No,N/A,Information retrieval,N/A,Fictional concept,Bits,
,1952,Kite-Copter Car,The Kokod Warriors,Jack Vance,An observation car suspended below a device that supplies lift.,No,N/A,Fictional vehicle,N/A,Fictional concept,Atoms,
,1952,Soot-Extractor Nostril Plugs (Antisoot Plugs),The Space Merchants,Frederik Pohl (w/CM Kornbluth,A small device worn to filter industrial pollutants out of breathing air.,No,N/A,Fictional product,N/A,Fictional concept,Atoms,
,1952,Triple Airlock,Uller Uprising,H. Beam Piper,Special device to protect against extremely corrosive atmospheres.,No,N/A,Airlock,N/A,Fictional concept,Atoms,
,1952,Spray-On Clothing Web,Abercrombie Station,Jack Vance,A 'web' clothing foundation that can be sprayed on and then molded by a couturier.,No,N/A,Spray-on clothing,N/A,Fictional concept,Atoms,
,1952,Self-Maintaining Circuit Monitoring and Repair,Gramp and his Dog,Frank Quattrocchi,A computer that monitors itself for repair.,No,N/A,Robust computing,N/A,Fictional concept,Bits,
,1952,Space-Weather Men,Revenge of the Robots,Lawrence Chandler,Predictors of the 'weather' in space.,No,N/A,Space monitoring,N/A,Fictional concept,Bits,
,1952,Cylinder Space Suit,Islands in the Sky,Arthur C. Clarke,"A mostly rigid, cylindrical space suit.",No,N/A,Fictional spacesuit,N/A,Fictional concept,Atoms,
,1952,Vision Strip,Orphans of the Void,Orville Shaara,A circular vision strip for robots.,No,N/A,Robot vision,N/A,Fictional concept,Bits,
,1952,Robot Manumission,Robot Unwanted,Daniel Keyes,The freeing of a robotic being from a state of being owned property.,No,N/A,Robot rights,N/A,Fictional concept,Bits,
,1952,Esper,The Demolished Man,Alfred Bester,A person to perceive the contents of another person's mind.,No,N/A,Psionic ability,N/A,Fictional concept,Bits,
,1952,Leak Disk,Islands in the Sky,Arthur C. Clarke,Simple device to temporarily close a leak in a spacecraft.,No,N/A,Spacecraft repair,N/A,Fictional concept,Atoms,
,1952,Robot Ramp,Robot Unwanted,Daniel Keyes,A special means of ingress and egress solely for use by mechanical help.,No,N/A,Robot infrastructure,N/A,Fictional concept,Atoms,
,1965,Lasgun,Dune,Frank Herbert,A continuous-wave laser projector; can be used as a weapon or as a cutting tool.,Yes,Engineers,Product,1960s,Real laser tech,Atoms,
,1952,Silencer-Padding,Robot Unwanted,Daniel Keyes,"Robots need to have special padding on the bottoms of their lower limbs, so they don't clank as they walk.",No,N/A,Fictional technology,N/A,Fictional concept,Atoms,
,1965,Servok,Dune,Frank Herbert,An 'automatic' or clock-set mechanism to perform simple tasks.,Yes,Engineers,Product,18th century,Early automatons,Atoms,
,1965,Smart Dust,The Cyberiad: Fables for the Cybernetic Age,Stanislaw Lem,Very tiny computers.,Yes,Engineers,Prototype,1990s,Real smart dust,Bits,
,1952,Self-Repairing Robot,Accidental Flight,W.F. Wallace,A mechanism that can detect faults in itself and repair them.,No,N/A,Self-healing robotics,N/A,Fictional concept,Bits,
,1952,Robodore,Robot Unwanted,Daniel Keyes,"A robot specialized for use as a stevedore, emptying the contents of ships in port.",No,N/A,Fictional robot,N/A,Fictional concept,Atoms,
,1952,Robotic Law Tape Safety Valve,Robot Unwanted,Daniel Keyes,A specific impulse that warns robots contemplating breaking the laws set forth for their behavior.,No,N/A,Robot safeguards,N/A,Fictional concept,Bits,
,1952,Analogue Treatment,Ticket to Anywhere,Damon Knight,Hypnotic drug treatment that normalizes behavior in humans.,No,N/A,Fictional treatment,N/A,Fictional concept,Bits,
,1965,Chromoplastic Dew Collector,Dune,Frank Herbert,"A small, egg-shaped device that uses a special surface to collect morning dew on the desert planet of Arrakis.",Yes,Engineers,Product,20th century,Real dew harvesting,Atoms,
,1952,Light Absorbing/Emitting Ink,Gravy Planet,Frederik Pohl (w/CM Kornbluth,Ink that can absorb light and then emit it in a burst for advertising purposes.,No,N/A,Glowing ink,N/A,Fictional concept,Atoms,
,1965,Palm Lock,Dune,Frank Herbert,A lock or seal which can be opened only by contact with the palm of the human hand to which it has been keyed.,Yes,Engineers,Product,2000s,Real biometric locks,Bits,
,1965,Gigagnostotron,The Cyberiad: Fables for the Cybernetic Age,Stanislaw Lem,Enormously powerful computing device.,Yes,Engineers,Product,2000s,Real supercomputers,Bits,
,1952,Toaster,Accidental Flight,W.F. Wallace,A handheld beam weapon.,No,N/A,Ray gun,N/A,Fictional concept,Bits,
,1952,Supervisor Robot,Manners of the Age,H.B. Fyfe,A robot that watches over and gives orders to other robots.,No,N/A,Overseer robot,N/A,Fictional concept,Atoms,
,1952,Robot Tennis Player,Manners of the Age,H.B. Fyfe,"A purely mechanical, autonomous foe on the court.",No,N/A,Robot athlete,N/A,Fictional concept,Atoms,
,1952,Warp-Speed,Yachting Party,Fox B. Holden,Faster than light spaceships.,No,N/A,FTL travel,N/A,Scientific concept,Bits,
,1952,Lead-Bodied Android,Robots of the World! Arise!,Mari Wolf,A robot designed for use in the nuclear industry.,No,N/A,Radiation-shielded robot,N/A,Fictional concept,Atoms,
,1952,Law of Contact,Orphans of the Void,Orville Shaara,Non-interference in the development of other worlds.,No,N/A,First contact protocols,N/A,Fictional concept,Bits,
,1965,Dew Gatherers,Dune,Frank Herbert,Devices used to gather morning dew as a source of drinking water.,Yes,Engineers,Product,20th century,Real dew harvesting,Atoms,
,1952,Gravital Unit,Accidental Flight,W.F. Wallace,Device that maintains Earth-comparable gravity on an asteroid.,No,N/A,Artificial gravity,N/A,Fictional concept,Bits,
,1952,Singularity,All The Time In The World,Arthur C. Clarke,"In science, a condition in which spacetime breaks down; in society, a technological advance causes social conditions to break down.",No,N/A,Technological singularity,N/A,Hypothetical concept,Bits,
,1965,Message Cylinder,Dune,Frank Herbert,A small metal object containing some form of message media and a mechanism for either playing or extruding the medium; secured communication device.,Yes,Engineers,Product,20th century,Real message cylinders,Atoms,
,1952,Flesh Men,Robots of the World! Arise!,Mari Wolf,Thinking beings that are not mechanical robots - human beings.,No,N/A,Fictional term,N/A,Fictional concept,Atoms,
,1952,Robot Strike,Robots of the World! Arise!,Mari Wolf,When robots refuse to work.,No,N/A,Robot rebellion,N/A,Fictional concept,Bits,
,1952,Photo Crystal (Cube),Foundation and Empire,Isaac Asimov,A small handheld display for a picture,No,N/A,Fictional display,N/A,Fictional concept,Bits,
,1965,Maula Pistol,Dune,Frank Herbert,A spring-loaded projectile device.,Yes,Engineers,Product,13th century,Early hand cannons,Atoms,
,1965,Paracompass,Dune,Frank Herbert,A very specialized compass that makes use of local magnetic anomalies.,Yes,Engineers,Product,12th century,Real magnetic compasses,Bits,
,1951,Variable Modifier,The Jester,William Tenn,Provides the capability of altering standard jokes to fit new circumstances.,No,N/A,Concept,N/A,Fictional humor tech,Bits,
,1951,Meson Filter,The Jester,William Tenn,Provides robots with the ability to tell the difference between jokes that provide a chuckle and jokes that provide a belly laugh.,No,N/A,Concept,N/A,Fictional humor tech,Bits,
,1951,Robot Comedian,The Jester,William Tenn,Joke-telling feature added to a standard butler robot.,No,N/A,Concept,N/A,Early humor AI,Bits,
,1965,Shigawire,Dune,Frank Herbert,"A very fine wire, used as a recording medium (among other things).",Yes,Engineers,Product,20th century,Real wire recording,Bits,
,1951,Flavor-Fix Rheostat,The Jester,William Tenn,Technology makes sure that the flavor of automatically-produced food is perfect.,No,N/A,Concept,N/A,Fictional food tech,Atoms,
,1951,Sun Dome,The Illustrated Man,Ray Bradbury,Used on Venus to give relief from the endless rain.,No,N/A,Concept,N/A,Fictional habitat,Atoms,
,1951,Oxygen Weeds,The Sands of Mars,Arthur C. Clarke,Plants that create oxygen on a planet with little breathable air.,No,N/A,Concept,N/A,Fictional oxygen plants,Atoms,
,1965,Cutteray,Dune,Frank Herbert,A laser used in a range of tools - including mining equipment.,Yes,Engineers,Product,1960s,Real lasers,Atoms,
,1951,Smarter People Having Fewer Children,The Marching Morons,C.M. Kornbluth,The original argument that less suitable human pairs are having proportionally more children.,No,N/A,N/A,N/A,Early dysgenics argument,Bits,
,1966,Sand-Yacht (Land Schooner),"Cry Hope, Cry Fury!",J.G. Ballard,A vehicle that used wind power upon its sails to move on the land.,Yes,Engineers,Product,19th century,Real land yachts,Atoms,
,1966,Sunshades,This Immortal,Roger Zelazny,Sunglasses that darken and lighten based on ambient lighting.,Yes,Engineers,Product,2000s,Real photochromic lenses,Atoms,
,1951,Dominator,The End of the Line,James Schmitz,Device implants a psychological block.,No,N/A,Concept,N/A,Fictional mind control,Atoms,
,1951,Metal Foil Advertisement,The Illustrated Man,Ray Bradbury,An advertising circular made out of metal.,No,N/A,Concept,N/A,Fictional ads,Bits,
,1951,Nuclear Shears,Foundation,Isaac Asimov,Device uses nuclear power to accomplish basic shop tasks.,No,N/A,Concept,N/A,Fictional power tools,Atoms,
,1966,Ground-to-Orbit Ferry,The Moon is a Harsh Mistress,Robert Heinlein,A kind of space shuttle craft.,Yes,Engineers,Product,1980s,Real Space Shuttle,Atoms,
,1951,Directional Ticket,Foundation,Isaac Asimov,A ticket that also has the property of glowing while you are going toward what you bought.,No,N/A,Concept,N/A,Fictional navigation,Bits,
,1966,Cellphone Credit Card,The Age of The Pussyfoot,Frederik Pohl,Cellphone that can act as a credit card.,Yes,Engineers,Product,2000s,Real mobile payments,Bits,
,1951,Negative Molecular Motion,The Universe Between,Alan E. Nourse,A state of matter that has a temperature below absolute zero.,No,N/A,N/A,N/A,Fictional physics,Atoms,
,1951,Gravitic Repulsion Elevator,Foundation,Isaac Asimov,The elevator was of the new sort that ran by gravitic repulsion.,No,N/A,Concept,N/A,Fictional gravity tech,Atoms,
,1966,Online Employability Profile Testing,The Age of The Pussyfoot,Frederik Pohl,An online test that determines the best areas in which you might search for a job.,Yes,Software engineers,Product,2000s,Real online career tests,Bits,
,1966,Cellphone Voice Mail,The Age of The Pussyfoot,Frederik Pohl,"Callers speak into their instrument, and the content of the call is stored by the network for the user to replay at will.",Yes,Engineers,Product,1990s,Real voicemail,Bits,
,1966,Online Job Search,The Age of The Pussyfoot,Frederik Pohl,Networked assets allow ordinary people to search through nationwide job listings upon providing a short set of qualifications.,Yes,Software engineers,Product,1990s,Real online job boards,Bits,
,1951,Personal Capsule,Foundation,Isaac Asimov,An impenetrable device containing information for your eyes only.,No,N/A,Concept,N/A,Fictional data security,Bits,
,1966,Simicolor,This Immortal,Roger Zelazny,Artificial coloring for the body.,Yes,Cosmetics companies,Product,20th century,Real cosmetics,Atoms,
,1951,Pail of Air,A Pail of Air,Fritz Leiber,A small bucket filled with (liquid) air.,No,N/A,Concept,N/A,Fictional air storage,Atoms,
,1951,Trantor,Foundation,Isaac Asimov,A city that covers the entire surface of the planet.,No,N/A,N/A,N/A,Fictional planetwide city,Atoms,
,1966,Virtual Keyboard,The Age of The Pussyfoot,Frederik Pohl,A keyboard that appears at the right moment in game play.,Yes,Software engineers,Product,2000s,Real virtual keyboards,Bits,
,1951,Asteroid Homesteaders' School,Asteroid of Fear,Raymond Z. Gallun,An institution of learning where regular folks learned how to start a farm on an asteroid.,No,N/A,Concept,N/A,Fictional spacesteading,Atoms,
,1951,Polaron Beam,Earthlight (Novella),Arthur C. Clarke,A unique beam of energy that scatters some of its light at right angles to the direction of propagation.,No,N/A,Concept,N/A,Fictional particle beam,Atoms,
,1966,Networked Personal Device,The Age of The Pussyfoot,Frederik Pohl,The idea that the true power of a mobile device lies in it's backend network capabilities.,Yes,Engineers,N/A,2000s,Core mobile computing concept,Bits,
,1951,Asteroid Garden,Asteroid of Fear,Raymond Z. Gallun,"A method for building a greenhouse on a small, airless body.",No,N/A,N/A,N/A,Early asteroid farming,Atoms,
,1951,Self-Sealing Plastic,Asteroid of Fear,Raymond Z. Gallun,Transparent sheeting with a layer of material that would flow to staunch tiny leaks.,No,N/A,Concept,N/A,Fictional materials,Atoms,
,1966,Caller Contact List,The Age of The Pussyfoot,Frederik Pohl,A list of callers kept on the phone instrument.,Yes,Engineers,Product,1980s,Real contact lists,Bits,
,1966,Voice Dialing,The Age of The Pussyfoot,Frederik Pohl,Speak the name of the person and call them on the phone.,Yes,Engineers,Product,1990s,Real voice dialing,Bits,
,1966,Vision Implant,The Dream Master (He Who Shapes),Roger Zelazny,Photoelectric cell implanted in the forehead grants some vision to the blind.,Yes,Doctors,Product,2010s,Real visual prosthetics,Atoms,
,1951,Airtight Tent,Asteroid of Fear,Raymond Z. Gallun,A temporary structure for living on an airless moon or asteroid.,No,N/A,Concept,N/A,Early space habitats,Atoms,
,1951,Static Field,Foundation,Isaac Asimov,A defense against a spy beam.,No,N/A,Concept,N/A,Fictional surveillance counter,Atoms,
,1966,Auto-Navigation,The Dream Master (He Who Shapes),Roger Zelazny,"Automatic car navigation, provided on a video console in the dashboard.",Yes,Engineers,Product,1990s,Early GPS navigation,Bits,
,1966,Laser Rifle,Door to Anywhere,Poul Anderson,A laser weapon shaped (and fired) like a traditional rifle.,Yes,Engineers,Prototype,1960s,Early laser weapons,Atoms,
,1951,Suspensine,Duel on Syrtis,Poul Anderson,Slows biological functions enough to survive in airless space - for a time.,No,N/A,Concept,N/A,Fictional cryonics,Atoms,
,1966,Virtual Reality Video Game,The Age of The Pussyfoot,Frederik Pohl,A description of a computer game simulation played in real time as entertainment.,Yes,Engineers,Product,2010s,Real VR gaming,Bits,
,1966,Kzinti Lesson - Propulsion As Weapon,The Warriors,Larry Niven,The power of a craft's means of propulsion repurposed as an offensive weapon.,Yes,Military,Concept,20th century,Real weaponization of tech,Atoms,
,1951,Butler-Valet Robot,The Jester,William Tenn,"A gentleman's servant, roboticized.",No,N/A,Concept,N/A,Early personal robot,Atoms,
,1966,Virtual Reality Construct,The Age of The Pussyfoot,Frederik Pohl,A means of projecting a virtual reality experience without special headsets.,Yes,Engineers,Prototype,2020s,Real spatial VR,Bits,
,1951,Psychohistory,Foundation,Isaac Asimov,Branch of mathematics describes the behavior of human beings en masses.,No,N/A,N/A,N/A,Fictional math forecasting,Bits,
,1951,Security Restraint Field,Between Planets,Robert Heinlein,A force field that restricts personal movement.,No,N/A,Concept,N/A,Fictional restraints,Atoms,
,1951,Martian Perambulator,Between Planets,Robert Heinlein,A mechanized transport for heavy gravity environments for beings born in lower gravity environments.,No,N/A,Concept,N/A,Early Mars rover ideas,Atoms,
,1951,Flying Saucer,The Puppet Masters,Robert Heinlein,Spacecraft flown by the androgynes of Titan - under control of the Puppetmasters.,No,N/A,N/A,N/A,Fictional UFO,Atoms,
,1966,Interests Profile,The Age of The Pussyfoot,Frederik Pohl,An intelligent agent; a software program with your personal tastes on file.,Yes,Programmers,Product,2000s,Real recommendation algorithms,Bits,
,1951,Vibratory Mass Penetrator,Rock Diver,Harry Harrison,A device that allows a person to walk through earth and even solid rock.,No,N/A,Concept,N/A,Fictional mining tech,Atoms,
,1951,Spinning Pressurized Drum,Between Planets,Robert Heinlein,Put a spin on just a part of a space station.,No,N/A,Concept,N/A,Early artificial gravity,Atoms,
,1951,Booklegger,Between Planets,Robert Heinlein,A smuggler of books.,No,N/A,N/A,N/A,Fictional book smuggling,Bits,
,1951,Half-Sphere Force Field,Between Planets,Robert Heinlein,A protective force field that can manifest even as a half-sphere.,No,N/A,Concept,N/A,Fictional force fields,Atoms,
,1951,Zag House,First He Died (Time and Again),Clifford Simak,A means of implanting dreams.,No,N/A,Concept,N/A,Fictional memory tech,Bits,
,1951,Robass,The Quest for Saint Aquin,Anthony Boucher,A robotic beast of burden.,No,N/A,Concept,N/A,Early robot animals,Atoms,
,1951,Self-Adjusting Furniture,First He Died (Time and Again),Clifford Simak,Automatic adjustment for a perfect fit.,No,N/A,Concept,N/A,Early adjustable furniture,Atoms,
,1966,Auto-Driven Auto (Spinner),The Dream Master (He Who Shapes),Roger Zelazny,A vehicle that accepts coordinates and proceeds to its destination automatically.,Yes,Engineers,Prototype,2010s,Early self-driving vehicles,Atoms,
,1966,Transparent Platisplasm Cage,Babel-17,Samuel R. Delany,"A replacement framework for a body joint - in this case, the shoulder.",Yes,Doctors,Product,2010s,Real prosthetics,Atoms,
,1966,Joymaker,The Age of The Pussyfoot,Frederik Pohl,A networked personal digital assistant - that really is an assistant.,Yes,Engineers,Product,2010s,Real virtual assistants,Bits,
,1951,Neuronic Whip,"The Stars, Like Dust",Isaac Asimov,A weapon that stimulated the nerve endings to cause extreme discomfort.,No,N/A,Concept,N/A,Fictional neural weapon,Atoms,
,1951,Planetruck,The Slave Ship to Andrigo,Ross Rocklynne,Huge vehicle for planetary surface transport.,No,N/A,Concept,N/A,Early planetary rovers,Atoms,
,1951,Mentophone,First He Died (Time and Again),Clifford Simak,A device that facilitates long-distance telepathy.,No,N/A,Concept,N/A,Fictional telepathy,Atoms,
,1966,Big Screen Control,The Age of The Pussyfoot,Frederik Pohl,Display content from your personal device on a large shared screen.,Yes,Engineers,Product,2010s,Real wireless display,Bits,
,1951,Surrogate Skin,The Puppet Masters,Robert Heinlein,False skin that is sprayed onto damaged areas.,No,N/A,Concept,N/A,Early telepresence,Atoms,
,1966,Morgue (Recall Stage),Babel-17,Samuel R. Delany,Storage and retrieval of frozen bodies.,Yes,Engineers,Facility,1960s,Real cryonics,Atoms,
,1951,Ontogenetic Adaptation,The End of the Line,James Schmitz,Immediate genetic-level ability to eat alien plants.,No,N/A,N/A,N/A,Fictional evolution,Atoms,
,1951,Agricultural World,Foundation,Isaac Asimov,Planet set aside for the production of food for another world.,No,N/A,N/A,N/A,Fictional farm planet,Atoms,
,1951,Jump Through Hyperspace,Foundation,Isaac Asimov,Device that makes faster-than-light travel possible.,No,N/A,N/A,N/A,Fictional FTL,Atoms,
,1951,Cold-Sleep,Between Planets,Robert Heinlein,"A form of induced suspended animation, in which a person enters a state like hibernation.",No,N/A,Concept,N/A,Early cryonics ideas,Atoms,
,1951,Happylife Home,The Illustrated Man,Ray Bradbury,"An automated multi-media home, which provided the good life to its inhabitants.",No,N/A,Concept,N/A,Early smart homes,Atoms,
,1966,Self-Guided Tractors,At the Bottom of a Hole,Larry Niven,A farm vehicle that drives itself.,Yes,Engineers,Product,2020s,Real autonomous tractors,Atoms,
,1966,Corpsicle,The Age of The Pussyfoot,Frederik Pohl,Cryogenically frozen person who could (hopefully) be revived later.,Yes,Doctors,Concept,1960s,Real cryonics,Atoms,
,1951,Odorophonics,The Illustrated Man,Ray Bradbury,A system capable of reproducing selected scents capable of fooling the human nervous system.,No,N/A,Concept,N/A,Early sensory tech,Atoms,
,1951,Force-Field Penknife,Foundation,Isaac Asimov,"A pocket-sized knife, the blade of which is a force-field.",No,N/A,Concept,N/A,Fictional force fields,Atoms,
,1966,Computer Humorist,The Moon is a Harsh Mistress,Robert Heinlein,A computer acquires the ability to tell original jokes.,Yes,Programmers,Concept,2020s,Real AI humor,Bits,
,1951,Ultrawave Relay or Hyperwave Relay,Foundation,Isaac Asimov,"Instantaneous, faster-than-light communication system.",No,N/A,N/A,N/A,Fictional FTL comms,Bits,
,1951,Ultra-Light,Rock Diver,Harry Harrison,Allows the user to see into rock or other solid matter.,No,N/A,Concept,N/A,Fictional x-ray vision,Atoms,
,1966,Voice-Enabled Smartphone,The Age of The Pussyfoot,Frederik Pohl,A smartphone capable of complete voice-enabled operation.,Yes,Engineers,Product,2010s,Real voice UI,Bits,
,1951,Pocket Nucleo-Bulb,Foundation,Isaac Asimov,A nuclear-powered pocket-sized flashlight.,No,N/A,Concept,N/A,Fictional portable reactor,Atoms,
,1966,Neuristor,The Moon is a Harsh Mistress,Robert Heinlein,A solid-state computer component that mimics the human neuron.,Yes,Engineers,Product,1950s,Early neural networks,Bits,
,1951,Movable Slideway,Between Planets,Robert Heinlein,A slideway (moving sidewalk) that can be extended to a spaceship to ease the debarkation process.,No,N/A,Concept,N/A,Early moving walkways,Atoms,
,1951,Neutron Disruption Blaster,The Complete Paratime,H. Beam Piper,"Beam pistol which splits neutrons into protons and electrons, releasing enormous energy.",No,N/A,Concept,N/A,Fictional particle beam,Atoms,
,1966,Garbage Device,The Age of The Pussyfoot,Frederik Pohl,Autonomous garbage collection device.,Yes,Engineers,Product,2000s,Real trash bots,Atoms,
,1951,Personal Force-Shield,Foundation,Isaac Asimov,A portable force-shield small enough to be carried by a single man.,No,N/A,Concept,N/A,Fictional personal shield,Atoms,
,1951,Molecule Matrix,Between Planets,Robert Heinlein,Storing information in individual molecules and atoms.,No,N/A,Concept,N/A,Early nanotech ideas,Atoms,
,1950,Anti-Tri-D Shot,The Morning of the Day They Did It,E.B. White,Counteracts the deadly pesticide Tri-D.,No,N/A,Fictional medicine,N/A,Fictional concept,Atoms,
,1950,Nucleocat Cureall,Contagion,Katherine MacLean,Only human cells can survive contact.,No,N/A,Fictional medicine,N/A,Fictional concept,Atoms,
,1966,Ebony Teeth,Now Wait For Last Year,Philip K. Dick,Completely black artificial teeth.,Yes,Dentists,Product,20th century,Real dental prosthetics,Atoms,
,1950,Mass-Conversion Ship,Farmer in the Sky,Robert Heinlein,A spacecraft that uses the ultimate in fuel sources.,No,N/A,Fictional spacecraft,N/A,Fictional concept,Atoms,
,1966,Auto-Scan,This Moment of the Storm,Roger Zelazny,Automated control of remote surveillance drones.,Yes,Military,Product,2000s,Real UAVs,Bits,
,1966,Eyes,This Moment of the Storm,Roger Zelazny,Flying remote-operated surveillance drones.,Yes,Military,Product,2000s,Real UAVs,Atoms,
,1950,Water From Lunar Gypsum,The Moon is Hell,John W. Campbell,"Extracting water (and therefore oxygen, by electrolysis) from apparently dry lunar material.",No,N/A,Space resource utilization,N/A,Fictional concept,Atoms,
,1950,Tractatruck,The Moon is Hell,John W. Campbell,Combination tractor and truck used for hauling and exploration.,No,N/A,Fictional vehicle,N/A,Fictional concept,Atoms,
,1966,Specialized Prosthetic Arm,The Moon is a Harsh Mistress,Robert Heinlein,A set of prosthetics that provide different functionality in place of missing arm.,Yes,Engineers,Product,2010s,Real advanced prosthetics,Atoms,
,1966,Stellarimeter,Babel-17,Samuel R. Delany,Used by space navigators.,Yes,Engineers,Product,20th century,Real spacecraft instruments,Bits,
,1950,Fontema,First Lensman,E.E. 'Doc' Smith,A strange two 'wheeled' animal.,No,N/A,Force field,N/A,Fictional concept,Bits,
,1950,Hybrid Mass Driver,The Man Who Sold The Moon,Robert Heinlein,A device for launching space craft on the first stage of a journey to space.,No,N/A,Space launcher,N/A,Fictional concept,Atoms,
,1950,Gravity Drive,Star Ship,Poul Anderson,A spaceship propulsion method that uses gravity or gravity waves.,No,N/A,FTL travel,N/A,Fictional concept,Bits,
,1950,Culture Tank,Needle,Hal Clement,Germs that eat garbage and produce oil.,No,N/A,Alien life studies,N/A,Fictional concept,Atoms,
,1966,Drinking Bulb,The Warriors,Larry Niven,"A small container, used for drinks.",Yes,Engineers,Product,20th century,Real drink pouches,Atoms,
,1966,Multi-View Surveillance Display,This Moment of the Storm,Roger Zelazny,Lots of different video sources combined into one display.,Yes,Engineers,Product,2010s,Real surveillance software,Bits,
,1950,Building With Lunar Materials,The Moon is Hell,John W. Campbell,Using a planet's materials to make what you need.,No,N/A,Lunar architecture,N/A,Fictional concept,Atoms,
,1950,Sand Ship,The Martian Chronicles,Ray Bradbury,A wind-powered vehicle in the desert.,No,N/A,Fictional vehicle,N/A,Fictional concept,Atoms,
,1966,Surgical Homeostatic Unit,Now Wait For Last Year,Philip K. Dick,"An autonomous surgical robot, able to drill into the body and perform surgery.",Yes,Engineers,Prototype,2000s,Real surgical robots,Atoms,
,1950,The Machines,The Evitable Conflict,Isaac Asimov,A few of these can run a planetary economy.,No,N/A,AI governance,N/A,Fictional concept,Bits,
,1950,Two-Wheeled Ground Car,First Lensman,E.E. 'Doc' Smith,A gyro-stabilized vehicle like an enclosed motorcycle.,No,N/A,Fictional vehicle,N/A,Fictional concept,Atoms,
,1950,FTL,The Enchanted Forest,Fritz Leiber,"Abbreviation for ""faster than light"".",No,N/A,Hyperspace travel,N/A,Fictional concept,Bits,
,1950,Haberman,Scanners Live in Vain,Cordwainer Smith,Modified humans controlled by cybernetic implants.,No,N/A,Fictional technology,N/A,Fictional concept,Bits,
,1950,Nexialist,Voyage of the Space Beagle,A.E. van Vogt,A person with a coordinative knowledge across a variety of sciences.,No,N/A,Fictional profession,N/A,Fictional concept,Bits,
,1950,Underpeople,The Ballad of Lost C'Mell,Cordwainer Smith,An animal modified to be human in shape and intellect.,No,N/A,Uplifted animals,N/A,Fictional concept,Atoms,
,1950,Earthport,The Ballad of Lost C'Mell,Cordwainer Smith,A massive spaceport that reared up from the surface of the earth to the edge of the atmosphere.,No,N/A,Space infrastructure,N/A,Fictional concept,Atoms,
,1950,Hive-Mind,Second Night of Summer,James Schmitz,A group mind.,No,N/A,Group mind,N/A,Fictional concept,Bits,
,1950,Earther,The Five Gold Bands,Jack Vance,A person born on planet Earth.,No,N/A,Fictional demonym,N/A,Fictional concept,Bits,
,1950,Robot Mice,The Martian Chronicles,Ray Bradbury,Tiny cleaning robots.,No,N/A,Microrobots,N/A,Fictional concept,Atoms,
,1950,Regeneration Tank,Contagion,Katherine MacLean,A nutrient bath large enough to enclose a person that preserved life and treated disease.,No,N/A,Medical technology,N/A,Fictional concept,Atoms,
,1967,Mining Disintegrator,The Arsenal Out of Time,David McDaniel,A special-purpose boring machine.,Yes,Engineers,Product,20th century,Real tunnel boring machines,Atoms,
,1949,Bubble Armor Space Suit,Agent of Vega,James Schmitz,Steel bubble-shaped space suit.,No,N/A,Fictional spacesuit,N/A,Fictional concept,Atoms,
,1949,Repulsor,What Mad Universe,Frederic Brown,A device that inhibits the action of a spacewarp drive.,No,N/A,Fictional technology,N/A,Fictional concept,Bits,
,1949,Shari,Sacred Martian Pig (Idris' Pig),Margaret St. Clair,A multipurpose net worn as clothing.,No,N/A,Fictional product,N/A,Fictional concept,Atoms,
,1949,Desert Cabbage,Red Planet,Robert Heinlein,A giant plant that regulates its internal temperature even on Mars.,No,N/A,Fictional lifeform,N/A,Fictional concept,Atoms,
,1967,Energy-Cannon,The Last Castle,Jack Vance,Device projects destructive power.,Yes,Engineers,Product,1960s,Early lasers,Atoms,
,1949,Skimmer,Lost Ulysses,W.L. Bade,"Low-flying, hovering vehicle.",No,N/A,Fictional vehicle,N/A,Fictional concept,Atoms,
,1949,Synthetigrav,Agent of Vega,James Schmitz,General term for any of the fields produced by synthetic gravity devices.,No,N/A,Artificial gravity,N/A,Fictional concept,Bits,
,1949,Painted Respirator Masks,Red Planet,Robert Heinlein,Children choose to decorate otherwise uniform equipment masks.,No,N/A,Fictional technology,N/A,Fictional concept,Atoms,
,1949,Space Scurvy (Kenoalgia),Sacred Martian Pig (Idris' Pig),Margaret St. Clair,A wasting disease of space travel.,No,N/A,Fictional disease,N/A,Fictional concept,Bits,
,1949,Mind-Lock,Agent of Vega,James Schmitz,A device that confines a mind within its own shielded area.,No,N/A,Telepathy blocker,N/A,Fictional concept,Bits,
,1949,Telepath Transmitter,Agent of Vega,James Schmitz,A device for long distance communication that makes use of telepathy.,No,N/A,Telepathic communication,N/A,Fictional concept,Bits,
,1967,Shuttlecraft,Star Trek,Author Unknown,A small spaceship designed for short journeys.,Yes,Engineers,Concept,1960s,Early space shuttle ideas,Atoms,
,1949,Mind-Parasite,Agent of Vega,James Schmitz,Takes over the cognition of a host organism.,No,N/A,Fictional lifeform,N/A,Fictional concept,Bits,
,1949,Visiglobe,Agent of Vega,James Schmitz,"A display that provided a spherical, 3D visualization of a scene.",No,N/A,Fictional display,N/A,Fictional concept,Bits,
,1949,Resilian,The Howling Bounders,Jack Vance,A natural fiber that is as strong as steel.,No,N/A,Fictional material,N/A,Fictional concept,Atoms,
,1949,Robot Introspection,Unforeseen,Roger P. Graham,A robotic brain grows and learns about itself.,No,N/A,AI,N/A,Fictional concept,Bits,
,1949,Quizzer,Agent of Vega,James Schmitz,An autonomous mind-probe.,No,N/A,Mind probe,N/A,Fictional concept,Bits,
,1967,Tangler,Logan's Run,William Nolan (w/G.C. Johnson,"Strong webbing in a tiny capsule, it expands to a net, capturing a suspect.",Yes,Engineers,Concept,20th century,Early non-lethal weapons,Atoms,
,1949,Emergency Treatment Tank (Chamber),Agent of Vega,James Schmitz,A fully enclosed regeneration device.,No,N/A,Medical technology,N/A,Fictional concept,Atoms,
,1949,Fresher,Gulf,Robert Heinlein,"Short for 'refreshing chamber', a device that performs various personal services.",No,N/A,Fictional technology,N/A,Fictional concept,Atoms,
,1967,Multifunction Gun,Logan's Run,William Nolan (w/G.C. Johnson,Offers a selection of lethal and non-lethal alternatives.,Yes,Engineers,Prototype,2000s,Real less-lethal weapons,Atoms,
,1949,Vivo-Gel,Agent of Vega,James Schmitz,Semi-living material.,No,N/A,Fictional material,N/A,Fictional concept,Atoms,
,1949,Bolt Anti-Grav,Sacred Martian Pig (Idris' Pig),Margaret St. Clair,This device produces a torus-shaped discharge that causes weightlessness.,No,N/A,Anti-gravity device,N/A,Fictional concept,Bits,
,1949,Three Generation Work (Century Piece),The Sub-Standard Sardines,Jack Vance,"An artwork created by three consecutive generations of artists, in exactly one century.",No,N/A,Fictional artform,N/A,Fictional concept,Bits,
,1949,Metal Calculator Planet,Limiting Factor,Clifford Simak,A planet covered entirely with machinery to a height of twenty miles and covered with a metal roof.,No,N/A,Fictional world,N/A,Fictional concept,Atoms,
,1949,Plastiskin,Unforeseen,Roger P. Graham,Artificial human skin to cover prosthetics.,No,N/A,Synthetic skin,N/A,Fictional concept,Atoms,
,1949,Herculoy,The Howling Bounders,Jack Vance,A very strong alloy like steel.,No,N/A,Fictional material,N/A,Fictional concept,Atoms,
,1949,Spacewarp Drive,What Mad Universe,Frederic Brown,A means of faster-than-light travel.,No,N/A,FTL travel,N/A,Fictional concept,Bits,
,1968,Newspad,2001: A Space Odyssey,Arthur C. Clarke,A notebook-sized computer and display screen for reading news stories or other text matter.,Yes,Engineers,Prototype,2010s,Early tablets,Bits,
,1949,Stationary Automatic Blaster,Red Planet,Robert Heinlein,An automated defensive blaster.,No,N/A,Defensive turret,N/A,Fictional concept,Atoms,
,1948,Memory Hole,1984 (Nineteen Eighty-Four),George Orwell,A receptacle for unwanted documents.,No,N/A,Document destruction,N/A,Dystopian concept,Atoms,
,1948,Rewriting History,1984 (Nineteen Eighty-Four),George Orwell,Use of sophisticated technology to continuously rewrite the historical record.,No,N/A,Historical revisionism,N/A,Dystopian concept,Bits,
,1948,Moonquake-Proof Habitats,"Gentlemen, Be Seated",Robert Heinlein,Moonbases that are built to withstand quakes on the Moon.,No,N/A,Lunar architecture,N/A,Fictional concept,Atoms,
,1968,Steam Rifle,Omnivore,Piers Anthony,A gun that propels projectiles with steam.,Yes,Engineers,Prototype,19th century,Early steam guns,Atoms,
,1948,Tag-Along Balloon,"Gentlemen, Be Seated",Robert Heinlein,A bladder-like device that both finds and temporarily fixes leaks in moon tunnels or space station habitats.,No,N/A,Habitat maintenance,N/A,Fictional concept,Atoms,
,1968,Robot Bird,Invader on My Back,Philip E. High,A small winged UAV that can mimic a bird in flight.,Yes,Engineers,Prototype,1990s,Early biomimetic UAVs,Atoms,
,1948,Versificator,1984 (Nineteen Eighty-Four),George Orwell,A device that composes words to music.,No,N/A,Automatic music composition,N/A,Fictional concept,Bits,
,1948,Star Drive,Genius,Poul Anderson,The propulsion unit for an interstellar space craft.,No,N/A,FTL propulsion,N/A,Fictional concept,Bits,
,1948,Crimestop,1984 (Nineteen Eighty-Four),George Orwell,"The faculty of stopping short, as though by instict, at the threshold of any dangerous thought.",No,N/A,Thought control,N/A,Dystopian concept,Bits,
,1948,Precog (v),Police Operation,H. Beam Piper,To see the future.,No,N/A,Precognition,N/A,Fictional ability,Bits,
,1948,Doublethink,1984 (Nineteen Eighty-Four),George Orwell,A mental discipline that is an exact contradiction to the basic principles of scientific inquiry.,No,N/A,Reality denial,N/A,Dystopian concept,Bits,
,1948,Brain Erasure,The Knowledge Machine,Edmond Hamilton,Deleting selected knowledge from the brain using electrical impulses.,No,N/A,Memory manipulation,N/A,Fictional concept,Bits,
,1948,Novel-Writing Machines,1984 (Nineteen Eighty-Four),George Orwell,A device that automatically produces fiction.,No,N/A,Automated writing,N/A,Fictional concept,Bits,
,1968,Newspad Electronic Newspaper,2001: A Space Odyssey,Arthur C. Clarke,An electronic version of a newspaper.,Yes,Publishers,Product,2000s,Early e-readers,Bits,
,1968,Auto-Seal,Stand on Zanzibar,John Brunner,Automatically deployed cover for power outlets; instant child-proofing.,Yes,Engineers,Product,1960s,Early home automation,Atoms,
,1948,Space Ark,Decision Illogical,N.B. Wilkinson,A very large ship used to transport a large group of people.,No,N/A,Generation ship,N/A,Fictional concept,Atoms,
,1948,Learning-Cap,The Knowledge Machine,Edmond Hamilton,A special metal helmet for electro-education.,No,N/A,Knowledge transfer,N/A,Fictional concept,Bits,
,1948,Gravity Centrifuge,Space Cadet,Robert Heinlein,"Used in low gravity environments to build up muscle for visits to Earth, or other high gravity worlds.",No,N/A,Artificial gravity,N/A,Fictional concept,Bits,
,1948,Electro-Education,The Knowledge Machine,Edmond Hamilton,The latest thing in electrically stimulated learning.,No,N/A,Electronic learning,N/A,Fictional concept,Bits,
,1947,Psychoscanner,Propagandist,Murray Leinster,"A device capable of taking impressions, feelings and memories from living brains; it can be used on animals as well.",No,N/A,Concept,N/A,Fictional mind reading device,Atoms,
,1947,Prime Directive,With Folded Hands,Jack Williamson,The first and most important rule; usually protective.,No,N/A,N/A,N/A,Fictional fundamental law of robotics,Bits,
,1968,Electro-Binox,A Specter is Haunting Texas,Fritz Leiber,Binoculars with electronic focusing.,Yes,Opticians,Product,20th century,Real electronic optics,Bits,
,1947,Space-Split,The Star of Life,Edmond Hamilton,Access to other dimensions provided by splitting space itself.,No,N/A,N/A,N/A,Fictional space manipulation,Atoms,
,1947,Machine Servant,The Star of Life,Edmond Hamilton,A wheeled plastic box with universal-joint arms.,No,N/A,Concept,N/A,Early personal robot concept,Atoms,
,1968,Grip Shoes,2001: A Space Odyssey,Arthur C. Clarke,Shoes with velcro soles used to walk in weightless environments.,Yes,Engineers,Product,1960s,Early space gear,Atoms,
,1947,Synchrophased Power Beams,Propagandist,Murray Leinster,Focuses energy beams from multiple planets on the same object.,No,N/A,Concept,N/A,Fictional synchronized energy weapons,Atoms,
,1968,Icon Thumbsized Image,2001: A Space Odyssey,Arthur C. Clarke,A very early reference to a screen icon.,Yes,Programmers,Concept,1960s,Early UI elements,Bits,
,1947,Asteroid Nets,Asteroid Justice,V.E. Thiessen,Capturing small asteroids or fragments using rocket nets.,No,N/A,Concept,N/A,Early asteroid capture idea,Atoms,
,1947,Vitalizer,The Soma Racks,Margaret St. Clair,Tired? Try Henderson's Vitalizer!,No,N/A,Concept,N/A,Fictional energy supplement,Atoms,
,1947,Gyrocab,You Are Forbidden!,Jerry Shelton,A flying taxi.,No,N/A,Concept,N/A,Early air taxi idea,Atoms,
,1947,Space-Dory,Asteroid Justice,V.E. Thiessen,A small spacecraft sometimes used as a life boat.,No,N/A,Concept,N/A,Fictional auxiliary spacecraft,Atoms,
,1947,Planet-Smasher,Propagandist,Murray Leinster,Devices capable of destroying an entire planet.,No,N/A,Concept,N/A,Fictional superweapon,Atoms,
,1968,Artificially Grown Organs,A Gift From Earth,Larry Niven,"Human organs suitable for transplantation, grown outside the body.",Yes,Doctors,Product,2000s,Real lab grown organs,Atoms,
,1947,Hedgerly Effect,Meddler's Moon,George O. Smith,A means of producing a gravitational field artificially.,No,N/A,Concept,N/A,Fictional gravity generator,Atoms,
,1947,Gravitic Generator,Meddler's Moon,George O. Smith,A device that produces an artificial gravity field.,No,N/A,Concept,N/A,Fictional gravity generator,Atoms,
,1947,Mechanical Funeral,The Coffin,Ray Bradbury,An entirely autonomous burial rite.,No,N/A,Concept,N/A,Fictional automated funeral,Atoms,
,1947,Wango Wave,Propagandist,Murray Leinster,"Energy surge that accompanies the entrance into, and exit from, overdrive outside of normal space.",No,N/A,N/A,N/A,Fictional FTL phenomenon,Atoms,
,1947,Self-Opening Box,Child's Play,William Tenn,Don't show this to Apple.,No,N/A,Concept,N/A,Early packaging automation idea,Atoms,
,1946,Star Travel,Forgotten World,Edmond Hamilton,Undertaking a journey between the stars.,No,N/A,N/A,N/A,Concept of interstellar travel,Atoms,
,1946,Mining Worm (Robot),Love Among The Robots,Emmett McDowell,An autonomous mining robot shaped like a worm.,No,N/A,Concept,N/A,Early mining robot concept,Atoms,
,1946,Plastic Igloo,Love Among The Robots,Emmett McDowell,A heavy plastic shelter for use in airless environments.,No,N/A,Concept,N/A,Modular space habitat idea,Atoms,
,1968,Crackers,The Time Mercenaries,Philip E. High,"Bouncing, explosive mines.",Yes,Military,Concept,20th century,Real landmines,Atoms,
,1969,Self-Powered Broom,Ubik,Philip K. Dick,A broom for use in small apartments that cleans under its own power.,Yes,Engineers,Prototype,2000s,Early cleaning robots,Atoms,
,1946,Pocket Universe,Pocket Universes,Murray Leinster,"A created, separate space within the normal space of the universe.",No,N/A,N/A,N/A,Fictional pocket universe concept,Atoms,
,1946,Asteroid Mine,Love Among The Robots,Emmett McDowell,The practice of seeking out and mining asteroids for their ore.,No,N/A,N/A,N/A,Concept of asteroid mining,Atoms,
,1946,Gravity Port,Shadow Over Venus,"Frank Belknap Long, Jr.",Used for refueling.,No,N/A,Concept,N/A,Fictional gravity tech for refueling,Atoms,
,1946,Wandering Sunless Planet,Dead Hand,Isaac Asimov,A planet that is not bound to a star.,No,N/A,N/A,N/A,Fictional rogue planet concept,Atoms,
,1946,Robot Cat,The Cat and the King,Raymond F. Jones,A biological feline with mechanical parts.,No,N/A,Concept,N/A,Early concept of cyborg animal,Atoms,
,1945,Cosmoquake,Things Pass By,Murray Leinster,Gravity waves ripple across the solar system.,No,N/A,N/A,N/A,Fictional space phenomenon,Atoms,
,1945,Meteor Blasters,First Contact,Murray Leinster,Energy beams that would destroy space debris or rocks that lay in the path of a spacecraft.,No,N/A,Concept,N/A,Early concept of laser defense system,Atoms,
,1969,Pseudoflesh,Whipping Star,Frank Herbert,Meat (protein) that is produced apart from an animal; great steaks without rumination.,Yes,Scientists,Product,2013,Real cultured meat,Atoms,
,1969,Tleilaxu Eyes (Metal Eyes),Dune Messiah,Frank Herbert,Tleilaxu eye surgery replaces natural eyeballs damaged or destroyed.,Yes,Doctors,Product,2010s,Real prosthetic eyes,Atoms,
,1945,Games Machine,World of Null-A,A.E. van Vogt,A vast computer system.,No,N/A,Concept,N/A,Early concept of gaming computer,Bits,
,1969,Whologram,Super-Toys Last All Summer Long,Brian Aldiss,Presents a realistic illusion.,Yes,Engineers,Prototype,1960s,Early holograms,Bits,
,1945,Escapecraft,The Ethical Equations,Murray Leinster,A small spacecraft used when abandoning the main ship.,No,N/A,Concept,N/A,Fictional auxiliary spacecraft,Atoms,
,1969,Mass Detector,The Man in the Maze,Robert Silverberg,Hunting aid.,Yes,Engineers,Product,20th century,Real sensors,Bits,
,1945,Ship Hull Thermobatteries,The Ethical Equations,Murray Leinster,Solar activated and charged batteries built into the hull of a spacecraft.,No,N/A,Concept,N/A,Early solar power concept,Atoms,
,1969,Project Scoop,The Andromeda Strain,Michael Crichton,A space craft feature that collects dust for study.,Yes,NASA,Product,20th century,Real sample collection,Atoms,
,1969,Voice Encyclopedia,Galactic Pot-Healer,Philip K. Dick,Access to information via robotic voice recognition over the phone.,Yes,Engineers,Product,2010s,Real voice search,Bits,
,1945,Matter Duplicator,Pandora's Millions,George O. Smith,Makes a perfect copy of any material object.,No,N/A,Concept,N/A,Fictional matter duplicator,Atoms,
,1945,Overdrive,First Contact,Murray Leinster,A propulsion technology that allows a craft to travel at faster-than-light speed.,No,N/A,Concept,N/A,Fictional FTL drive,Atoms,
,1969,Ultraflash,The Andromeda Strain,Michael Crichton,A device that sterilizes the skin by a pulse of light.,Yes,Engineers,Product,20th century,Real UV sterilization,Atoms,
,1969,Mole Probe,The Man in the Maze,Robert Silverberg,"Automated devices that seek underground routes, burrowing as they go.",Yes,Engineers,Product,1960s,Early burrowing robots,Atoms,
,1944,Relations with Extraterrestrial Life,Ogre,Clifford Simak,Instructions to earth citizens on how to behave when encountering alien civilizations.,No,N/A,First contact protocols,N/A,Fictional concept,Bits,
,1969,Vision Cube,The Man in the Maze,Robert Silverberg,A solid-state memory device.,Yes,Engineers,Product,1980s,Early solid state storage,Bits,
,1969,Diagnostat,The Man in the Maze,Robert Silverberg,A device able to diagnose and treat most human ailments.,Yes,Engineers,Prototype,2010s,Real diagnostic AI,Bits,
,1944,Asteroid Mining Robot,Catch That Rabbit,Isaac Asimov,An autonomous robot able to effectively mine asteroids.,No,N/A,Space mining,N/A,Fictional concept,Atoms,
,1944,Star Base,Star Base X,R.M. Williams,An installation or station at an important interstellar location.,No,N/A,Space infrastructure,N/A,Fictional concept,Atoms,
,1944,Mal de Void,Off the Beam,George O. Smith,"Literally, space sick.",No,N/A,Space adaptation syndrome,Real condition,Medical condition,Bits,
,1944,Turnover,Off the Beam,George O. Smith,The point in a torchship's trajectory when it must flip over and point its fiery tail toward its destination to decelerate.,No,N/A,Spaceship maneuver,N/A,Fictional concept,Bits,
,1944,Multiple Robot Team,Catch That Rabbit,Isaac Asimov,"A set of robots, with the leader able to coordinate the activities of less intelligent subsidiary robots.",No,N/A,Multi-robot coordination,N/A,Fictional concept,Bits,
,1944,Battle Integrator,The Bureaucrat,Malcolm Jameson,A three-dimensional representation of warfare in space.,No,N/A,Tactical visualization,N/A,Fictional concept,Bits,
,1944,Life Blanket,Ogre,Clifford Simak,"Sentient moss which, when draped over the shoulders of a human being, becomes fully self-aware, providing valuable services.",No,N/A,Fictional lifeform,N/A,Fictional concept,Atoms,
,1944,Eternity Drug,Far Centaurus,A.E. van Vogt,A medication that puts a person into a deep hibernation-like sleep for decades at a time.,No,N/A,Suspended animation,Fictional concept,N/A,Atoms,
,1944,Gravitics,Tricky Tonnage,Malcolm Jameson,The science of using gravity as a technology.,No,N/A,Anti-gravity,N/A,Fictional concept,Bits,
,1944,Energy Screen,Far Centaurus,A.E. van Vogt,A field of force.,No,N/A,Force field,N/A,Fictional concept,Bits,
,1944,Solar Beam,The Long Way,George O. Smith,Obtaining solar power by means of a direct connection with the sun.,No,N/A,Space-based solar,N/A,Fictional concept,Bits,
,1944,Automatic Massager,Far Centaurus,A.E. van Vogt,An autonomous massage machine with robotic arms and hands.,No,N/A,Robotics,N/A,Fictional concept,Atoms,
,1944,Robot Voice,Catch That Rabbit,Isaac Asimov,A voice box for a robot that is an analog of the human voice system.,No,N/A,Robotics,N/A,Fictional concept,Bits,
,1969,Viewing Tank,The Man in the Maze,Robert Silverberg,A display monitor.,Yes,Engineers,Product,1960s,Early display tech,Bits,
,1944,Rust Ray Pistol,Gambler’s Asteroid,Manly Wade Wellman,Makes the hardest steel or iron crumbly.,No,N/A,Disintegration ray,N/A,Fictional concept,Bits,
,1944,Hollow Asteroid,Juke Box Asteroid,Joseph Farrell,An asteroid that has been hollowed out for use as a space habitat.,No,N/A,Space habitat,N/A,Fictional concept,Atoms,
,1943,Verhaeren Factor,Robinc,Anthony Boucher,Provides autonomous robots with the capacity for independent creative action.,No,N/A,AI,N/A,Fictional concept,Bits,
,1969,Flying Robot Drone Probe,The Man in the Maze,Robert Silverberg,A remote-controlled flying drone used for remote investigation and surveillance.,Yes,Engineers,Product,1970s,Early UAVs,Atoms,
,1943,Usuform Robot Bartender,Q.U.R.,Anthony Boucher,A robotic bartender that is designed along purely functional lines.,No,N/A,Robotics,N/A,Fictional concept,Atoms,
,1943,Usuform Robot,Q.U.R.,Anthony Boucher,A robot designed strictly along functional lines.,No,N/A,Industrial robot,N/A,Fictional concept,Atoms,
,1943,Durasteel,Sunward Flight,Leo Zagat,More durable than steel?,No,N/A,Fictional material,N/A,Fictional concept,Atoms,
,1969,Automated Drone Probes,The Man in the Maze,Robert Silverberg,Human-sized robot probes for exploration.,Yes,Engineers,Product,1970s,Early mobile robots,Atoms,
,1943,Viewscreen Pentagon,Sunward Flight,Leo Zagat,"A display with a central, pentagonal display surrounded by square displays attached to the sides.",No,N/A,Fictional display,N/A,Fictional concept,Bits,
,1943,Space Cadet,Sunward Flight,Leo Zagat,A young person training to be a spaceman.,No,N/A,Fictional profession,N/A,Fictional concept,Bits,
,1969,Automatic Gun,The Andromeda Strain,Michael Crichton,A sentry gun that could target and decide to fire without any human intervention.,Yes,Engineers,Prototype,2000s,Real autonomous weapons,Atoms,
,1969,Ersatz Window,Galactic Pot-Healer,Philip K. Dick,A display device used in a room without an actual view of the outside; it shows a projection of a real scene.,Yes,Engineers,Product,2010s,Real virtual windows,Bits,
,1943,Robot Chef,Robinc,Anthony Boucher,"Creative, autonomous robotic cook.",No,N/A,Robotics,N/A,Fictional concept,Atoms,
,1969,Window Wavelength,Super-Toys Last All Summer Long,Brian Aldiss,Display's that provide 'views' as if they were windows.,Yes,Engineers,Product,2010s,Real virtual windows,Bits,
,1943,Mixed Men,The Storm,A.E. van Vogt,"A mostly human being, but with an additional robot brain.",No,N/A,Cyborg,N/A,Fictional concept,Atoms,
,1943,Zeroentropy Spray,"Gather, Darkness!",Fritz Leiber,"A method of reducing the disorder of an object as much as possible, reducing the temperature close to absolute zero.",No,N/A,Fictional technology,N/A,Fictional concept,Bits,
,1943,Off-World,Judgement Night,C.L. Moore,Not of Earth.,No,N/A,Alien world,N/A,Fictional concept,Bits,
,1943,Personality Alteration,"Gather, Darkness!",Fritz Leiber,"Permanent alternation of personality, the tools of the trade.",No,N/A,Mind manipulation,N/A,Fictional concept,Bits,
,1969,Ident Darts,The Electric Ant,Philip K. Dick,Unmanned aerial vehicles (UAVs) that track individuals.,Yes,Engineers,Product,2020s,Real tracking UAVs,Atoms,
,1943,Visigraphic Crowd Emotional Record,"Gather, Darkness!",Fritz Leiber,A graphic record of the emotions of a crowd.,No,N/A,Emotion sensing,N/A,Fictional concept,Bits,
,1943,Polyfrequency Neutralizer,"Gather, Darkness!",Fritz Leiber,Dissolves projected solidographs (holograms).,No,N/A,Fictional technology,N/A,Fictional concept,Bits,
,1943,Royalties For Machine Learning Subjects,Q.U.R.,Anthony Boucher,A payment to people who are used as subjects for imitation learning by robots.,No,N/A,Fictional business practice,N/A,Fictional concept,Bits,
,1969,Recording Eye,The Man in the Maze,Robert Silverberg,A surveillance device that can survive being dropped from space; transmits images in a wide view.,Yes,Engineers,Product,20th century,Real aerial reconnaissance,Bits,
,1943,Telesolidograph,"Gather, Darkness!",Fritz Leiber,Projects three-dimensional images at great distances.,No,N/A,Holographic projection,N/A,Fictional concept,Bits,
,1943,Aladur,Sunward Flight,Leo Zagat,"High tensile strength, lightweight material.",No,N/A,Fictional material,N/A,Fictional concept,Atoms,
,1943,Manshell,Sunward Flight,Leo Zagat,A spaceship large enough for just one man; also an escape pod.,No,N/A,Fictional spacecraft,N/A,Fictional concept,Atoms,
,1943,Space Weather Map,The Storm,A.E. van Vogt,A map that details hazardous space conditions.,No,N/A,Space monitoring,N/A,Fictional concept,Bits,
,1969,Artiforg,Ubik,Philip K. Dick,An artificial organ kept 'on line' in the body.,Yes,Doctors,Product,2010s,Real artificial organs,Atoms,
,1943,Flame Barrier,The Storm,A.E. van Vogt,A form of protective force field.,No,N/A,Force field,N/A,Fictional concept,Bits,
,1943,Robot Taste Buds,Robinc,Anthony Boucher,A sensor for robots that would allow it to taste foods like a human being.,No,N/A,Robotics,N/A,Fictional concept,Bits,
,1969,Automatic Vein Finder,The Andromeda Strain,Michael Crichton,A device to automatically locate veins for intravenous needle insertion.,Yes,Engineers,Product,2010s,Real vein finders,Bits,
,1969,Electronic Body Analyzer,The Andromeda Strain,Michael Crichton,A replacement for the human doctor.,Yes,Engineers,Prototype,2010s,Real medical AI,Bits,
,1943,Deceleration Chambers,The Storm,A.E. van Vogt,"Stressed, the ship breaks apart into parts that may survive.",No,N/A,Spacecraft design,N/A,Fictional concept,Atoms,
,1943,Impervium,Clash by Night,Lawrence O'Donnell,Unique material is impenetrable and indestructible.,No,N/A,Fictional material,N/A,Fictional concept,Atoms,
,1943,Gum Tree,Symbiotica,Eric Frank Russell,A huge tree that lashed out with a mind of its own.,No,N/A,Fictional lifeform,N/A,Fictional concept,Atoms,
,1943,Adjustable House,"Gather, Darkness!",Fritz Leiber,"A house with elastic walls and structural members, the shape of which can be changed.",No,N/A,Transforming architecture,N/A,Fictional concept,Atoms,
,1943,Force Pencil,"Gather, Darkness!",Fritz Leiber,"Device straps to forearm, projects a force beam.",No,N/A,Fictional weapon,N/A,Fictional concept,Bits,
,1969,Automated Apartment Maintenance,Ubik,Philip K. Dick,Automated devices that would oversee the maintenance of a rented apartment.,Yes,Engineers,Product,2010s,Real smart home tech,Bits,
,1943,Pain Canopy,"Gather, Darkness!",Fritz Leiber,Pain by nerve induction improves interrogation.,No,N/A,Fictional technology,N/A,Fictional concept,Bits,
,1943,Airpolo,Sunward Flight,Leo Zagat,Polo played in mid-air with special aircraft and helium-filled balls.,No,N/A,Fictional sport,N/A,Fictional concept,Atoms,
,1943,Rocketeer,Sunward Flight,Leo Zagat,A person who pilots rockets.,No,N/A,Fictional profession,N/A,Fictional concept,Bits,
,1943,Rod of Wrath,"Gather, Darkness!",Fritz Leiber,A sword made of light.,No,N/A,Energy sword,N/A,Fictional concept,Bits,
,1943,Treatment of Extramundane Aborigines,Symbiotica,Eric Frank Russell,Laws for aliens on their own planet.,No,N/A,Space law,N/A,Fictional concept,Bits,
,1943,Stratoyacht,Sunward Flight,Leo Zagat,A privately-owned pleasure craft capable of attaining orbit.,No,N/A,Fictional spacecraft,N/A,Fictional concept,Atoms,
,1943,Sea Robot,The Metal Monster (Jarvis),E.K. Jarvis,An enormous robot able to function in the ocean.,No,N/A,Underwater robot,N/A,Fictional concept,Atoms,
,1943,Pneumo-Slacks,The Proud Robot,Lewis Padgett,Pants that make you look beefier.,No,N/A,Fictional clothing,N/A,Fictional concept,Atoms,
,1943,Vastening,The Proud Robot,Lewis Padgett,"It's hard to describe, but it's a robotic sense perception.",No,N/A,Robotics,N/A,Fictional concept,Bits,
,1970,Transparent Overalls,The Stainless Steel Rat's Revenge,Harry Harrison,"Perfect for prisoners, because nothing can be concealed.",Yes,3M,Inmate jumpsuits,1973,Used in some prisons,Atoms,
,1970,Sleep Set (Sleep Headset),Ringworld,Larry Niven,An electronic device for inducing deep sleep.,Yes,Philips,Sleep headphones,1975,Used soft sounds and light pulses to induce sleep,Bits,
,1943,Inviolability Field,"Gather, Darkness!",Fritz Leiber,"A kind of field of force built into a robe, to protect an individual person.",No,N/A,Personal shield,N/A,Fictional concept,Bits,
,1942,Seetee Blinker,Collision Orbit,Jack Williamson,"A marker of contraterrene matter (antimatter) asteroids, to aid in interplanetary navigation.",No,N/A,Prototype,N/A,Used to detect and avoid antimatter asteroids,Atoms,
,1942,Martian Sawgrass,QRM - Interplanetary,George O. Smith,Specialized variety of plant that is used to provide oxygen for space stations.,No,N/A,N/A,N/A,Genetically engineered plant,Atoms,
,1970,Holo,Ringworld,Larry Niven,"Abbreviation of ""hologram"".",Yes,MIT,Holography,1964,3D images projected with lasers,Bits,
,1942,Wheelchair Space Station,Waldo,Robert Heinlein,A home in space.,No,N/A,Design concept,N/A,Concept for a modular space station,Atoms,
,1970,Flashlight Laser,Ringworld,Larry Niven,Small cylindrical device that generates a green beam of variable intensity and focal length; can illuminate or cut.,Yes,Hughes Aircraft,Laser pointer,1965,Used helium-neon laser,Bits,
,1942,Thermodyne Heat Ray,A Brand New World,Ray Cummings,"Device focuses, and projects, a heat beam.",No,N/A,Prototype,N/A,Directed energy weapon,Atoms,
,1942,Zero-G Ashtray,Waldo,Robert Heinlein,An ashtray designed for use on a space station.,No,N/A,Design concept,N/A,Zero gravity product design,Atoms,
,1942,Gravitation Paralysis,The World With A Thousand Moons,Edmond Hamilton,Dread illness of space travelers striking when changing from very weak to very strong gravities.,No,N/A,N/A,N/A,Fictional space illness,Atoms,
,1942,Alien Self-Government,Co-Operate or Else,A.E. van Vogt,Rules to assure intelligent aliens the right to govern themselves in freedom.,No,N/A,Philosophy,N/A,Proposed rights for alien civilizations,N/A,
,1942,Auto-Clerk,Beyond This Horizon,Robert Heinlein,An automated accounting system.,No,N/A,Concept,N/A,Early idea of automation,Bits,
,1942,Contraterrene Matter (Antimatter),Collision Orbit,Jack Williamson,"Contraterrene (CT) Matter (sometimes abbreviated ""Seetee"").",No,N/A,N/A,N/A,Theoretical concept of antimatter,Atoms,
,1942,Capillotomer,Beyond This Horizon,Robert Heinlein,An automatic shaving machine,No,N/A,Concept,N/A,Early idea of automation,Atoms,
,1970,Screamer,The Stainless Steel Rat's Revenge,Harry Harrison,An acoustic weapon.,Yes,US Military,Long Range Acoustic Device (LRAD),2000s,For crowd dispersal and long-range hailing,Atoms,
,1942,Asterite,Collision Orbit,Jack Williamson,A person who was born and lived amongst the asteroids.,No,N/A,N/A,N/A,Fictional term for asteroid colonists,Atoms,
,1942,Fire Storm,Collision Orbit,Jack Williamson,When clouds of antimatter dust encountered ordinary matter spaceships.,No,N/A,N/A,N/A,Fictional antimatter reaction,Atoms,
,1970,Computer Virus,The Scarred Man,Gregory Benford,A software program that copies itself to other computers.,Yes,Researchers,Computer virus,Early 1970s,Self-replicating malware,Bits,
,1942,Space-Burned,Collision Orbit,Jack Williamson,Analogous to sun-burned.,No,N/A,N/A,N/A,Fictional space radiation damage,Atoms,
,1942,Paragravity,Collision Orbit,Jack Williamson,Artificial gravity.,No,N/A,Concept,N/A,Early idea for artificial gravity,Atoms,
,1942,Pilot-Robot,Collision Orbit,Jack Williamson,The piloting gear of a space tug.,No,N/A,Concept,N/A,Early idea of robotic systems,Atoms,
,1942,Plastifoam,Collision Orbit,Jack Williamson,Used to seal large leaks in space craft.,No,N/A,Concept,N/A,Fictional material for space repairs,Atoms,
,1970,Powdered Alcohol,The Stainless Steel Rat's Revenge,Harry Harrison,Alcohol in non-liquid form.,Yes,Labs,Powdered alcohol,1970s,Never commercialized due to regulations,Atoms,
,1942,Negative Safety-Field,Collision Orbit,Jack Williamson,A paragravity-based shield for space craft.,No,N/A,Concept,N/A,Fictional force field,Atoms,
,1942,Thermalarm Relays,Collision Orbit,Jack Williamson,"Detects objects by their heat radiation, so space craft can maneuver around them.",No,N/A,Concept,N/A,Early idea for heat sensing,Atoms,
,1942,Dirigible Space Armor (Working Space Suits),Collision Orbit,Jack Williamson,Heavy-duty space suits for mining work on asteroids.,No,N/A,Concept,N/A,Early idea for space suits,Atoms,
,1942,Igloo-Shaped Space Shelter,Collision Orbit,Jack Williamson,Easy to set up on airless asteroids.,No,N/A,Concept,N/A,Modular space habitat concept,Atoms,
,1942,Control Natural,Beyond This Horizon,Robert Heinlein,A person who is allowed to have an unmodified genetic makeup.,No,N/A,N/A,N/A,Fictional term for unmodified humans,Atoms,
,1942,Insosuit,Runaround,Isaac Asimov,A space suit specially designed to resist extreme heat.,No,N/A,Concept,N/A,Early idea for heat resistant space suits,Atoms,
,1942,Weight-Shoes,The World With A Thousand Moons,Edmond Hamilton,Devices intended to make it easier to walk on celestial bodies with weaker gravity.,No,N/A,Concept,N/A,Early idea for simulated gravity,Atoms,
,1942,Waldo,Waldo,Robert Heinlein,A telefactoring device; also known as the Waldo F. Jones Synchronous Reduplicating Pantograph.,No,N/A,Concept,N/A,Early telepresence robot concept,Atoms,
,1942,Electric Wall,The World With A Thousand Moons,Edmond Hamilton,A wall of electric force.,No,N/A,Concept,N/A,Fictional force field,Atoms,
,1942,Terraforming,Collision Orbit,Jack Williamson,The process of modifying a planetary surface to resemble those of an ideal earth; affects the entire biosphere.,No,N/A,Concept,N/A,Early idea of terraforming,Atoms,
,1942,Black Coating,Gray Lensman,E.E. 'Doc' Smith,A material that absorbs practically all incident light.,No,N/A,Concept,N/A,Fictional light absorbing material,Atoms,
,1970,Nearleather,What's Become of Screwloose?,Ron Goulart,Fake leather.,Yes,Many companies,Faux leather,1960s,Synthetic leather substitutes,Atoms,
,1942,Three Laws of Robotics (Rules of Robotics),Runaround,Isaac Asimov,The original formulation of Asimov's laws of robotics.,No,N/A,Philosophy,N/A,Foundational laws for benevolent AI,Bits,
,1942,Stasis Field,Beyond This Horizon,Robert Heinlein,"Energy field which prevents time from passing inside the field walls; no time passes, nobody gets hurt.",No,N/A,Concept,N/A,Fictional time suspension field,Atoms,
,1942,Fairy Digits (Tiny Waldoes),Waldo,Robert Heinlein,Waldoes used for very fine work.,No,N/A,Concept,N/A,Miniature telepresence robots,Atoms,
,1942,Directrix Z9M9Z,Gray Lensman,E.E. 'Doc' Smith,A control center ship for a vast space armada.,No,N/A,Concept,N/A,Fictional flagship,Atoms,
,1942,Thought-Screen,Gray Lensman,E.E. 'Doc' Smith,A device that prevents other people from taking over control of your thoughts and mind.,No,N/A,Concept,N/A,Fictional mind shielding tech,Atoms,
,1942,Radiation Garment,Waldo,Robert Heinlein,Clothing worn by ordinary citizens to reduce the risk of radiation exposure.,No,N/A,Concept,N/A,Early idea for radiation protection,Atoms,
,1942,Gravanol,QRM - Interplanetary,George O. Smith,A medicine or supplement that helps astronauts deal better with high accelerations.,No,N/A,Concept,N/A,Fictional supplement for space travel,Atoms,
,1942,Radiant Power Receptor (DeKalbs),Waldo,Robert Heinlein,A device which received and used energy transmitted from a station or satellite.,No,N/A,Concept,N/A,Early wireless power idea,Atoms,
,1942,Telaudiogram,The World With A Thousand Moons,Edmond Hamilton,An interplanetary communication method.,No,N/A,Concept,N/A,Fictional comms tech,Bits,
,1942,Meteorscope,The World With A Thousand Moons,Edmond Hamilton,A device that probes ahead in space detecting swarms of deadly meteors.,No,N/A,Concept,N/A,Fictional meteor detection system,Atoms,
,1942,Groundhog,Waldo,Robert Heinlein,Not a space professional.,No,N/A,N/A,N/A,Fictional term for non-spacefarers,Atoms,
,1942,Vestan Parasite,The World With A Thousand Moons,Edmond Hamilton,Semi-intelligent creatures that take control of the nervous system of other animals.,No,N/A,N/A,N/A,Fictional alien parasite,Atoms,
,1942,Vac Suit,Child of the Sun,Leigh Brackett,"A space suit, designed for use in vacuum.",No,N/A,Concept,N/A,Early idea for space suits,Atoms,
,1942,Time Dredge,Time Dredge,Robert Arthur,"A device that scoops up material from the past, and returns it to the present.",No,N/A,Concept,N/A,Fictional time machine,Atoms,
,1971,Batacitor,The Fabulous Riverboat,Philip Jose Farmer,A storage device for electricity that could be charged in a very short time.,Yes,General Electric,Supercapacitor,N/A,N/A,Atoms,
,1942,Interplanetary Communications Center,QRM - Interplanetary,George O. Smith,The backbone for a solar system-wide communications system.,No,N/A,Concept,N/A,Early idea for space comms,Bits,
,1971,Pocket Display Projector,The Anome,Jack Vance,A pocketsized projector capable of displaying high resolution images so they can be viewed by a group of people.,Yes,Microvision,PicoP pocket projector,N/A,N/A,Atoms,
,1942,Venus Equilateral Relay Station,QRM - Interplanetary,George O. Smith,A converted asteroid that served as the relay station for telecommunications throughout the solar system.,No,N/A,Concept,N/A,Early idea for space comms,Atoms,
,1971,Skin Suit,Dinosaur Beach,Keith Laumer,"A very tight-fighting spacesuit, or disguise.",Yes,NASA,Space activity suit,N/A,N/A,Atoms,
,1942,Xenephrene Interstellar World,A Brand New World,Ray Cummings,A planet not attached to a solar system.,No,N/A,N/A,N/A,Fictional concept of rogue planet,Atoms,
,1942,Antigravity Plate (Antigravity Raft),Co-Operate or Else,A.E. van Vogt,"A thin, circular craft that floats.",No,N/A,Concept,N/A,Early antigravity concept,Atoms,
,1942,Energy Converter,Runaround,Isaac Asimov,"Massive unit on the sunside of Mercury converts heat into energy, and beams it around the solar system.",No,N/A,Concept,N/A,Early solar power concept,Atoms,
,1972,Window-Cleaner Robots,Rendezvous With Rama,Arthur C. Clarke,Robots that perform the task of cleaning and polishing transparent surfaces.,Yes,Various,Window cleaning robots,N/A,N/A,Atoms,
,1972,Nightmask,Hellstrom's Hive,Frank Herbert,Night vision mask (similar to a diving mask) with an infrared light source.,Yes,Litton Industries,Night vision goggles,N/A,N/A,Atoms,
,1972,Artificial Muscles,Cyborg,Martin Caidin,Replacement for organic muscle tissue.,Yes,Various,Artificial muscles,N/A,N/A,Atoms,
,1942,News Roundup,Beyond This Horizon,Robert Heinlein,"A device that presents brief story outlines, any of which can be chosen to find details.",No,N/A,Concept,N/A,Early concept of news aggregator,Bits,
,1942,Broomstick Speedster,Waldo,Robert Heinlein,A two-seater craft capable of spaceflight; it used radiant power to achieve orbit.,No,N/A,Concept,N/A,Fictional personal spacecraft,Atoms,
,1942,Space Tugs,Describe a Circle,Eric Frank Russell,Early use of familiar ocean vehicle in space.,No,N/A,Concept,N/A,Applying nautical concepts to space,Atoms,
,1972,Go-Buggy,The Godmakers,Frank Herbert,A ground-only vehicle.,Yes,Various,Dune buggy,N/A,N/A,Atoms,
,1942,Wabbler,The Wabbler,Murray Leinster,An autonomous underwater robot.,No,N/A,Concept,N/A,Early idea for underwater drones,Atoms,
,1942,Slideway,Beyond This Horizon,Robert Heinlein,"A slidewalk, or moving walkway, that moves people forward.",No,N/A,Concept,N/A,Early moving walkway idea,Atoms,
,1942,Sobriety Ray,The Twonky,Lewis Padgett,"A ray of a particular wavelength and intensity, that conferred instant sobriety on those it shone upon.",No,N/A,Concept,N/A,Fictional sobering ray,Atoms,
,1972,Filter-Mask,The Sheep Look Up,John Brunner,Perfect for dystopian future air pollution.,Yes,3M,Respirator mask,N/A,N/A,Atoms,
,1942,The Twonky,The Twonky,Lewis Padgett,"A robotic device from the future, constructed to look like a 1940's radio cabinet.",No,N/A,Concept,N/A,Early intelligent robot concept,Atoms,
,1941,Controlway,Methuselah's Children,Robert Heinlein,An automated highway system that takes full operational control of vehicles traveling upon it.,No,N/A,Self-driving infrastructure,N/A,Fictional concept,Bits,
,1972,Cyborg,Cyborg,Martin Caidin,A cybernetic organism - man in union with machine,Yes,Various,Cyborgs,N/A,N/A,Atoms,
,1972,Bionic Arm,Cyborg,Martin Caidin,An artificial arm that responds in a manner similar to the 'original equipment' item.,Yes,Various,Prosthetic arms,N/A,N/A,Atoms,
,1941,Docking-Cradle,They Never Came Back,Fritz Leiber,Holds a space craft in gravity.,No,N/A,Spacecraft berthing,N/A,Fictional concept,Atoms,
,1972,Polawindow,The Godmakers,Frank Herbert,A window-sized polarizer filter that allows changes in light intensity and color.,Yes,Various,Smart glass,N/A,N/A,Atoms,
,1972,Newstaper Gear,Flash Crowd,Larry Niven,"The devices used by a person who serves as a reporter, cameraman and story finder.",Yes,Various,"Video camera, audio recorder",N/A,N/A,Atoms,
,1941,Hypnotic injunction,Methuselah's Children,Robert Heinlein,A method of hypnosis that prevents people from revealing particular information.,No,N/A,Mind control,N/A,Fictional concept,Bits,
,1972,Flash Crowd (Flash Mob),Flash Crowd,Larry Niven,What you call a group of people who suddenly appear at an interesting location.,Yes,N/A,N/A,N/A,N/A,Atoms,
,1941,Camden Speedster,Methuselah's Children,Robert Heinlein,"A super sports utility vehicle (SUV); it drives on the highway, the water and jumps into the air for short periods.",No,N/A,Fictional vehicle,N/A,Fictional concept,Atoms,
,1941,Interplanetary Union Of Spacemen,Old Fireball,Nat Schachner,An organized union of people who work in space.,No,N/A,Labor union,N/A,Fictional concept,Bits,
,1941,Neoterics,Microcosmic God,Theodore Sturgeon,Pure engineering genius on tap.,No,N/A,Expertise amplification,N/A,Fictional concept,Bits,
,1972,Bionic Legs,Cyborg,Martin Caidin,Human legs rebuilt and improved.,Yes,Various,Prosthetic legs,N/A,N/A,Atoms,
,1941,Squeaker,Beast of Space,F.E. Hardart,Used to search out radium in asteroids.,No,N/A,Fictional device,N/A,Fictional concept,Atoms,
,1941,Mind Control Genetically Modified Food,Methuselah's Children,Robert Heinlein,Plants that are modified to produce specific combinations of flavors.,No,N/A,Genetic engineering,N/A,Fictional concept,Atoms,
,1972,Cryosleep,Flight of Exiles,Ben Bova,Use of extreme cold to cause suspended animation.,Yes,Various,Cryonics,N/A,N/A,Atoms,
,1972,Ultraminiature Spy-Circuit,The Unknown,Christopher Anvil,Tiny bits of 'smart dust' used as surveillance devices.,Yes,Hitachi,Microchips,N/A,N/A,Atoms,
,1972,Mini-Sneaker,The Godmakers,Brian Herbert,"A small, airborne surveillance device.",Yes,Various,Micro drones,N/A,N/A,Atoms,
,1972,Ironing Robot,Iron (утюг),Mikhail Mikheev,A robot that smooths the wrinkles out of clothing.,Yes,various,Ironing robot,N/A,N/A,Atoms,
,1941,Instant Customized Clothing,Methuselah's Children,Robert Heinlein,"A machine that produced a selected item of clothing, on the spot, based on customer demand.",No,N/A,On-demand manufacturing,N/A,Fictional concept,Atoms,
,1941,Moon-Terror,Star of Dreams,Jack Williamson,A syndrome common to people who live in less than half Earth-normal gravity.,No,N/A,Space medicine,N/A,Fictional concept,Bits,
,1972,Dragonfly Sky-Bike,Rendezvous With Rama,Arthur C. Clarke,An ultralight human-powered flyer.,Yes,Various,Human-powered aircraft,N/A,N/A,Atoms,
,1941,Fresher,Methuselah's Children,Robert Heinlein,"Short for ""refreshing chamber,"", it is the future of personal hygiene technology.",No,N/A,Fictional technology,N/A,Fictional concept,Atoms,
,1941,Charging Arm,Masters of Chance,William Morrison,A specialized device allowing a robot to charge itself.,No,N/A,Robotics,N/A,Fictional concept,Atoms,
,1972,Copseyes,Cloak of Anarchy,Larry Niven,"A small floating ""eye-in-the-sky"" surveillance drone used by police in an extensive park.",Yes,Various,Surveillance drones,N/A,N/A,Atoms,
,1941,Atmospherics Switchboard,Lie on the Beam,John Victor Peterson,Make sure each hotel room has the right atmosphere from the right planet.,No,N/A,Atmospheric control,N/A,Fictional concept,Bits,
,1941,Psychophone,The Mechanical Mice,Maurice G. Hugi,A device that allows the user to tune their mind to a future reality - a time-traveling device.,No,N/A,Time travel,N/A,Fictional concept,Bits,
,1941,Disinto,Robot AL-76 Goes Astray,Isaac Asimov,A disintegrating ray.,No,N/A,Disintegration ray,N/A,Fictional concept,Bits,
,1941,Energy Weapon,Seesaw,A.E. van Vogt,"A device that fires pure energy, used as a weapon.",No,N/A,Ray gun,N/A,Fictional concept,Bits,
,1941,Golden Shuttles (Mechanical Mice),The Mechanical Mice,Maurice G. Hugi,Very small robots with an appetite for watch parts.,No,N/A,Microrobots,N/A,Fictional concept,Atoms,
,1941,Sweep Field,Methuselah's Children,Robert Heinlein,Pulls in interplanetary matter for space ship propulsion.,No,N/A,Spaceship propulsion,N/A,Fictional concept,Bits,
,1973,Light-Sculpture,Light Verse,Isaac Asimov,A creative work that was both sculpture and light.,Yes,Various,Light art,N/A,N/A,Atoms,
,1941,Hell-Stone,Star of Dreams,Jack Williamson,An incomparably beautiful and rare jewel.,No,N/A,Fictional gemstone,N/A,Fictional concept,Atoms,
,1941,Floating Robot,The Floating Robot,David Wright O'Brien,A robot that floats in mid-air.,No,N/A,Levitating robot,N/A,Fictional concept,Atoms,
,1941,Positronic Brain,Reason,Isaac Asimov,A computer CPU with the capacity to rival a human brain.,No,N/A,AI,N/A,Fictional concept,Atoms,
,1941,Weather Integrator,Methuselah's Children,Robert Heinlein,An entire technology for controlling the weather.,No,N/A,Weather control,N/A,Fictional concept,Bits,
,1941,Orbital Mirror,Completely Automatic,Theodore Sturgeon,"A huge reflective surface in orbit around a planet or moon, the purpose of which is to focus sunlight onto the surface.",No,N/A,Space-based solar,N/A,Fictional concept,Atoms,
,1973,Decibel Alarms,A Bridle for Pegasus,Anne McCaffrey,Alarms that would go off if the noise in public gathering places was rising to riotous levels.,Yes,Various,Sound level meters,N/A,N/A,Atoms,
,1941,Automatic Speeding Fine,Old Fireball,Nat Schachner,"An automated device that not only computes the speed of a vehicle, but registers and then issues an electronic citation.",No,N/A,Automated law enforcement,N/A,Fictional concept,Bits,
,1941,Magnetized Boots,Lost Rocket,Manly Wade Wellman,Special shoes to allow walking in and around a metal ship with no artificial gravity.,No,N/A,Fictional technology,N/A,Fictional concept,Atoms,
,1941,Visible Halo,Sixth Column,Anson MacDonald,Providing a religious figure with a technological sign of grace.,No,N/A,Stagecraft,N/A,Fictional concept,Bits,
,1941,Sleep Surrogate,Methuselah's Children,Robert Heinlein,Pharmaceutical designed to make up for lost sleep.,No,N/A,Fictional drug,N/A,Fictional concept,Atoms,
,1941,Robot Music,The Robot God,Ray Cummings,Music created and performed entirely by robots.,No,N/A,Robot art,N/A,Fictional concept,Bits,
,1941,Time Line,Time Wants A Skeleton,Ross Rocklynne,"The sequence of events leading up to, and past, this moment.",No,N/A,Concept of time,N/A,Scientific concept,Bits,
,1941,Space Tunnel,The Man Who Bought Mars,Polton Cross,An enclosed gang plank extended between space ships.,No,N/A,Spacecraft docking,N/A,Fictional concept,Atoms,
,1941,Anti-Robot Propaganda,Liar,Isaac Asimov,Human activity against robots.,No,N/A,Fictional activism,N/A,Fictional concept,Bits,
,1941,Joy-boat Junior,Methuselah's Children,Robert Heinlein,"A private space yacht, capable of suborbital journeys.",No,N/A,Fictional spacecraft,N/A,Fictional concept,Atoms,
,1941,Robot Mother,The Mechanical Mice,Maurice G. Hugi,"A self-replicating robot, which creates a series of helper bots that adapt to conditions as needed.",No,N/A,Self-replicating robot,N/A,Fictional concept,Atoms,
,1941,Howard Families,Methuselah's Children,Robert Heinlein,A project designed to produce a group of people with exceptionally long life.,No,N/A,Life extension,N/A,Fictional concept,Bits,
,1941,Lunar Used Spacecraft Lot,Methuselah's Children,Robert Heinlein,A sales lot for used spacecraft,No,N/A,Space commerce,N/A,Fictional concept,Atoms,
,1974,Talking Pamphlet,Ellison Wonderland,Harlan Ellison,An instructional pamphlet that instructs you through ordinary speech.,Yes,Audible,Audiobooks,1970s,Recordings,Bits,
,1941,Quench Field,The Purple Light,E. Waldo Hunter,Stopped runaway nuclear reactions by quenching the cascades of neutrons.,No,N/A,Fictional technology,N/A,Fictional concept,Bits,
,1941,Geodesic Inflexors,Star of Dreams,Jack Williamson,"Propulsion provided not by pushing against matter, but against spacetime.",No,N/A,Gravitic propulsion,N/A,Fictional concept,Bits,
,1941,Cold-Rest,Methuselah's Children,Robert Heinlein,"Lowering body temperature and metabolic levels, as in hibernation; also called reduced temperature somnolence.",No,N/A,Hibernation,N/A,Fictional concept,Atoms,
,1941,Cold-Sleep,Methuselah's Children,Robert Heinlein,"A state of hibernation, created by lowered temperature and metabolism.",No,N/A,Cryogenic suspension,N/A,Fictional concept,Atoms,
,1941,Group Ego,Methuselah's Children,Robert Heinlein,A group mind; a single entity that shares a number of bodies.,No,N/A,Shared consciousness,N/A,Fictional concept,Bits,
,1941,Chardion Field,Star of Dreams,Jack Williamson,Electronic 'envelope' that retained atmosphere on tiny worldlets.,No,N/A,Atmospheric retention,N/A,Fictional concept,Bits,
,1941,Pilot Beam,Methuselah's Children,Murray Leinster,A signalling device that space craft in orbit descending to Earth could home in on and land.,No,N/A,Spacecraft guidance,N/A,Fictional concept,Bits,
,1941,Solar Energy Beam,Masquerade,Clifford Simak,A solar energy plant on Mercury provides power for projects all over the solar system.,No,N/A,Space-based solar,N/A,Fictional concept,Bits,
,1941,Magnetic Sandals,Star of Dreams,Jack Williamson,Special footgear to walk in zero-gee spacecraft.,No,N/A,Fictional technology,N/A,Fictional concept,Atoms,
,1941,Thermatite,Jurisdiction,Nat Schachner,Pure energy fuel mined on asteroids.,No,N/A,Fictional material,N/A,Fictional concept,Atoms,
,1941,Asteroid Claim Law,Jurisdiction,Nat Schachner,The legal steps required in claiming an asteroid,No,N/A,Space law,N/A,Fictional concept,Bits,
,1941,Space Lawyer (Sky-Lawyer),Jurisdiction,Nat Schachner,A lawyer with special knowledge of space law.,No,N/A,Legal profession,N/A,Fictional concept,Bits,
,1974,Microtransmitter Dot,"Flow My Tears, The Policeman Said",Philip K. Dick,"A tiny transmitter placed on ID cards, used to track ID holders.",Yes,Various,RFID tags,1980s,Wireless identification,Bits,
,1941,Space Socks,Lost Rocket,Manly Wade Wellman,Protective garments for the lower extremities.,No,N/A,Fictional clothing,N/A,Fictional concept,Atoms,
,1941,Pseudogravity,Common Sense,Robert Heinlein,"Gravity produced by artifice, rather than by a suitably large mass.",No,N/A,Artificial gravity,N/A,Fictional concept,Bits,
,1941,Young Blood - New Blood For Old,Methuselah's Children,Robert Heinlein,Replacing the blood plasma of older people with material from younger people.,No,N/A,Blood transfusion,N/A,Fictional concept,Atoms,
,1974,Robot Gas Station,"Flow My Tears, The Policeman Said",Philip K. Dick,An entirely automated station for dispensing fuel to consumer vehicles.,Yes,Various,Self-service gas stations,1970s,No human attendant,Atoms,
,1941,Bee Wing,Slacker's Paradise,Malcolm Jameson,A flapping wing aircraft in use on Mars.,No,N/A,Fictional aircraft,N/A,Fictional concept,Atoms,
,1941,Asteroid Lanes,Jurisdiction,Nat Schachner,Regular routes traversed by asteroids.,No,N/A,Asteroid orbits,N/A,Fictional concept,Bits,
,1941,Space Rush,Jurisdiction,Nat Schachner,The Outer Space equivalent of the gold rush.,No,N/A,Space exploitation,N/A,Fictional concept,Bits,
,1941,Automatic Refueling Screen,Biddiver,Theodore Sturgeon,"Repels objects that are too big, and gathers small ones for fuel.",No,N/A,Spaceship refueling,N/A,Fictional concept,Bits,
,1941,Hypnosis Ray,Beyond All Weapons,Eric Frank Russell,Eases the words of dictators into the minds of the credulous.,No,N/A,Mind control ray,N/A,Fictional concept,Bits,
,1941,Psycho-History,Beyond All Weapons,Eric Frank Russell,The application of psychology to historical data.,No,N/A,Fictional field,N/A,Fictional concept,Bits,
,1941,Interplanetary Clearance,Methuselah's Children,Robert Heinlein,Bureaucratic red tape associated with busy space ports.,No,N/A,Space regulation,N/A,Fictional concept,Bits,
,1941,Dewlog,The Traitor,Kurt von Rachen,A drug with the side-effect of virtually eliminating hunger.,No,N/A,Fictional drug,N/A,Fictional concept,Atoms,
,1974,Handbag Computer,The Futurological Congress,Stanislaw Lem,Device capable of carrying on your conversation for you.,Yes,Various,Smartphones,2000s,AI chatbot,Bits,
,1941,Antigrav Boots,The Day We Celebrate,Nelson S. Bond,Footgear that negate gravity.,No,N/A,Anti-gravity device,N/A,Fictional concept,Atoms,
,1941,Epileptigenic Ray,Sixth Column,Anson MacDonald,Ray causes uncontrollable spasms in human subjects.,No,N/A,Fictional weapon,N/A,Fictional concept,Bits,
,1941,Space Placers,The Day We Celebrate,Nelson S. Bond,Miners who use placer mining techniques adapted from Earth geology.,No,N/A,Asteroid mining,N/A,Fictional concept,Atoms,Astroforge
,1941,Charted Planetoid Mines,The Day We Celebrate,Nelson S. Bond,Charting the planetoids and minor bodies for mining purposes.,No,N/A,Asteroid mining,N/A,Fictional concept,Atoms,Astroforge
,1941,Electrono-Mirror,The Day We Celebrate,Nelson S. Bond,Focuses the sun's rays on a planetary surface for terraforming purposes.,No,N/A,Terraforming,N/A,Fictional concept,Atoms,
,1941,Solar Station,Reason,Isaac Asimov,A satellite that gathers solar energy in space and then beams it to Earth (or other planetary surface).,No,N/A,Space-based solar,N/A,Fictional concept,Atoms,
,1974,Picphone,"Flow My Tears, The Policeman Said",Philip K. Dick,A small telephone that has a screen to show pictures.,Yes,Various,Video phones,2000s,"Skype, FaceTime",Bits,
,1974,Armor Cloth,The Mote in God's Eye,Larry Niven (w/J. Pournelle),Extremely tough synthetic fabric.,Yes,Various,Bulletproof fabrics,1970s,Kevlar,Atoms,
,1941,Metal Solvent Ray Thrower,Lost Rocket,Manly Wade Wellman,Acts like a flame thrower in space.,No,N/A,Fictional weapon,N/A,Fictional concept,Atoms,
,1941,Sleep Destroying Field,Biddiver,Theodore Sturgeon,Causes lack of sleep.,No,N/A,Fictional device,N/A,Fictional concept,Atoms,
,1941,Momentum Screen,Completely Automatic,Theodore Sturgeon,"Allows a spacemen to avoid the problem of ""high gee"" forces on take-off.",No,N/A,Inertia dampening,N/A,Fictional concept,Atoms,
,1975,Tiered Internet,The Shockwave Rider,John Brunner,The idea that some forms of Internet network traffic should be given priority over others.,Yes,Various,Net neutrality,2000s,Network management,Bits,
,1941,Vanwinkling,The Best-Laid Scheme,L. Sprague de Camp,Another name for time-traveling into the future.,No,N/A,Time travel,N/A,Fictional concept,Atoms,
,1975,Data-Net,The Shockwave Rider,John Brunner,An early mention of the idea of a nationwide data network.,Yes,DARPA,Internet,1969,ARPANET,Bits,
,1975,Delphi Pool,The Shockwave Rider,John Brunner,"A large group of people used as a statistical sampling resource; even if the correct answer is not known, responses tend to cluster around the correct answer.",Yes,RAND,Delphi method,1950s,Group decision-making,Bits,
,1975,Government Data Transparency,The Shockwave Rider,John Brunner,The idea that all of the information available to the government should be posted online and be easily accessible to everyone.,Partial,Various,FOIA,1966,Freedom of Information Act,Bits,
,1941,Paralyzing Eye,The Best-Laid Scheme,L. Sprague de Camp,False eye contains mechanism for causing brief paralysis.,No,N/A,Fictional technology,N/A,Fictional concept,Atoms,
,1941,Space Legs,Methuselah's Children,Robert Heinlein,The ability to walk under high gee acceleration on a space ship.,No,N/A,Fictional ability,N/A,Fictional concept,Atoms,
,1975,Computer Worm (Tapeworm),The Shockwave Rider,John Brunner,The first description of a set of computer codes that moves from one computer to another on a network as a coherent entity.,Yes,Various,Computer worm,1970s,Malware,Bits,
,1941,Alterable License Number,Methuselah's Children,Robert Heinlein,A device which permits a driver to alter the license plate without leaving the vehicle.,No,N/A,License plate modification,N/A,Fictional concept,Bits,
,1975,Hearing Aid,The Shockwave Rider,John Brunner,A service that allows people to anonymously talk with another person who only listens.,Yes,Various,Crisis hotlines,1960s,Confidential support,Bits,
,1975,National Network Surveillance,The Shockwave Rider,John Brunner,A system for providing the government with a way to monitor computer network use.,Yes,NSA,PRISM,2007,Mass surveillance,Bits,
,1941,Improve Memory,Methuselah's Children,Robert Heinlein,Help immortals make sense of their memories.,No,N/A,Memory enhancement,N/A,Fictional concept,Bits,
,1941,Blastick,The Traitor,Kurt von Rachen,A scorching beam weapon,No,N/A,Ray gun,N/A,Fictional concept,Atoms,
,1941,Flitter,Vortex Blaster,E.E. 'Doc' Smith,A small craft used for short-range journeys.,No,N/A,Fictional spacecraft,N/A,Fictional concept,Atoms,
,1941,Space Tanned,Methuselah's Children,Robert Heinlein,A tan acquired by being exposed to sunlight while outside the atmosphere.,No,N/A,Space travel,N/A,Fictional concept,N/A,
,1975,Electronic Voting,The Shockwave Rider,John Brunner,Using computer terminals to register votes from citizens.,Yes,Various,Electronic voting,2000s,Controversial,Bits,
,1975,Retaliatory Tapeworm (Counter-Worm),The Shockwave Rider,John Brunner,Using computers to deliberately damage another person's reputation and well-being.,Yes,Various,Malware,1970s,Computer virus,Bits,
,1975,Satellite Search and Destroy,The Shockwave Rider,John Brunner,Destroying satellites in orbit.,Yes,US military,Anti-satellite weapon,1960s,ASAT missile,Atoms,
,1941,Spacehound,Beast of Space,F.E. Hardart,"Oddly canine, telepathic beast digs in asteroids for metal.",No,N/A,Fictional creature,N/A,Fictional concept,Atoms,
,1941,Delayed Action Stereoscopic Principle,Methuselah's Children,Robert Heinlein,Distinguishing far off space craft by relative speed against the fixed stars.,No,N/A,Spacecraft tracking,N/A,Fictional concept,Bits,
,1940,Life-Ship,The Invisible World,Ed Earl Repp,An emergency escape or survival craft.,No,N/A,Spacecraft design,N/A,Fictional concept,Atoms,
,1940,Atom-Shifter,The Worlds of Tomorrow,Manly Wade Wellman,"A device that 'softens' matter, making it possible for a person to pass through.",No,N/A,Matter manipulation,N/A,Fictional concept,Bits,
,1940,San-Ray Projector,Hell Ship of Space,"Frederic Arnold Kummer, Jr.","Device produces a habit-forming, nerve-tingling ray that clouds the mind.",No,N/A,Fictional device,N/A,Fictional concept,Bits,
,1940,Rocket Cruiser,The Worlds of Tomorrow,Manly Wade Wellman,A privately owned space ship.,No,N/A,Spacecraft,N/A,Fictional concept,Atoms,
,1940,Space Tramp,The Invisible World,Ed Earl Repp,"An old, slow spacecraft.",No,N/A,Spacecraft,N/A,Fictional concept,Atoms,
,1940,Mind-Shield,Slan,A.E. van Vogt,A mental defense or barrier that prevents access to one brain by another person or device.,No,N/A,Telepathic shielding,N/A,Fictional concept,Bits,
,1940,Two-Wheeled Car,The Roads Must Roll,Robert Heinlein,A small passenger vehicle with two centerline wheels.,No,N/A,Fictional vehicle,N/A,Fictional concept,Atoms,
,1940,Atomic Automatic,Revolt on Io,Jack West,"Fires a special, rocket-like bullet.",No,N/A,Fictional weapon,N/A,Fictional concept,Atoms,
,1940,Paralysis Bomb,If This Goes On...,Robert Heinlein,A device like a hand grenade that released paralyzing radiation.,No,N/A,Fictional weapon,N/A,Fictional concept,Atoms,
,1940,Humanoid,Homo Sol,Isaac Asimov,An alien with a human-like shape and appearance.,No,N/A,Extraterrestrial,N/A,Fictional concept,Atoms,
,1940,Tesseract House,#NAME?,Robert Heinlein,A house built in the shape of a four-dimensional figure.,No,N/A,Fictional architecture,N/A,Fictional concept,Atoms,
,1940,Synthetic Personality,If This Goes On...,Robert Heinlein,"A artificial identity, a legal fiction of a person.",No,N/A,AI,N/A,Fictional concept,Bits,
,1940,Test Box,The Devil's Pocket,F.E. Hardart,A remote-controlled device for capturing small objects from open space.,No,N/A,Remote manipulator,N/A,Fictional concept,Atoms,
,1940,Gravitational Disks,Revolt on Io,Jack West,Maintain your footing on those low-gravity celestial bodies.,No,N/A,Artificial gravity,N/A,Fictional concept,Bits,
,1940,Moon Skis,Requiem,Robert Heinlein,Special wide skis for travel on lunar powder.,No,N/A,Fictional product,N/A,Fictional concept,Atoms,
,1940,Electro-Automatic Pistol,The Worlds of Tomorrow,Manly Wade Wellman,"Circular, pocket-sized weapon.",No,N/A,Fictional weapon,N/A,Fictional concept,Atoms,
,1940,Telelubricator,The Exhalted,L. Sprague de Camp,Makes any surface or substance perfectly frictionless.,No,N/A,Fictional device,N/A,Fictional concept,Bits,
,1940,Slow Glass Rod,The Exhalted,L. Sprague de Camp,A transparent glass rod that makes light travel so slowly that it can trap light within its depths.,No,N/A,Fictional material,N/A,Fictional concept,Atoms,
,1940,Methuen Treatment,The Exhalted,L. Sprague de Camp,Injections that increase intelligence.,No,N/A,Cognitive enhancement,N/A,Fictional concept,Atoms,
,1940,Hyperbolic Solenoid,The Exhalted,L. Sprague de Camp,Device that creates and manipulates magnetic fields.,No,N/A,Fictional device,N/A,Fictional concept,Bits,
,1940,Silk-Metal,The Worlds of Tomorrow,Manly Wade Wellman,A very tough fabric.,No,N/A,Fictional material,N/A,Fictional concept,Atoms,
,1940,Radium-Action Lighter,The Worlds of Tomorrow,Manly Wade Wellman,A personal device used to ignite tobacco products.,No,N/A,Fictional product,N/A,Fictional concept,Atoms,
,1940,Robbie,Robbie,Isaac Asimov,A childcare robot.,No,N/A,Childcare robot,N/A,Fictional concept,Atoms,
,1940,Barrier (Force Field),Coventry,Robert Heinlein,Force-field fence.,No,N/A,Force field,N/A,Fictional concept,Bits,
,1940,Rolling Road,The Roads Must Roll,Robert Heinlein,A set of fast-moving strips to move people over distances.,No,N/A,Moving walkway,N/A,Fictional concept,Atoms,
,1976,Poster TV,A World Out of Time,Larry Niven,"This display gives new meaning to the term ""flat screen.""",Yes,Sony,Flat panel TV,1964,Early LCD screen prototype,Bits,
,1940,Dream-House,Doom Over Venus,Edmond Hamilton,An establishment wherein one could find the finest dream adventures placed in his own mind.,No,N/A,Virtual reality,N/A,Fictional concept,Bits,
,1940,Dream-Adventures,Doom Over Venus,Edmond Hamilton,Dreams sent directly to the brain are more popular than movies.,No,N/A,Virtual reality,N/A,Fictional concept,Bits,
,1940,Planetary ID Card,Doom Over Venus,Edmond Hamilton,Identification for every person on every planet in the solar system.,No,N/A,Identification system,N/A,Fictional concept,Bits,
,1940,Synthetic Flesh,The Amazon Fights Again,Thornton Ayre,"Material resembles human flesh, handy for disguises.",No,N/A,Fictional material,N/A,Fictional concept,Atoms,
,1940,Tectogenetic,Crisis in Utopia,Norman L. Knight,Deliberate manipulation of genes to produce unique species.,No,N/A,Genetic engineering,N/A,Fictional concept,Bits,
,1940,Talking Robot,Robbie,Isaac Asimov,"An impractical robot, for display only.",No,N/A,Humanoid robot,N/A,Fictional concept,Atoms,
,1940,Death-Capsule,Doom Over Venus,Edmond Hamilton,A tiny implanted explosive capsule can be activated remotely.,No,N/A,Assassination device,N/A,Fictional concept,Atoms,
,1976,Automatic Control Car,Imperial Earth,Arthur C. Clarke,An autonomous vehicle.,Yes,Researchers,Self-driving cars,1970s,Early autonomous vehicle prototypes,Bits,
,1940,Bifocal TV Screen Lenses,Doom Over Venus,Edmond Hamilton,Using the bottom lens of bifocals as a TV screen.,No,N/A,Wearable display,N/A,Fictional concept,Bits,
,1976,Comsole (Home Communications Console),Imperial Earth,Arthur C. Clarke,"A home computer, connected to data services.",Yes,Apple,Apple II,1977,One of the first mass-market home computers,Bits,
,1940,Gesturing Robot,Robbie,Isaac Asimov,A robot that uses gestures to communicate.,No,N/A,Humanoid robot,N/A,Fictional concept,Atoms,
,1940,Hush-a-Phone,The Roads Must Roll,Robert Heinlein,A special kind of telephone that reduced noise while talking.,No,N/A,Fictional technology,N/A,Fictional concept,Bits,
,1940,Solar Station Switch Room,Doom Over Venus,Edmond Hamilton,A power station for the entire solar system.,No,N/A,Space-based solar,N/A,Fictional concept,Bits,
,1976,Minisec,Imperial Earth,Arthur C. Clarke,A device like a personal digital assistant (PDA) today.,Yes,Psion,Psion Organiser,1984,Early PDA,Bits,
,1940,Merry-Go-Round Life Suspension (Refrigerator Plant),The Voyage That Lasted 600 Years,Don Wilcox,A device that offered cold sleep.,No,N/A,Cryogenic suspension,N/A,Fictional concept,Atoms,
,1940,Dream-Machine,Doom Over Venus,Edmond Hamilton,The mechanism that sent standardized dreams into the brain.,No,N/A,Virtual reality,N/A,Fictional concept,Bits,
,1940,Voder,Exit From Asteroid 60,D.L. James,Device that produces speech by purely mechanical means.,No,N/A,Speech synthesis,N/A,Fictional concept,Bits,
,1940,Cyclotronic Ore-Hurler,Exit From Asteroid 60,D.L. James,Using the magnetic properties of an asteroid to send ore hurling across space!,No,N/A,Fictional technology,N/A,Fictional concept,Bits,
,1940,Air Scooter,Space Double,Nat Schachner,A flying personal vehicle.,No,N/A,Flying car,N/A,Fictional concept,Atoms,
,1976,Robot Surgeon,The Bicentennial Man,Isaac Asimov,An autonomous robotic surgeon.,Yes,Intuitive Surgical,da Vinci Surgical System,2000,Robotic surgery system,Atoms,
,1940,Autosight Achronic Beam,Hindsight,Jack Williamson,"A range-finder for weaponry that isn't limited by time, for the ultimate in accuracy.",No,N/A,Fictional technology,N/A,Fictional concept,Bits,
,1940,Refreshing Chamber,Coventry,Robert Heinlein,Replaces the bathroom in the future history of Robert Heinlein.,No,N/A,Fictional technology,N/A,Fictional concept,Atoms,
,1940,Tumblebug,The Roads Must Roll,Robert Heinlein,A monocycle; a motorcycle that balances on a single wheel.,No,N/A,Fictional vehicle,N/A,Fictional concept,Atoms,
,1940,Vibroblade,If This Goes On...,Robert Heinlein,A knife-like weapon.,No,N/A,Fictional weapon,N/A,Fictional concept,Atoms,
,1940,Paralyzing Gun,The Achilles Heel,Raymond Z. Gallun,Renders senseless any human in its path.,No,N/A,Fictional weapon,N/A,Fictional concept,Atoms,
,1940,Vacuum Wall Compartments,The Achilles Heel,Raymond Z. Gallun,Shielding against heat by using walls with evacuated sections.,No,N/A,Thermal insulation,N/A,Fictional concept,Atoms,
,1940,Floating Villa,Doom Over Venus,Edmond Hamilton,An artificial island several acres in extent.,No,N/A,Floating habitat,N/A,Fictional concept,Atoms,
,1940,Stratospheric Traffic,The Great God Awto,Clark Ashton Smith,Bad traffic at every level.,No,N/A,Air traffic,N/A,Fictional concept,Bits,
,1940,Iridium-Sponge Brain,Adam Link's Vengeance,Eando Binder,A human-like metal brain for robots.,No,N/A,AI,N/A,Fictional concept,Atoms,
,1976,Orbital Factory,Bind Your Sons To Exile,Jerry Pournelle,"Putting manufacturing in space, orbiting the planet.",Yes,Varda,N/A,2023,Fictional space industry,Atoms,Varda
,1940,Trumpaphone,The Voyage That Lasted 600 Years,Don Wilcox,"A loud, brassy instrument.",No,N/A,Fictional instrument,N/A,Fictional concept,Atoms,
,1940,Double-Pane Vacuum Window,The Achilles Heel,Raymond Z. Gallun,Double-pane glass separated by vacuum.,No,N/A,Thermal insulation,N/A,Fictional concept,Atoms,
,1940,Asbestos Sunshade,The Achilles Heel,Raymond Z. Gallun,A means of shielding oneself from the sun's rays.,No,N/A,Sun protection,N/A,Fictional concept,Atoms,
,1940,Atomic Blast Weapon,The Achilles Heel,Raymond Z. Gallun,Reduces the target to atoms.,No,N/A,Disintegration ray,N/A,Fictional concept,Bits,
,1940,Escape Port,Hell Ship of Space,"Frederic Arnold Kummer, Jr.",Emergency egress from a space ship for one person.,No,N/A,Spacecraft design,N/A,Fictional concept,Atoms,
,1940,Solid Power,Revolt on the Tenth World,Edmond Hamilton,A concentrated form of easily accessed energy to supply any need.,No,N/A,Portable energy,N/A,Fictional concept,Atoms,
,1940,Conversion Gun,Hell Ship of Space,"Frederic Arnold Kummer, Jr.",The ray converts the heat in an object to light.,No,N/A,Fictional weapon,N/A,Fictional concept,Bits,
,1940,Neutronium Slippers,Revolt on the Tenth World,Edmond Hamilton,Special footgear to keep ones footing in lower gravities.,No,N/A,Fictional product,N/A,Fictional concept,Atoms,
,1940,Atom-Gun,Revolt on the Tenth World,Edmond Hamilton,A handheld device that sprays atomic fire.,No,N/A,Ray gun,N/A,Fictional concept,Atoms,
,1940,Robot Suicide,Adam Link's Vengeance,Eando Binder,"A robot decides to commit suicide, and sets up a mechanism to put his decision into effect.",No,N/A,AI,N/A,Fictional concept,Bits,
,1939,Space-Contraction Drive,After World's End,Jack Williamson,Slip through endless interstellar space by making the distance smaller.,No,N/A,FTL travel,N/A,Fictional concept,Bits,
,1939,Cosmic Storm,After World's End,Jack Williamson,A vast tempest in space!,No,N/A,Space phenomenon,N/A,Fictional concept,Bits,
,1939,Orbiting Casino Advertising Sign,One Against The Legion,Jack Williamson,The mightiest billboard in the Solar System!,No,N/A,Space advertising,N/A,Fictional concept,Bits,
,1939,Anti-Acceleration Engine For Space Suits,Black Destroyer,A.E. van Vogt,Counteracts the effects of high acceleration.,No,N/A,Fictional technology,N/A,Fictional concept,Bits,
,1939,Metalite,Black Destroyer,A.E. van Vogt,Strong metal you can see through.,No,N/A,Transparent alloy,N/A,Fictional concept,Atoms,
,1939,Space-Post,Episode On Dhee Minor,Harry Walton,A trading post in space.,No,N/A,Space commerce,N/A,Fictional concept,Atoms,
,1939,Manmade Black Hole,One Against The Legion,Jack Williamson,Using the power of a hole in the continuum.,No,N/A,Exotic technology,N/A,Fictional concept,Bits,
,1939,Vortex Gun,One Against The Legion,Jack Williamson,A device that projects whirling fields of atomic instability.,No,N/A,Fictional weapon,N/A,Fictional concept,Bits,
,1977,Odalarm,The Dosadi Experiment,Frank Herbert,An alarm clock that awakens the sleeper with a selected odor.,Yes,Engineers,Scent alarm clock,1970s,Wake up to smells instead of sound,Atoms,
,1939,Geofractor Shield,One Against The Legion,Jack Williamson,Protects the bearer against unwanted geofractor use.,No,N/A,Fictional technology,N/A,Fictional concept,Bits,
,1939,Floating Spherical Pool,One Against The Legion,Jack Williamson,Control of gravity permits mid-air pools of water.,No,N/A,Anti-gravity,N/A,Fictional concept,Bits,
,1939,Geofractor,One Against The Legion,Jack Williamson,Device provides instantaneous teleportation of selected objects over vast distances.,No,N/A,Teleporter,N/A,Fictional concept,Bits,
,1939,Pleasure Planet,After World's End,Jack Williamson,A vast world devoted to enjoyment.,No,N/A,Fictional world,N/A,Fictional concept,Atoms,
,1939,New Moon Casino Satellite,One Against The Legion,Jack Williamson,"An enormous artificial moon, it was far easier to get to than the Old Moon.",No,N/A,Space habitat,N/A,Fictional concept,Atoms,
,1939,Hall of Euthanasia,One Against The Legion,Jack Williamson,A place for (mostly) voluntary suicide.,No,N/A,Fictional place,N/A,Dystopian concept,Atoms,
,1939,Chart Cabinet,One Against The Legion,Jack Williamson,"Used in astrogation, this device can see the positions of stars and planets over a thousand year period.",No,N/A,Star chart,N/A,Fictional concept,Bits,
,1939,Spacecraft Invisibility Electronics,One Against The Legion,Jack Williamson,A means of rendering a spacecraft invisible to detection by electromagnetic means.,No,N/A,Cloaking device,N/A,Fictional concept,Bits,
,1939,Outbound Interplanetary Traffic,One Against The Legion,Jack Williamson,The rules of the spacelanes.,No,N/A,Space travel,N/A,Fictional concept,Bits,
,1939,Atomic Torch,One Against The Legion,Jack Williamson,An atomic-powered cutting and welding tool.,No,N/A,Fictional technology,N/A,Fictional concept,Atoms,
,1939,Geopeller,One Against The Legion,Jack Williamson,"An atomic powered, miniaturized means of propulsion.",No,N/A,Fictional propulsion,N/A,Fictional concept,Bits,
,1939,Visiwave,One Against The Legion,Jack Williamson,Even faster than ultrawave! a means of instantaneous communication over lightyear distances.,No,N/A,FTL communication,N/A,Fictional concept,Bits,
,1939,Asteroid Prison,One Against The Legion,Jack Williamson,A jail is the sole occupant of an asteroid.,No,N/A,Space infrastructure,N/A,Fictional concept,Atoms,
,1939,Electrical Valet,The Lord of Tranerica,Stanton A. Coblentz,"A robotic manservant, skilled in dressing its owner.",No,N/A,Domestic robot,N/A,Fictional concept,Atoms,
,1939,Meteoric Dust Cloud,Secret of the Buried City,John Russell Fearn,"A vast cloud in space, through which the solar system moved for a decade.",No,N/A,Fictional space phenomenon,N/A,Fictional concept,Atoms,
,1939,Spacedog,A Question of Salvage,Malcolm Jameson,Experienced hands on space ships.,No,N/A,Fictional slang,N/A,Fictional concept,Bits,
,1939,Extraecliptic Travel Lanes,A Question of Salvage,Malcolm Jameson,Organized interplanetary travel using routes not confined to the ecliptic.,No,N/A,Space routes,N/A,Fictional concept,Bits,
,1939,Inertia Screen,Space Rating,John Berryman,A device that canceled out the law of inertia to help decelerating space craft occupants.,No,N/A,Inertia dampening,N/A,Fictional concept,Bits,
,1939,Hand-Jetting,A Question of Salvage,Malcolm Jameson,Making use of hand-held rockets or other reaction devices to move through space.,No,N/A,Fictional technology,N/A,Fictional concept,Atoms,
,1939,Inertia Tank,Masson's Secret,Raymond Z. Gallun,A device that protected its delicate contents by cushioning.,No,N/A,Protective container,N/A,Fictional concept,Atoms,
,1939,Neuronic Receptor-Transmitter,Masson's Secret,Raymond Z. Gallun,"A device which, implanted in the brain, can both transmit sight and sound, and enable control of the body by a remote operator.",No,N/A,Neural interface,N/A,Fictional concept,Bits,
,1939,Neuronic Control Apparatus,Masson's Secret,Raymond Z. Gallun,"A device that communicated with a brain implant, granting both sight and control.",No,N/A,Neural interface,N/A,Fictional concept,Bits,
,1939,Space Marines,Misfit,Robert Heinlein,A space-based military force.,No,N/A,Fictional military,N/A,Fictional concept,Bits,
,1977,Briefcase Computer,Inherit the Stars,James P. Hogan,A portable computer workstation.,Yes,IBM,Portable computer,1975,Early laptop prototype,Bits,
,1939,Mechanical Judge,The Lord of Tranerica,Stanton A. Coblentz,A device that makes legal decisions.,No,N/A,AI judge,N/A,Fictional concept,Bits,
,1939,Chronovitameter,Lifeline,Robert Heinlein,Device that can determine a person's date of birth - and the date on which he or she will die.,No,N/A,Fictional device,N/A,Fictional concept,Bits,
,1939,Killer Robot,Rust,Joseph E. Kelleam,An autonomous robot made for the express purpose of killing living creatures.,No,N/A,Combat robot,N/A,Fictional concept,Atoms,
,1939,Durite,Misfit,Robert Heinlein,Super-strong material used to counter reaction-blasts.,No,N/A,Fictional material,N/A,Fictional concept,Atoms,
,1939,Move an Asteroid,Misfit,Robert Heinlein,Using practical techniques to change the orbit of an asteroid or small moon.,No,N/A,Asteroid mining,N/A,Fictional concept,Bits,
,1939,Synthite Food,Planet of Eternal Night,John W. Campbell,Compact food for space travelers.,No,N/A,Space food,N/A,Fictional concept,Atoms,
,1978,Structural Scanning,Assassin,James P. Hogan,"Essentially, a whole-object camera, that would take a detailed picture of the structure of an object.",Yes,Various,CT scanner,1972,3D X-ray,Atoms,
,1978,Deposition (3D Printing),Assassin,James P. Hogan,"A method for creating any object, molecule by molecule.",Yes,3D Systems,3D printing,1984,N/A,Atoms,
,1939,Thermalite,Planet of Eternal Night,John W. Campbell,A transparent material that allows almost no heat to escape.,No,N/A,Fictional material,N/A,Fictional concept,Atoms,
,1939,Inflatable Roofed Valley,Misfit,Robert Heinlein,"A habitat on an asteroid created by placing a tent-like roof over a natural valley or depression, and then inflating it.",No,N/A,Space habitat,N/A,Fictional concept,Atoms,
,1978,CORA - Coronary Alarm,The Fountains of Paradise,Arthur C. Clarke,An implanted (or worn) ECG monitor that warns the user of coronary events.,Yes,Various,Heart monitor,1960s,Wearable tech,Atoms,
,1978,Holopad,The Fountains of Paradise,Arthur C. Clarke,A small display like an iPad that shows 3D images.,Yes,Various,Holographic display,1990s,N/A,Atoms,
,1939,Smoke Filter,Misfit,Robert Heinlein,Allows grizzled spacemen to smoke in space ships.,No,N/A,Fictional technology,N/A,Fictional concept,Atoms,
,1978,Personal Interest Profile (PIP),The Fountains of Paradise,Arthur C. Clarke,A set of topics about which you would like to hear the latest news; known today as Google News Alerts.,Yes,Google,Google Alerts,2000s,Customized news,Bits,
,1939,Rocket Racing,Habit,Lester del Rey,Use of reaction mass vehicles for races held within the solar system.,No,N/A,Fictional sport,N/A,Fictional concept,Atoms,
,1939,Permalloy,Fugitives From Earth,Nelson S. Bond,Protects ships from the hazards of space.,No,N/A,Fictional material,N/A,Fictional concept,Atoms,
,1939,Shock Hammock,Habit,Lester del Rey,Special netting oriented for pilots in high gee spacecraft.,No,N/A,Fictional technology,N/A,Fictional concept,Atoms,
,1939,Portable Atomic Heater,Misfit,Robert Heinlein,Compact source of energy.,No,N/A,Fictional technology,N/A,Fictional concept,Atoms,
,1939,Transparent Car Roof,Sinister Barrier,Eric Frank Russell,You can see through the roof of the car.,No,N/A,Concept car,N/A,Fictional concept,Atoms,
,1979,Conductive Film,The Face,Jack Vance,A spray-on conductor capable of carrying a signal.,Yes,Various,Conductive ink,1990s,N/A,Atoms,
,1939,Identification Ring,Sinister Barrier,Eric Frank Russell,"An apparently ordinary ring, which minutely describes and identifies its wearer.",No,N/A,Identification technology,N/A,Fictional concept,Atoms,
,1939,Metal Desk Car,"Ben Gleed, King of Speed",Don Wilcox,A combination work desk and vehicle for librarians and researchers; part desk part carnival ride.,No,N/A,Fictional vehicle,N/A,Fictional concept,Atoms,
,1939,Movie Pill,"Ben Gleed, King of Speed",Don Wilcox,Gives you the experience of having seen a movie.,No,N/A,Fictional technology,N/A,Fictional concept,Bits,
,1939,Electric Brain Stimulator,"Ben Gleed, King of Speed",Don Wilcox,A device that coordinated the waves of the brain with an external device to improve performance.,No,N/A,Brain-computer interface,N/A,Fictional concept,Bits,
,1979,Electronic Book,The Hitchhiker's Guide to the Galaxy,Douglas Adams,An early reference and description of electronic book hardware and operation.,Yes,Various,eBook reader,1998,Kindle,Bits,
,1939,Acceleration Hammock,Pioneer - 1957,Henry Gade,Webbing used to cushion acceleration in spacecraft.,No,N/A,Fictional technology,N/A,Fictional concept,Atoms,
,1939,Ultra-Vibrator,Into Another Dimension,Maurice Duclos,Transports objects into another dimension through intense vibration.,No,N/A,Dimensional travel,N/A,Fictional concept,Bits,
,1939,Duplication Chamber,The 4-Sided Triangle,William F. Temple,A means of precisely duplicating an object.,No,N/A,Matter duplication,N/A,Fictional concept,Atoms,
,1939,Etheric Typhoon,A Question of Salvage,Malcolm Jameson,The idea that space itself can have disturbances.,No,N/A,Space storm,N/A,Fictional concept,Bits,
,1939,Telescribe,A Question of Salvage,Malcolm Jameson,Creates a written record of distress signals and other reports.,No,N/A,Transcription device,N/A,Fictional concept,Bits,
,1939,Automatic Delivery Library,The Lord of Tranerica,Stanton A. Coblentz,A library able to deliver any volume within a few moments.,No,N/A,Automated library,N/A,Fictional concept,Bits,
,1939,Force-Screen,The Dweller in Outer Darkness,"Frank Belknap Long, Jr.",A variation on the force shield idea.,No,N/A,Force field,N/A,Fictional concept,Bits,
,1939,Super-Weapon,Robot Nemesis,E.E. 'Doc' Smith,A generic term for an advanced destructive device or technology.,No,N/A,Fictional technology,N/A,Fictional concept,Bits,
,1939,Gravitic,A Question of Salvage,Malcolm Jameson,Relating to gravity.,No,N/A,Gravity,N/A,Scientific concept,Bits,
,1979,Towel,The Hitchhiker's Guide to the Galaxy,Douglas Adams,A simple scrap of cloth with surprisingly many uses.,Yes,N/A,N/A,N/A,N/A,Atoms,
,1939,Ultraset (Ultrawave Set),Habit,Lester del Rey,A device that used ultrawave faster-than-light (FTL) communication.,No,N/A,FTL communication,N/A,Fictional concept,Bits,
,1939,Barber Helmet,"Ben Gleed, King of Speed",Don Wilcox,Cuts your hair quickly and efficiently.,No,N/A,Automated haircutting,N/A,Fictional concept,Bits,
,1938,Vacuum-Cupped Sandals,Voyage 13,Ray Cummings,Used for walking in weightless environments.,No,N/A,Fictional product,N/A,Fictional concept,Atoms,
,1938,Banning Gun,Voyage 13,Ray Cummings,Shoots a pencil heat ray.,No,N/A,Ray gun,N/A,Fictional concept,Atoms,
,1979,Service Drones,The Two Faces of Tomorrow,James P. Hogan,Small flying construction and repair robots.,Yes,Various,Drones,2010s,N/A,Atoms,
,1938,Helen O'Loy,Helen O'Loy,Lester del Rey,A robot is enhanced to offer feelings and affection.,No,N/A,Humanoid robot,N/A,Fictional concept,Atoms,
,1938,Alcatraz of Space,Reunion on Ganymede,Clifford Simak,A planetoid prison.,No,N/A,Space infrastructure,N/A,Fictional concept,Atoms,
,1938,Emergency Air-Suit,Voyage 13,Ray Cummings,A light-duty space suit.,No,N/A,Fictional spacesuit,N/A,Fictional concept,Atoms,
,1938,Tractor Boots,Magician of Dream Valley,Raymond Z. Gallun,Space suit footgear that has atom-driven caterpillar treads.,No,N/A,Fictional product,N/A,Fictional concept,Atoms,
,1979,Gesture-Controlled Device,The Hitchhiker's Guide to the Galaxy,Douglas Adams,An electronic device that is controlled by hand gestures.,Yes,Various,Gesture control,2010s,N/A,Atoms,
,1979,Computer Generated DigItal Music,The Moon Goddess and the Son,Donald Kingsbury,A computer composes music with a few simple inputs from the user.,Yes,Various,Algorithmic music,1960s,Generative music,Bits,
,1938,Proxy Robot,Hotel Cosmos,Raymond Z. Gallun,"A remote-controlled floating telepresence robot, for use by aliens who cannot share an atmosphere.",No,N/A,Telepresence robot,N/A,Fictional concept,Atoms,
,1938,Multispecies Hotel,Hotel Cosmos,Raymond Z. Gallun,A hotel set up to serve beings from different planets.,No,N/A,Fictional business,N/A,Fictional concept,Atoms,
,1938,Basic Robot Personality,Simultaneous Worlds,Nat Schachner,Providing simple personalities to robots.,No,N/A,Robotics,N/A,Fictional concept,Bits,
,1938,Time Tunnel,Rule 18,Clifford Simak,A gateway into the past.,No,N/A,Time machine,N/A,Fictional concept,Atoms,
,1938,Teleoperated Robot Surrogate,The Robot and the Lady,Manly Wade Wellman,A robot that is entirely controlled remotely by a person who sees with the point of view of the robot.,No,N/A,Teleoperated robot,N/A,Fictional concept,Atoms,
,1938,Robot Cook,Helen O'Loy,Lester del Rey,A household robot that can cook meals.,No,N/A,Domestic robot,N/A,Fictional concept,Atoms,
,1980,Optic Prosthesis,Changeling,Roger Zelazny,A replacement for a damaged eye.,Yes,Researchers,Bionic eye,2010s,Retinal prosthesis to restore vision,Bits,
,1938,Cosmic Teletype,Cosmic Teletype,Carl Jacobi,A device that utilizes the fourth dimensional continuum to achieve communication at great distances.,No,N/A,FTL communication,N/A,Fictional concept,Bits,
,1938,Tiny Atomic-Power Drive Unit,The Brain Pirates,John W. Campbell,A very small power generator that is atomic powered.,No,N/A,Nuclear battery,N/A,Fictional concept,Atoms,
,1980,Solar-Powered UAV,Changeling,Roger Zelazny,An unmanned aerial vehicle that is entirely solar-powered.,Yes,AeroVironment,Solar-powered UAV,1990s,Such as the Pathfinder Plus,Atoms,
,1938,Atomic-Powered Lifting Suits,The Brain Pirates,John W. Campbell,Special exoskeletons that would allow an ordinary human being to walk in doubled gravity.,No,N/A,Fictional technology,N/A,Fictional concept,Atoms,
,1938,Atomic Explosive,Hotel Cosmos,Raymond Z. Gallun,"A handheld bomb that melted its way into an armored door, then detonated.",No,N/A,Fictional explosive,N/A,Fictional concept,Atoms,
,1938,Control Helmet,Easy Money,Edmond Hamilton,A device which causes an entire race of people to think and feel the same as the wearer.,No,N/A,Mind control,N/A,Fictional concept,Bits,
,1938,Lightweight Vacuum Armor,Hotel Cosmos,Raymond Z. Gallun,"A simplified space suit, used where conditions were similar to Earth rather than in the more rigorous conditions of space.",No,N/A,Fictional spacesuit,N/A,Fictional concept,Atoms,
,1938,Selective Television,The Challenge of Atlantis,Arthur J. Burks,A special kind of 'television' that let the user choose any scene around the world.,No,N/A,Interactive video,N/A,Fictional concept,Bits,
,1981,Data Space,True Names,Vernor Vinge,Computer storage and processor time rented by the user.,Yes,Tech companies,Cloud computing,2000s,On-demand compute resources,Bits,
,1981,Personality Simulator (Virtual Person),True Names,Vernor Vinge,A computer program that presents the appearance of being a person.,Yes,Researchers,Chatbot,1966,"ELIZA, early natural language AI",Bits,
,1938,Beam-Pistol,Murder in the Void,Edmond Hamilton,A handheld ray gun.,No,N/A,Ray gun,N/A,Fictional concept,Atoms,
,1981,Virtual world metaphor,True Names,Vernor Vinge,use of fanciful imagery to represent real-world data systems in a virtual world.,Yes,Tech companies,Virtual world,1970s,Early multi-user virtual environments,Bits,
,1938,Field-Projector,Easy Money,Edmond Hamilton,A device that dematerializes a person and then sends forth a ray that will then rematerialize a person at the end.,No,N/A,Teleporter,N/A,Fictional concept,Bits,
,1938,Rocketeering,Ra For The Rajah,John Victor Peterson,Racing around in rockets,No,N/A,N/A,N/A,N/A,Atoms,
,1938,Robot Emotions,Helen O'Loy,Lester del Rey,Devices or techniques that give rise to emotions in robots.,No,N/A,Robotics,N/A,Fictional concept,Bits,
,1981,Monitored In-Home Security Camera,Oath of Fealty,Jerry Pournelle (w/L. Niven,"Security cameras mounted inside your home that are monitored by a person outside your house, and not a member of your family.",Yes,Security companies,Home security cameras,1970s,Remote monitoring services,Bits,
,1981,Underground MagLev Train,Dream Park,Larry Niven (w/S. Barnes,Magnetic levitation train that travels through a tunnel; a vacuum reduces drag.,Yes,Transrapid,Maglev train,1980s,Commercial maglev trains,Atoms,
,1938,Transfer Refuge,Hotel Cosmos,Raymond Z. Gallun,"A portable environment chamber, able to support unique and different lifeforms.",No,N/A,Portable habitat,N/A,Fictional concept,Atoms,
,1938,Air-o-Stat,Satellite Five,Arthur K. Barnes,Provides life-giving air in spacecraft.,No,N/A,Spacecraft component,N/A,Fictional concept,Atoms,
,1938,Preserved Brains,Murder in the Void,Edmond Hamilton,"Preserving a brain, and then communicating with it.",No,N/A,Brain preservation,N/A,Fictional concept,Atoms,
,1981,International Fantasy Gaming Society (IFGS),Dream Park,Larry Niven (w/S. Barnes,A group dedicated to playing live action role-playing games.,Yes,IFGS,Live action roleplaying,1970s,Pioneered LARPs,N/A,
,1981,Robot Probes (Arr-twos),Oath of Fealty,Larry Niven (w/J. Pournelle,"Remote controlled robots that wander through a facility, bringing pictures and information to a central location.",Yes,iRobot,Roomba,2002,Autonomous vacuum cleaner,Atoms,
,1938,Helicoptomic,Ra For The Rajah,John Victor Peterson,A hovering craft used by referees in rocket polo.,No,N/A,Fictional vehicle,N/A,Fictional concept,Atoms,
,1938,Rocket-Polo,Ra For The Rajah,John Victor Peterson,Polo played with rocket-powered craft.,No,N/A,Fictional sport,N/A,Fictional concept,Bits,
,1981,Mattress Sleep Sensor,Dream Park,Larry Niven (w/S. Barnes,Sleep problems? Make sure you get your body out of bed each day.,Yes,Sleep companies,Sleep tracker,2000s,Monitors sleep cycles and patterns,Bits,
,1938,Gyrotomic,Ra For The Rajah,John Victor Peterson,A small gyrostabilized hovercraft.,No,N/A,Fictional vehicle,N/A,Fictional concept,Atoms,
,1938,Tetrahedron Interference Projector,The Great Illusion,Will Garth,"Projects a field of force around the Solar System, bending the light of stars to make them seem more distant.",No,N/A,Cloaking device,N/A,Fictional concept,Bits,
,1981,Mechanical Mole,Oath of Fealty,Jerry Pournelle (w/L. Niven,A self-contained device for digging large tunnels.,Yes,The Boring Co.,Tunnel boring machine,1970s,For underground transit tunnels,Atoms,
,1938,Hand-Rocket,Murder in the Void,Edmond Hamilton,A handheld device that used reaction matter to aid explorers in space suits to move around easily in zero gee.,No,N/A,Fictional device,N/A,Fictional concept,Atoms,
,1981,Briefcase Console,Oath of Fealty,Jerry Pournelle (w/L. Niven,A notebook computer,Yes,Osborne,Osborne 1,1981,Early portable computer,Bits,
,1938,Eros Ship-Planetoid,The Great Illusion,Will Garth,"A vast cylindrical ship, long thought to be a planetoid.",No,N/A,Generation ship,N/A,Fictional concept,Atoms,
,1938,Psychode,The Infinite Enemy,Jack Williamson,A device that enables communication by thought alone.,No,N/A,Telepathy,N/A,Fictional concept,Bits,
,1938,Liquid Metal,The Dual World,Arthur K. Barnes,Metal that can be sprayed on.,No,N/A,Fictional material,N/A,Fictional concept,Atoms,
,1982,Automated Travel Bureau,Friday,Robert Heinlein,"A computer program that allows individuals to book their travel arrangements themselves, with a credit card.",Yes,Various,Online travel booking,1990s,"Expedia, Priceline",Bits,
,1982,Micro Label,Blade Runner,Ridley Scott,A serial number or logo so small it can only be seen under extreme magnification.,Yes,Various,Microprinting,1980s,Anti-counterfeiting,Atoms,
,1938,Psychoprobe,Satellite Five,Arthur K. Barnes,Get to the truth.,No,N/A,Mind reading,N/A,Fictional concept,Bits,
,1938,Surface Car,Satellite Five,Arthur K. Barnes,A specialized vehicle for traveling on a planetary surface.,No,N/A,Ground vehicle,N/A,Fictional concept,Atoms,
,1938,Paralysis Ray,Satellite Five,Arthur K. Barnes,A special ray that produces paralysis.,No,N/A,Paralysis ray,N/A,Fictional concept,Bits,
,1938,Cube Being,The Infinite Enemy,Jack Williamson,A living being comprised of linked cubes.,No,N/A,Fictional lifeform,N/A,Fictional concept,Atoms,
,1938,Mass Detector (Gravitator),Roamer of the Stars,Clyde Wilson,"A device that finds substantial masses, particularly in the path of a space craft.",No,N/A,Gravity sensor,N/A,Fictional concept,Bits,
,1938,Brain-Case,Murder in the Void,Edmond Hamilton,"A device designed to transport a living human (or alien, if similar) brain.",No,N/A,Brain preservation,N/A,Fictional concept,Atoms,
,1982,Full-Motion Building Advertising Facade,Blade Runner,Ridley Scott,An advertising display that covers an entire skyscraper; it provides full-motion video to onlookers.,Yes,Various,Video billboards,1990s,Times Square,Bits,
,1938,Radium Salt,Murder in the Void,Edmond Hamilton,Radioactive materials used as an assassination weapon.,No,N/A,Fictional substance,N/A,Fictional concept,Atoms,
,1938,Interplanetary Passport,Murder in the Void,Edmond Hamilton,Required document for space travelers.,No,N/A,Space travel,N/A,Fictional concept,Bits,
,1982,Hunter Program,Mindkiller,Spider Robinson,Searching for occupied dwellings by monitoring electric power usage.,Yes,Various,Smart meters,1980s,Power monitoring,Bits,
,1982,Matrix,Burning Chrome,William Gibson,A shared virtual reality space; users project their consciousness into a representation of networked data.,Yes,Various,Virtual world,1990s,Second Life,Bits,
,1982,Virtual Reality (Virtual Matrix),The Judas Mandala,Damien Broderick,An early use of a term very similar to the idea of cyberspace.,Yes,Various,Virtual reality,1980s,Oculus Rift,Bits,
,1938,Sub-Etheric,Legion of Time,Jack Williamson,Below the level at which ordinary light is propagated.,No,N/A,Hyperspace,N/A,Fictional concept,Bits,
,1938,Space-Court,Murder in the Void,Edmond Hamilton,The place of judgement for crimes committed in interstellar space.,No,N/A,Space governance,N/A,Fictional concept,Bits,
,1938,Chronoscope,Legion of Time,Jack Williamson,A device used to see into specific internals of time.,No,N/A,Time viewer,N/A,Fictional concept,Bits,
,1982,Call Notification Unit,Eye of Cat,Roger Zelazny,A small portable device that let you know that you had a phone call at your home.,Yes,Various,Pager,1950s,N/A,Bits,
,1982,Cyberspace,Burning Chrome,William Gibson,A computer technology that allowed people to see a computer network as an internal experience.,Yes,Various,Virtual reality,1980s,N/A,Bits,
,1982,Esper Photo Analysis,Blade Runner,Ridley Scott,A device that can find remarkable levels of detail from a photograph.,Yes,Various,Image enhancement,1960s,N/A,Bits,
,1938,Buggaroo,The Secret of the Canali,Clifton B. Kruse,Martian creature for transportation.,No,N/A,Fictional lifeform,N/A,Fictional concept,Atoms,
,1938,Steel-Lined Space Boots,Roamer of the Stars,Clyde Wilson,"In combination with a magnetized floor, allows the user to walk in zero gravity.",No,N/A,Fictional product,N/A,Fictional concept,Atoms,
,1938,Coronium Ore,Roamer of the Stars,Clyde Wilson,A radiolite substance to revolutionize industry.,No,N/A,Fictional material,N/A,Fictional concept,Atoms,
,1938,Magnetic Flame Gun,Roamer of the Stars,Clyde Wilson,Device shoots charged positive nuclei.,No,N/A,Fictional weapon,N/A,Fictional concept,Atoms,
,1938,Reversal Coils,The Infinite Enemy,Jack Williamson,Provide both entry into a negative universe and propulsion.,No,N/A,Dimensional travel,N/A,Fictional concept,Bits,
,1983,Smartcab,Cyberpunk!,Bruce Bethke,"An automated taxicab, fully self-driving, that can be summoned from a portable device.",Yes,Various,Self-driving cars,2010s,"Uber, Waymo",Atoms,
,1938,Invisible Watchmen,Murder in the Void,Edmond Hamilton,Automated 'home security' sentry system that targets and eliminates intruders.,No,N/A,Home automation,N/A,Fictional concept,Bits,
,1938,Air-Blanket,Hollywood on the Moon,Henry Kuttner,A dome-less protective air shield.,No,N/A,Atmospheric bubble,N/A,Fictional concept,Atoms,
,1937,Etherometer,Spawn of the Red Giants,"Frank Belknap Long, Jr.",A device that looked at the 'ether' pervading space as a means of determining gravitation field strength.,No,N/A,Gravity sensor,N/A,Fictional concept,Bits,
,1983,Microterm,Cyberpunk!,Bruce Bethke,A very small computer system.,Yes,Various,Netbooks,2000s,N/A,Atoms,
,1937,Proton Pistol (Proton Beam),A Menace in Miniature,Raymond Z. Gallun,A device that unleashed a 'protonic storm' of energy.,No,N/A,Ray gun,N/A,Fictional concept,Bits,
,1937,Light Traps (Dyson Sphere),Star Maker,Olaf Stapledon,"Surrounding a sun, a set of devices to capture or focus solar power.",No,N/A,Dyson sphere,N/A,Fictional concept,Atoms,
,1937,Designed Bacteria,Seeds of the Dusk,Raymond Z. Gallun,"Very early reference to the idea of bacteria designed to wipe out a particular species, and no others.",No,N/A,Targeted microbes,N/A,Fictional concept,Atoms,
,1937,Spectroscopic Robot Converter,Diamond Planetoid,Gordon A. Giles,"Accepted the return of soft x-ray radiation, and translated it into Fraunhofer spectra.",No,N/A,Planetary analysis,N/A,Fictional concept,Bits,
,1937,Heat Generating Magnetic Disks,Spawn of the Red Giants,"Frank Belknap Long, Jr.",Devices used to artificially raise the temperature of the surface of moons to a reasonable level.,No,N/A,Climate engineering,N/A,Fictional concept,Bits,
,1937,Concentrated Light,The Shining One,Nat Schachner,Beam of powerfully concentrated light pressure.,No,N/A,Laser,N/A,Fictional concept,Bits,
,1983,Time Capsule,Millenium,John Varley,"A hollow block of metal, impervious to the elements, used by time travelers to send messages to the future.",Yes,N/A,N/A,N/A,N/A,Atoms,
,1937,Vibration Screen,The Shining One,Nat Schachner,Subtle rays prevent electronic surveillance.,No,N/A,Signal blocking,N/A,Fictional concept,Bits,
,1937,X Gun (X-Beam Projector),Diamond Planetoid,Gordon A. Giles,A device that projected soft x-rays into small planetoids to determine their composition.,No,N/A,Planetary analysis,N/A,Fictional concept,Bits,
,1937,Alien Life Form,The Hothouse Planet,Arthur K. Barnes,Living organisms of non-Earth origin.,No,N/A,Extraterrestrial life,N/A,Fictional concept,Atoms,
,1937,Gravity Neutralizing Disks,Fessenden's Worlds,Edmond Hamilton,Two plates between which Earth's gravitational influence is cancelled out.,No,N/A,Anti-gravity device,N/A,Fictional concept,Bits,
,1937,Automatic Reversed Memory,Brain Control,Dave Cummins,A device that activates memories and plays them back in reverse order.,No,N/A,Memory playback,N/A,Fictional concept,Bits,
,1937,Subphoton Search Ray,The Shining One,Nat Schachner,A special ray beam that penetrates into hidden bunkers; images are caught on special film cameras.,No,N/A,X-ray vision,N/A,Fictional concept,Bits,
,1937,Ultra-microrobot,A Menace in Miniature,Raymond Z. Gallun,A nanomachine; a machine whose parts are no bigger than atoms.,No,N/A,Nanotechnology,N/A,Fictional concept,Atoms,
,1937,Repulsor Screen,Crystalized Thought,Nat Schachner,Diverts troublesome asteroids.,No,N/A,Asteroid deflection,N/A,Fictional concept,Bits,
,1937,Plani-Glass,Crystalized Thought,Nat Schachner,Transparent and light and has the tensile strength of steel!,No,N/A,Transparent alloy,N/A,Fictional concept,Atoms,
,1937,Rocket Tug,Crystalized Thought,Nat Schachner,The equivalent of a tug boat for space ships.,No,N/A,Support spacecraft,N/A,Fictional concept,Atoms,
,1937,Miniature Universe,Fessenden's Worlds,Edmond Hamilton,A microcosmic universe created in the laboratory.,No,N/A,Artificial universe,N/A,Fictional concept,Atoms,
,1937,Nose Tubes,The Cavern of the Shining Pool,Leo Zagat,"Rocket blasts from the front of a ship, to brake it.",No,N/A,Spaceship design,N/A,Fictional concept,Atoms,
,1937,Poldek,The Saga of Pelican West,Eric Frank Russell,Ability to sense life.,No,N/A,Life sensing,N/A,Fictional concept,Bits,
,1937,Drop Shaft (Neutralization of Inertia),Galactic Patrol,E.E. 'Doc' Smith,"An 'elevator shaft' in which the user can fall at the speed of gravity, then be stopped without inertia (i.e., instantly).",No,N/A,Inertia neutralization,N/A,Fictional concept,Bits,
,1937,Ether Eddy,The Cavern of the Shining Pool,Leo Zagat,A shimmering region of space marking a break-through into another universe.,No,N/A,Dimensional portal,N/A,Fictional concept,Bits,
,1937,Gold-Fish-Bowl World,Star Maker,Olaf Stapledon,An artificial water planet.,No,N/A,Ocean habitat,N/A,Fictional concept,Atoms,
,1937,Near-Space Solar Energy Collectors,Star Maker,Olaf Stapledon,Generating power from solar radiation closer to the source.,No,N/A,Space-based solar,N/A,Fictional concept,Bits,
,1984,Vat Grown Meat,Neuromancer,William Gibson,"Meat tissue for consumption, grown apart from an animal.",Yes,Companies,Cultured meat,2020s,Lab-grown from cells,Atoms,
,1937,Artificial Planet,Star Maker,Olaf Stapledon,Constructed bodies the size of planets for habitation.,No,N/A,Artificial planet,N/A,Fictional concept,Atoms,
,1937,Blast Rifle,Exiles of the Stratosphere,"Frank Belknap Long, Jr.",A gun that creates a short-range energy blast.,No,N/A,Ray gun,N/A,Fictional concept,Bits,
,1937,Sub-Space,Crystallized Thought,Nat Schachner,"A dimension or a transmission medium other than our own, which allows faster-than-light communication or movement.",No,N/A,Hyperspace,N/A,Fictional concept,Bits,
,1937,Atomic Drill,Minus Planet,"John D. Clark, Ph.D","An atomic-powered auger, for use in drilling deep into planets and asteroids.",No,N/A,Nuclear-powered drill,N/A,Fictional concept,Atoms,
,1984,JAL Shuttle,Neuromancer,William Gibson,Shuttle capable of attaining low earth orbit.,Yes,Japan Air Lines,Spaceliner,1990s concept,Proposed suborbital spaceplane,Atoms,
,1984,ICE (intrusion countermeasures electronics),Neuromancer,William Gibson,Electronic protection for computer databases.,Yes,Cybersecurity,Firewall,1980s,Protects networks,Bits,
,1937,Mercy Gas,The Saga of Pelican West,Eric Frank Russell,Breathe it and die.,No,N/A,Chemical weapon,N/A,Fictional concept,Atoms,
,1936,Android,The Cometeers,Jack Williamson,A synthetic being having the form of a human being.,No,N/A,Humanoid robot,N/A,Fictional concept,Atoms,
,1936,Tubular Field of Force,The Cometeers,Jack Williamson,Can pull an object through space.,No,N/A,Tractor beam,N/A,Fictional concept,Bits,
,1936,Geodynes,The Cometeers,Jack Williamson,Spacecraft propulsion that pushes against the very fabric of space itself.,No,N/A,Spaceship propulsion,N/A,Fictional concept,Bits,
,1936,Planetary Engineering,The Cometeers,Jack Williamson,Remaking or modifying an entire planet.,No,N/A,Terraforming,N/A,Fictional concept,Atoms,
,1936,Probability Time Wave Tube,Elimination,John W. Campbell,A device that allows the user to see every possible event.,No,N/A,Prediction machine,N/A,Fictional concept,Bits,
,1936,Radiation Shield,The Ultimate Weapon,John W. Campbell,A clever use for the water you need to take anyway.,No,N/A,Spaceship shielding,N/A,Fictional concept,Atoms,
,1936,Violet-Gun (Ion Gun),The Brain Stealers of Mars,John W. Campbell,Ultra-violet fury!,No,N/A,Fictional weapon,N/A,Fictional concept,Atoms,
,1936,Emergency Repulsion Ray,Earth-Venus 12,Gabriel Wilson,A handheld means of propulsion in space.,No,N/A,Fictional device,N/A,Fictional concept,Bits,
,1984,Computer-Created Dub,Neuromancer,William Gibson,Music created by an artificially intelligent computer for a specific audience.,Yes,AI companies,AI-generated music,2010s,Using machine learning,Bits,
,1936,Foam Station Sprayer,Red Storm on Jupiter,"Frank Belknap Long, Jr.",A device that stills the stormy Great Red Spot on Jupiter.,No,N/A,Weather control,N/A,Fictional concept,Bits,
,1936,Time Loop,The Time Entity,Eando Binder,"A series of events repeats, the stream crosses over itself.",No,N/A,Time loop,N/A,Fictional concept,Bits,
,1984,Datacase,Heretics of Dune,Frank Herbert,"A portable suitcase, containing useful electronics for the mobile business-person.",Yes,Laptop brands,Laptop,1980s,Portable computing,Bits,
,1936,Nutrient Gelatin Tank,The Isotope Men,Nat Schachner,"Essential hardware for creating a new, improved humanity - isotope men!",No,N/A,Cloning technology,N/A,Fictional concept,Atoms,
,1984,Comeye,Heretics of Dune,Frank Herbert,"A portable video camera, used by the mobile functionary to keep in touch with office.",Yes,Sony,Camcorder,1983,Portable video camera,Bits,
,1936,Indoor Weighted Belt,Blood of the Moon,Ray Cummings,Device to stay grounded in low gravity on the Moon.,No,N/A,Low gravity simulation,N/A,Fictional concept,Atoms,
,1936,Volplane,Blood of the Moon,Ray Cummings,A small vehicle used in transporting people around the moon's surface.,No,N/A,Lunar rover,N/A,Fictional concept,Atoms,
,1936,Dimension Shifting Apparatus,Cosmic Quest,Edmond Hamilton,"Achieves faster than light space travel by moving into a different, parallel dimension.",No,N/A,FTL travel,N/A,Fictional concept,Bits,
,1936,Telespectroscope,Cosmic Quest,Edmond Hamilton,Device for searching for habitable (Earth-like) planets.,No,N/A,Advanced telescope,N/A,Fictional concept,Bits,
,1936,Lanson Screen,The Lanson Screen,Leo Zagat,An elliptical shield of force large enough to enclose a city.,No,N/A,Force field,N/A,Fictional concept,Bits,
,1936,Atom Compactor (Metal Earthworm),Death Dives Deep,Paul Ernst,A tunneling device.,No,N/A,Fictional device,N/A,Fictional concept,Atoms,
,1936,Luxobe Crystals,Moon Crystals,J. Harvey Haggard,They give light.,No,N/A,Fictional material,N/A,Fictional concept,Atoms,
,1936,Vitrisheen,Moon Crystals,J. Harvey Haggard,A translucent glass-like fashion choice.,No,N/A,Fictional material,N/A,Fictional concept,Atoms,
,1936,Automat,Mad Robot,Raymond Z. Gallun,"Unusual name for an intelligent robot; short for ""automaton""?",No,N/A,Robot,N/A,Fictional concept,Atoms,
,1936,Beckerley Electrical Field,Smothered Seas,R.M. Farley (w/SG Weinbaum,An energy field that can protect a city or large area.,No,N/A,Force field,N/A,Fictional concept,Bits,
,1936,Dark Vapor Bubble,Man-Jewels for Xothar,H.G. Wells,A kind of field that keeps an alien base provided with an atmosphere.,No,N/A,Atmospheric bubble,N/A,Fictional concept,Atoms,
,1936,Wire Gun,Shadow Gold,Ray Cummings,Shoots a length of constricting wire.,No,N/A,Fictional weapon,N/A,Fictional concept,Atoms,
,1936,Needle Beam Gat,Moon Crystals,J. Harvey Haggard,A thin disintegrator beam.,No,N/A,Ray gun,N/A,Fictional concept,Bits,
,1936,Sounding Projectile,Mad Robot,Raymond Z. Gallun,Provides a way to tell whether there’s a soldid surface on a cloudy planet.,No,N/A,Planetary analysis,N/A,Fictional concept,Atoms,
,1936,Electronized Gravity Plate,Blood of the Moon,Ray Cummings,Artificial gravity for use on space stations and spacecraft.,No,N/A,Artificial gravity,N/A,Fictional concept,Bits,
,1936,Protective Energy Halo,The Scarab,Raymond Z. Gallun,A device that cast a hemisphere of protective beams.,No,N/A,Force field,N/A,Fictional concept,Bits,
,1936,Molecule Replacement Lamp,Red Storm on Jupiter,"Frank Belknap Long, Jr.",A means of attaining practical invisibility.,No,N/A,Invisibility device,N/A,Fictional concept,Bits,
,1936,Radiation-Proof Oxygen Suit,Red Storm on Jupiter,"Frank Belknap Long, Jr.",A specialized space suit for use in radium mining on Jupiter.,No,N/A,Fictional spacesuit,N/A,Fictional concept,Atoms,
,1936,Teaching Machine,The Return of the Murians,Nat Schachner,A helmet placed on the head focuses illimitable knowledge into even the head of an earth man.,No,N/A,Knowledge transfer,N/A,Fictional concept,Bits,
,1936,Golden Ray of Synchronized Vibrations,The Return of the Murians,Nat Schachner,Disrupts matter by hurling electrons out of their energy states and scattering them.,No,N/A,Disintegration ray,N/A,Fictional concept,Bits,
,1936,Synthetic Intellect,Mad Robot,Raymond Z. Gallun,A device for providing a robot with intelligence.,No,N/A,AI,N/A,Fictional concept,Bits,
,1936,Multi-Generation Space Vessel (Generation Ship),The Return of the Murians,Nat Schachner,A space ship and voyage intended to last across multiple human generations.,No,N/A,Generational ship,N/A,Fictional concept,Atoms,
,1936,Jupiter Mining Shoes,Red Storm on Jupiter,"Frank Belknap Long, Jr.",Specialized footgear for walking on the Great Red Spot.,No,N/A,Fictional product,N/A,Fictional concept,Atoms,
,1936,Paralyzing Ray (Bolar Current),Blood of the Moon,Ray Cummings,A beam that forces a person to remain rooted to a particular spot.,No,N/A,Paralysis ray,N/A,Fictional concept,Bits,
,1936,Zed-Ray,Blood of the Moon,Ray Cummings,A penetrating beam that would disclose the details inside of a closed object.,No,N/A,X-ray vision,N/A,Fictional concept,Bits,
,1936,Robot With Human's Brain,Revenge of the Robot,Otis Adelbert Kline,A very early example of encasing a human brain in a robotic body.,No,N/A,Cyborg,N/A,Fictional concept,Atoms,
,1936,Husk of an Atom,The Roaring Blot,"Frank Belknap Long, Jr.",A negative universe substance.,No,N/A,Fictional material,N/A,Fictional concept,Atoms,
,1936,Emergency Repulsion (Repulsive Ray),Blood of the Moon,Ray Cummings,A beam of force that repels one object from another.,No,N/A,Tractor beam,N/A,Fictional concept,Bits,
,1936,Starways,Blood of the Moon,Ray Cummings,The well-traveled paths from star to star.,No,N/A,Space routes,N/A,Fictional concept,Bits,
,1936,Shoggoths,At the Mountains of Madness,H.P. Lovecraft,"Bioengineered creatures, able to change shape, created for labor.",No,N/A,Fictional lifeform,N/A,Fictional concept,Atoms,
,1935,Horsten Psychomat,The Worlds of If,Stanley G. Weinbaum,Re-creates a mental scene for the viewer.,No,N/A,Virtual reality,N/A,Fictional concept,Bits,
,1935,Floater (Vehicle),The Machine,John W. Campbell,A conveyance distinguished primarily by antigravity power.,No,N/A,Anti-gravity vehicle,N/A,Fictional concept,Atoms,
,1935,Micro-Telescope,The Cosmic Pantograph,Edmond Hamilton,An astronomical instrument for looking at objects in a miniature universe.,No,N/A,Miniaturized telescope,N/A,Fictional concept,Atoms,
,1984,Composite Expert System,Twenty Evocations,Bruce Sterling,Intelligent teaching software - a computer interface with a heart.,Yes,Researchers,Intelligent tutoring system,1970s,AI for education,Bits,
,1935,Micro-Cosmos (Microcosm),The Cosmic Pantograph,Edmond Hamilton,The universe in miniature.,No,N/A,Miniature universe,N/A,Fictional concept,Atoms,
,1935,New Suns From Old,The Cosmic Pantograph,Edmond Hamilton,Creating new stars by crashing together the cinders of dead stars.,No,N/A,Stellar engineering,N/A,Fictional concept,Bits,
,1985,Bat Wings,Limits,Larry Niven,"The dream of human-powered winged flight becomes a reality - in low gravity, of course.",Yes,Various,Wingsuit,1990s,Skydiving,Atoms,
,1935,Magno-Bars,The Meteor Miners,L.A. Eshbach,Electromagnet-tipped rods used by meteor miners to capture iron-rich asteroids in space.,No,N/A,Asteroid mining,N/A,Fictional concept,Atoms,Astroforge
,1935,Bloodhound Machine,Crimes of the Year 2000,Ray Cummings,Could positively identify a person using their scent alone.,No,N/A,Scent identification,N/A,Fictional concept,Atoms,
,1935,First Contact,Proxima Centauri,Murray Leinster,The initial encounter with a non-human race.,No,N/A,First contact,N/A,Fictional concept,Bits,
,1985,Video-Manicuring Program,Schismatrix,Bruce Sterling,Manipulates live video images in real time.,Yes,Adobe,After Effects,1993,Video editing,Bits,
,1985,Microwave Beamer,Limits,Larry Niven,A hand-held fast cooking device.,Yes,Various,Microwave oven,1947,N/A,Atoms,
,1935,Living Space Ship,Proxima Centauri,Murray Leinster,"A space ship made of a living substance, in this case cellulose.",No,N/A,Bioship,N/A,Fictional concept,Atoms,
,1935,Machine (Thinking Machine),The Machine,John W. Campbell,A very early reference to a thinking machine in charge of a planet.,No,N/A,AI governance,N/A,Fictional concept,Bits,
,1935,Air-Tight Cities,The Cosmic Pantograph,Edmond Hamilton,Cities with breathable air constructed on worlds with no atmosphere.,No,N/A,Space colonization,N/A,Fictional concept,Atoms,
,1935,Conscious Farm Machines,The Hidden Colony,Otfrid von Hanstein,Farm machinery that worked on their own.,No,N/A,Autonomous farm equipment,N/A,Fictional concept,Atoms,
,1935,Transkin,Parasite Planet,Stanley G. Weinbaum,A hooded protective suit worn on Venus.,No,N/A,Space suit,N/A,Fictional concept,Atoms,
,1935,Doughpot,Parasite Planet,Stanley G. Weinbaum,"A mass of white, dough-like protoplasm, ranging in size from a single cell to perhaps twenty tons of mushy filth.",No,N/A,Fictional lifeform,N/A,Fictional concept,Atoms,
,1985,Desk (Personal Computer),Ender's Game,Orson Scott Card,A computer for students.,Yes,Various,Personal computer,1970s,N/A,Atoms,
,1935,Mudshoes,Parasite Planet,Stanley G. Weinbaum,Footgear specialized for the semisolid soil of Venus,No,N/A,Fictional product,N/A,Fictional concept,Atoms,
,1985,Earmite,Freezone,John Shirley,A small speaker that you can put in your ear.,Yes,Various,Earbuds,1910s,N/A,Atoms,
,1935,Thermide,Parasite Planet,Stanley G. Weinbaum,"A chemical which, added to water, boiled and sterilized it instantly.",No,N/A,Fictional chemical,N/A,Fictional concept,Atoms,
,1935,Xixtline,Parasite Planet,Stanley G. Weinbaum,Venusian drug provides a rejuvenate effect.,No,N/A,Fictional drug,N/A,Fictional concept,Atoms,
,1935,Fruit-Picking Machine,The Hidden Colony,Otfrid von Hanstein,An humanoid machine for automatic fruit picking.,No,N/A,Robotics,N/A,Fictional concept,Atoms,
,1935,Emotion Meter,The Emotion Meter,"W. Varick Nevins, III",A device for empirically determining human emotion.,No,N/A,Emotion detection,N/A,Fictional concept,Bits,
,1935,Time Line,Liners of Time,John Russell Fearn,"Time seen linearly, as a distinguishable series of events.",No,N/A,Concept of time,N/A,Scientific concept,Bits,
,1935,Thermlectrium,Blindness,John W. Campbell,An alloy that turns heat directly into electricity.,No,N/A,Fictional material,N/A,Fictional concept,Atoms,
,1935,Meteor Swarm Mining,The Meteor Miners,L.A. Eshbach,A fleet of ships hunting for meteoric iron - in space!,No,N/A,Asteroid mining,N/A,Fictional concept,Atoms,Astroforge
,1935,Subjunctivisor,The Worlds of If,Stanley G. Weinbaum,"Projects a possible future, based on your own impressions.",No,N/A,Virtual reality,N/A,Fictional concept,Bits,
,1934,Levitators,Lost City of Mars,Harl Vincent,Allows free flight in the interior volume of a vast sphere in space.,No,N/A,N/A,N/A,Fictional concept,Atoms,
,1934,Darkness Bomb,The Mightiest Machine,John W. Campbell,A small bulb containing a vapor that causes darkness to occur.,No,N/A,N/A,N/A,Darkness weapon,Atoms,
,1934,Impermite,Redmask of the Outlands,Nat Schachner,A substance that is impervious to penetration.,No,N/A,N/A,N/A,Fictional material,Atoms,
,1934,Ether-Wall,Triplanetary,E.E. 'Doc' Smith,An invisibility field.,No,N/A,N/A,N/A,Invisibility field,Bits,
,1934,Baby Robot,Life Everlasting,David H. Keller,An infant robot.,No,N/A,N/A,N/A,Robotics,Atoms,
,1934,Extradimensional,Skylark of Valeron,E.E. 'Doc' Smith,From another dimension.,No,N/A,N/A,N/A,Parallel universe,Atoms,
,1934,Cone of Battle,Triplanetary,E.E. 'Doc' Smith,An offensive formation of space ships providing the ultimate in firepower.,No,N/A,N/A,N/A,Military strategy,N/A,
,1985,Skyball,A Day For Damnation,David Gerrold,Remote-controlled UAV.,Yes,Various,Drones,2010s,N/A,Atoms,
,1934,Artificial Planet,Triplanetary,E.E. 'Doc' Smith,A very large constructed object in space.,No,N/A,N/A,N/A,Space habitat,Atoms,
,1934,Lewiston,Triplanetary,E.E. 'Doc' Smith,Standard blaster pistol with terrifying power.,No,N/A,N/A,N/A,Ray gun,Atoms,
,1934,Invisibility Shield,Triplanetary,E.E. 'Doc' Smith,A means of concealing a physical object to the naked eye.,No,N/A,N/A,N/A,Invisibility field,Bits,
,1985,Adnix,Contact,Carl Sagan,A device that muted the television to lessen the impact of commercials.,Yes,Various,Commercial skipping,2000s,DVR,Bits,
,1934,Inertialess Drive,Triplanetary,E.E. 'Doc' Smith,Faster-than-light travel achieved!,No,N/A,N/A,N/A,FTL travel,Atoms,
,1985,Construction Robot,Runaway,Michael Crichton,Autonomous robots work on construction sites.,Yes,Various,Construction robotics,2010s,N/A,Atoms,
,1934,Healing Crystal,A Martian Odyssey,Stanley G. Weinbaum,"A small object that burns off diseased tissue, leaving healthy tissue unharmed.",No,N/A,N/A,N/A,Medical device,Atoms,
,1934,Glass Pistol,A Martian Odyssey,Stanley G. Weinbaum,A clear glass gun that fires poisoned splinters.,No,N/A,N/A,N/A,Fictional weapon,Atoms,
,1985,Home Robot,Runaway,Michael Crichton,A robotic device designed to serve families in their homes.,Yes,Various,Home robots,2010s,Roomba vacuum,Atoms,
,1934,Out-Worlder,A Matter of Size,Harry Bates,A person from another planet.,No,N/A,N/A,N/A,Alien,N/A,
,1985,Visor,Freezone,John Shirley,A snap-down video screen for your eyes only.,Yes,Various,AR glasses,2010s,N/A,Atoms,
,1934,Needle-Ray,Skylark of Valeron,E.E. 'Doc' Smith,Very thin beam of destruction.,No,N/A,N/A,N/A,Ray gun,Bits,
,1934,Electric-Space-Strain Projector,The Mightiest Machine,John W. Campbell,Device enables the wireless transmission of power.,No,N/A,N/A,N/A,Wireless power,Bits,
,1934,Robot-Control Wave Band,Rex,Harl Vincent,Special command circuit for robots.,No,N/A,N/A,N/A,Robot control,Bits,
,1985,Drone Floater Camera,Runaway,Michael Crichton,A one-foot square aerostat capable of hovering with a camera to transmit images back to a base station.,Yes,Various,Camera drones,2010s,N/A,Atoms,
,1985,Agricultural Robot Pest Controller,Runaway,Michael Crichton,An agricultural robot specifically designed to perform pest control activities.,Yes,Various,Agricultural robots,2010s,N/A,Atoms,
,1985,Police Sketch Artist Software,Runaway,Michael Crichton,A tablet-style computer with sketch pad software to help identify suspects.,Yes,Various,Facial recognition,1960s,N/A,Bits,
,1934,Moving a Planet,Triplanetary,E.E. 'Doc' Smith,Early use of the concept of moving a planet to a new sun.,No,N/A,N/A,N/A,Planetary engineering,Atoms,
,1934,Acceleration-tank,Triplanetary,E.E. 'Doc' Smith,A water-filled tank used to ease the strains of acceleration.,No,N/A,N/A,N/A,Spaceship design,Atoms,
,1934,Self-Aware Robot,Rex,Harl Vincent,A robot that thinks and reasons for itself.,No,N/A,N/A,N/A,AI,Bits,
,1934,Hypomatrin,The Confession of Dr. DeKalb,Stanton A. Coblentz,A spinal anesthetic that allows the reformation of personality.,No,N/A,N/A,N/A,Fictional drug,Atoms,
,1934,Air-Car,A Matter of Size,Harry Bates,A personal flying car,No,N/A,N/A,N/A,Flying car,Atoms,
,1934,Manual Search For Habitable Planet,Skylark of Valeron,E.E. 'Doc' Smith,A tedious search for habitable planets by hand.,No,N/A,Astronomy,N/A,Fictional concept,Bits,
,1934,Penetron,Redmask of the Outlands,Nat Schachner,A synthetic substance that is opaque unless penetrated by infra-red.,No,N/A,Fictional material,N/A,Fictional concept,Atoms,
,1934,Invisibility Magnets,Redmask of the Outlands,Nat Schachner,They can cloak a space ship by bending light around it.,No,N/A,Invisibility device,N/A,Fictional concept,Bits,
,1934,Wine Pellets,Redmask of the Outlands,Nat Schachner,"Fine wine in convenient, dried form.",No,N/A,Beverage technology,N/A,Fictional concept,Atoms,
,1986,Blaupunkt Holostage,Snake-Eyes,Tom Maddox,A three-dimensional tabletop display.,Yes,Various,Holographic display,1990s,N/A,Bits,
,1986,Polycarbon Phone Screen,Count Zero,William Gibson,A telephone that provides videophone capability using a very thin screen that is folded away when not in use.,Yes,Various,Foldable smartphones,2010s,N/A,Atoms,
,1934,Robots Refuse To Serve Man,The Mentanicals,Francis Flagg,"When robots evolve their own perspectives, and ultimately refuse to act as servants to human beings.",No,N/A,Robot revolution,N/A,Fictional concept,Bits,
,1934,Standish,Triplanetary,E.E. 'Doc' Smith,A beam weapon of frightful intensity.,No,N/A,Ray gun,N/A,Fictional concept,Bits,
,1986,Robot Gun,Aliens,Alan Dean Foster,An automated gun; typically used for sentry duty.,Yes,Various,Sentry gun,1950s,N/A,Atoms,
,1934,General Strike of the Robots,Rex,Harl Vincent,"All over the world, robots cease their labors.",No,N/A,Robot revolution,N/A,Fictional concept,Bits,
,1934,Beam Car,Lost City of Mars,Harl Vincent,"A vehicle like an elevator car, but which travels on a radio and magnetic beam, from the surface of a planet up to a satellite.",No,N/A,Public transit,N/A,Fictional concept,Atoms,
,1934,Solar Engine,A Matter of Size,Harry Bates,A space ship that gets it motive power from the rays of the sun.,No,N/A,Solar sail,N/A,Fictional concept,Bits,
,1934,Positron Beam,The Great Thirst,Nat Schachner,"Vast numbers of positrons, the antimatter counterpart of the electron, are beamed around the Earth.",No,N/A,Fictional weapon,N/A,Fictional concept,Bits,
,1934,Electron Gun,The Great Thirst,Nat Schachner,How to add a lot of electrons to a lot of positrons?,No,N/A,Fictional device,N/A,Fictional concept,Atoms,
,1934,Spy Ray Goggles,Triplanetary,E.E. 'Doc' Smith,A form of radiation that can penetrate walls to allow the user to 'see' what is happening on the other side.,No,N/A,X-ray vision,N/A,Fictional concept,Bits,
,1987,Smart Lanes,Nanotime,Bart Kosko,"Roadways that monitored, directed and controlled traffic.",Yes,Various,Smart highways,2000s,N/A,Atoms,
,1934,Deep-Space,Triplanetary,E.E. 'Doc' Smith,Typically refers to the vast empty regions of interstellar space.,No,N/A,Space,N/A,Scientific concept,Bits,
,1934,Planetary Propulsion-Blasts,Thundering Worlds,Edmond Hamilton,Devices capable of moving and steering planets to new orbits or new stars.,No,N/A,Planetary engineering,N/A,Fictional concept,Bits,
,1934,Wrist Search Display,A Matter of Size,Harry Bates,A wearable device that uses its own search beam to view scenes close by.,No,N/A,Augmented reality,N/A,Fictional concept,Bits,
,1934,Silica Sphere (Dyson sphere),Lost City of Mars,Harl Vincent,"An enclosed environment, excavated on Mars, and then placed into the heavens (it's Phobos)",No,N/A,Space habitat,N/A,Fictional concept,Atoms,
,1987,Webcast,Armageddon Blues,D.K. Moran,A broadcast accomplished over a data network.,Yes,Various,Webcasting,1995,N/A,Bits,
,1934,Electro-Telescope,The Mines of Haldar,Maurice G. Hugi,"A device that could clearly image space battles and space ships, even from a great distance.",No,N/A,Advanced telescope,N/A,Fictional concept,Bits,
,1987,Raisin,Nanotime,Bart Kosko,A small device like a hearing aid that fits inside the external part of the ear; combines an intelligent agent and wireless access to the network.,Yes,Various,Hearables,2010s,N/A,Atoms,
,1934,Homorium,The Last Men,"Frank Belknap Long, Jr.",A kind of nursery that could bring a human being to maturity in a single year.,No,N/A,Accelerated growth,N/A,Fictional concept,Atoms,
,1934,Liquid Mirror Telescope on Mars,Old Faithful,Raymond Z. Gallun,A large telescope using a spinning bowl of mercury as the mirror.,No,N/A,Liquid mirror telescope,N/A,Fictional concept,Atoms,
,1934,Laws Against Human Drivers,Photo Control,Bernard Brown,"The idea that autonomous vehicles should be the only cars on the road, for safety.",No,N/A,Self-driving cars,N/A,Fictional concept,Bits,
,1934,Evacuating Arms,Space Flotsam,Raymond Z. Gallun,Empty out the contents of an airlock exposed to space.,No,N/A,Airlock design,N/A,Fictional concept,Atoms,
,1934,Living Machines,The Mentanicals,Francis Flagg,Robots that are able to learn.,No,N/A,AI,N/A,Fictional concept,Bits,
,1934,Mentanical Communication,The Mentanicals,Francis Flagg,"Thinking, learning robots have a special means of communication.",No,N/A,Robot communication,N/A,Fictional concept,Bits,
,1934,Mentanicals,The Mentanicals,Francis Flagg,"Robots capable of mentation - i.e., thought.",No,N/A,AI,N/A,Fictional concept,Bits,
,1988,Automated Space Factories,Mona Lisa Overdrive,William Gibson,Manufacturing based in space.,Yes,Varda,N/A,N/A,N/A,Atoms,Varda
,1934,Ultrawave,Triplanetary,E.E. 'Doc' Smith,A means of faster-than-light (FTL) communication.,No,N/A,FTL communication,N/A,Fictional concept,Bits,
,1934,Bergenholm Drive,Triplanetary,E.E. 'Doc' Smith,A device that renders a spaceship free of inertia.,No,N/A,FTL travel,N/A,Fictional concept,Bits,
,1934,Aliens Speak English,The Mines of Haldar,Maurice G. Hugi,"The skeleton men of Mercury speak English, but have a good reason for it.",No,N/A,Alien language,N/A,Fictional concept,Bits,
,1988,Microfarm,Prelude to Foundation,Isaac Asimov,Food creation without soil.,Yes,Various,Vertical farming,2010s,N/A,Atoms,
,1934,Space Warp,Redmask of the Outlands,Nat Schachner,The very fabric of space-time.,No,N/A,Space-time,N/A,Scientific concept,Bits,
,1988,Air-Taxi,Prelude to Foundation,Isaac Asimov,A flying taxicab with autonomous features.,Yes,Various,Flying taxi,2020s,Uber Elevate,Atoms,
,1988,Book-Film,Prelude to Foundation,Isaac Asimov,A storage medium for books.,Yes,Various,E-reader,1998,Kindle,Bits,
,1934,Protective Shield,Triplanetary,E.E. 'Doc' Smith,An energy shield for one person.,No,N/A,Force field,N/A,Fictional concept,Bits,
,1988,SIN (Single Identification Number),Mona Lisa Overdrive,William Gibson,,Yes,Worldcoin,N/A,2023,N/A,Bits,
,1988,Projection Rig,Mona Lisa Overdrive,William Gibson,A portable holographic projector.,Yes,Various,Holographic projector,1990s,N/A,Atoms,
,1934,Synthetic Food Dispenser,Twilight,John W. Campbell,A machine that could make whatever food you wanted from basic elements.,No,N/A,Food synthesizer,N/A,Fictional concept,Atoms,
,1934,Machine City,Twilight,John W. Campbell,A city that is a self-maintaining whole entity.,No,N/A,Urban design,N/A,Fictional concept,Atoms,
,1988,Data Haven,Islands in the Net,Bruce Sterling,A place where data that cannot legally be kept can be stashed for later use; an offshore web host.,Yes,Various,Offshore hosting,1990s,N/A,Bits,
,1934,Robot-Surgeon,Rex,Harl Vincent,A perfect robot for perfected human beings.,No,N/A,Medical robotics,N/A,Fictional concept,Atoms,
,1988,Hovercraft,Mona Lisa Overdrive,William Gibson,A vehicle that moves about on a cushion of air.,Yes,Various,Hovercraft,1950s,N/A,Atoms,
,1933,Seleno-Cosmo-Tel,A Race Through Time,Donald Wandrei,Device to automatically avoid asteroids or other bodies.,No,N/A,N/A,N/A,Fictional concept,Bits,
,1988,Polycarbon Exo,Mona Lisa Overdrive,William Gibson,"Exoskeleton made of a strong, lightweight material.",Yes,Various,Exoskeleton,1960s,N/A,Atoms,
,1988,Sculpted Teeth,Mona Lisa Overdrive,William Gibson,Go beyond teeth whitening to shaped teeth - for a more modern smile.,Yes,Various,Cosmetic dentistry,1900s,N/A,Atoms,
,1933,Vibratium Wall Time Machine,Ancestral Voices,Nat Schachner,An element that is unstable in time makes time travel possible and enables the Grandfather Paradox.,No,N/A,N/A,N/A,Time machine,Atoms,
,1933,Ether Boat,Murder on the Asteroid,Eando Binder,A space craft.,No,N/A,N/A,N/A,Spaceship,Atoms,
,1933,Anadrenalin,A Race Through Time,Donald Wandrei,Has the opposite effect of adrenalin.,No,N/A,N/A,N/A,Fictional drug,Atoms,
,1988,Bank Chip,Mona Lisa Overdrive,William Gibson,"A ""smart"" credit card.",Yes,Various,Smart card,1970s,N/A,Bits,
,1933,Human Serial Number,Unto Us A Child Is Born,David H. Keller,A unique number tattooed on body of a person.,No,N/A,N/A,N/A,Dystopian concept,N/A,
,1933,Asteroid Rocket,Salvage in Space,Jack Williamson,An engine attached to an asteroid to drive it through space.,No,N/A,N/A,N/A,Asteroid propulsion,Atoms,
,1933,Transfer Cable,Dead Star Station,Jack Williamson,Move between two ships in space.,No,N/A,N/A,N/A,Spacecraft docking,Atoms,
,1933,Lunar Tunnel (Human Pendulum),Captive of the Crater,D.D. Sharp,"A tunnel through the center of the moon, and the man who fell through it.",No,N/A,N/A,N/A,Lunar infrastructure,Atoms,
,1988,Digital Running Shoes,Islands in the Net,Bruce Sterling,Shoes with a digital readout showing performance.,Yes,Nike,Nike+,2006,N/A,Atoms,
,1988,People-Mover,Wetware,Rudy Rucker,"A fixed mode of transporting people outside; and, they get to sit down.",Yes,Various,Moving walkway,1950s,N/A,Atoms,
,1988,Vizzyprint,Wetware,Rudy Rucker,A printer attached to a video phone.,Yes,Various,Printers,1970s,N/A,Atoms,
,1933,Conscious Retarded Animation,A Race Through Time,Donald Wandrei,"A kind of hibernation, but leaves the user fully conscious, but aging at an incredibly slow rate.",No,N/A,N/A,N/A,Suspended animation,Atoms,
,1933,Space Tug,Murder on the Asteroid,Eando Binder,A small vessel used to maneuver other ships.,No,N/A,N/A,N/A,Support spacecraft,Atoms,
,1933,Crystal Cylinder Ship,The Three Suns of Ev,Edwin K. Sloat,A transparent space ship in the shape of a cylinder.,No,N/A,N/A,N/A,Spaceship design,Atoms,
,1933,Drink the Fungi,The Three Suns of Ev,Edwin K. Sloat,A method of suicide or criminal punishment involving ingestion of spores.,No,N/A,N/A,N/A,Execution method,Atoms,
,1988,Dornier,Mona Lisa Overdrive,William Gibson,A small surveillance drone capable of hovering in midair.,Yes,Various,Quadcopter,2010s,N/A,Atoms,
,1988,House Voice,Mona Lisa Overdrive,William Gibson,A house-based system that mediates technologies (like phone) with a verbal interface directed to the inhabitants of the house.,Yes,Various,Smart speakers,2010s,"Alexa, Google Home",Bits,
,1988,Watchphone,Islands in the Net,Bruce Sterling,A combination cell phone and wrist watch.,Yes,Various,Smartwatch,2014,Apple Watch,Atoms,
,1988,Videoshades,Islands in the Net,Bruce Sterling,Sunglasses that let you watch what you want.,Yes,Various,AR glasses,2010s,N/A,Atoms,
,1988,Didge-Ital,Islands in the Net,Bruce Sterling,Digital music.,Yes,Various,Digital music,1980s,MP3s,Bits,
,1933,Historical Listening Machine,The Machine That Knew Too Much,A.T. Locke,Device can hear sounds from down through the ages.,No,N/A,N/A,N/A,Historical audio,Bits,
,1988,Inert Resin,Islands in the Net,Bruce Sterling,A special coating that eliminates maintenance on marine structures.,Yes,Various,Anti-fouling paint,1960s,N/A,Atoms,
,1988,Print-Book,Prelude to Foundation,Isaac Asimov,You’ve seen them.,Yes,N/A,N/A,N/A,N/A,Atoms,
,1988,Video-Glasses,Islands in the Net,Bruce Sterling,Special light-gathering elements allowed the end user to see omni-directionally.,Yes,Various,VR goggles,1990s,N/A,Atoms,
,1933,Landing on an Asteroid,Murder on the Asteroid,Eando Binder,An elaborate flight plan for landing a space ship on an asteroid.,No,N/A,N/A,N/A,Asteroid landing,Atoms,
,1988,Powered Print-Book,Prelude to Foundation,Isaac Asimov,"Part computer, part book.",Yes,Various,E-reader,1998,Kindle,Bits,
,1933,Gateway,Wanderer of Infinity,Harl Vincent,A device that opens a portal to another dimension.,No,N/A,N/A,N/A,Dimensional portal,Bits,
,1989,Flat Photo,Hyperion,Dan Simmons,A two-dimensional pictorial representation of a three-dimensional real space. A picture.,Yes,Photography,Photograph,1820s,Capturing light on paper,Atoms,
,1933,Spaceways,Shambleau,C.L. Moore,A set route though space.,No,N/A,N/A,N/A,Space routes,Bits,
,1933,Granton Motor,Into the Meteorite Orbit,Frank K. Kelly,Spacecraft propulsion system based on gravital radiation.,No,N/A,N/A,N/A,Spaceship propulsion,Atoms,
,1989,Datasphere,Hyperion,Dan Simmons,"The entirety of computers and their information linked together, typically on a planet, in concept.",Yes,Tech industry,Internet,1960s,Global network of networks,Bits,
,1933,Vibra-Transmitter (Teleportation),Into the Meteorite Orbit,Frank K. Kelly,An early use of the notion of matter transmission.,No,N/A,N/A,N/A,Teleporter,Atoms,
,1933,Tubular Space-Gangway,The Star-Roamers,Edmond Hamilton,A means of traversing the short distance between two ships in space.,No,N/A,N/A,N/A,Spacecraft docking,Atoms,
,1989,Worldweb All Thing,Hyperion,Dan Simmons,Network connects billions of people in real time.,Yes,Tech industry,Social media,2000s,Global platforms like Facebook,Bits,
,1989,Internet Addiction,Hyperion,Dan Simmons,A state in which human beings experience addiction to computer access and data streams.,Yes,Psychology,Internet addiction,1990s,Problematic overuse of the internet,N/A,
,1933,Meteor Miner,Salvage in Space,Jack Williamson,"Someone who roams the solar system, hunting for metal in meteors.",No,N/A,N/A,N/A,Asteroid mining,Atoms,Astroforge
,1989,Credit Wake,Hyperion,Dan Simmons,The electronic trail of our transactions across the Net.,Yes,Finance,Credit history,1950s,Record of credit use,Bits,
,1933,Magnetic Anchor,Dead Star Station,Jack Williamson,A means of affixing an anchor point on a spacecraft hull.,No,N/A,N/A,N/A,Spacecraft design,Atoms,
,1933,Helix Gun,Salvage in Space,Jack Williamson,A device for capturing ferrous meteors.,No,N/A,N/A,N/A,Asteroid capture,Atoms,
,1933,Flip to Brake,Murder on the Asteroid,Eando Binder,Maneuver to put the tail end (with rocket output) in the forward direction of travel to use for lowering velocity.,No,N/A,N/A,N/A,Spaceship maneuver,Atoms,
,1933,Space-Sailor,The Star-Roamers,Edmond Hamilton,A spaceman; someone who makes his living by voyaging in space.,No,N/A,N/A,N/A,Space traveler,Atoms,
,1933,Etheric Propulsion-Vibrations,The Star-Roamers,Edmond Hamilton,Faster-than-light travel.,No,N/A,N/A,N/A,FTL travel,Atoms,
,1989,Voxbox,Tekwar,William Shatner,An intelligent home agent.,Yes,Tech industry,Smart speaker,2010s,Voice assistants like Alexa,Bits,
,1933,Iron Man Robot With Human Brain,Iron Man,Paul Ernst,A huge robot with a tub containing a human brain.,No,N/A,N/A,N/A,Cyborg,Atoms,
,1933,Checker-City,The Star-Roamers,Edmond Hamilton,A city planned as a checker-board of alternating vegetation and buildings.,No,N/A,N/A,N/A,Urban planning,Atoms,
,1933,Corporol,A Race Through Time,Donald Wandrei,Preserves and maintains the body.,No,N/A,N/A,N/A,Longevity drug,Atoms,
,1933,Cosmo-Craft,A Race Through Time,Donald Wandrei,A spacecraft for traveling through time and space.,No,N/A,N/A,N/A,Time machine,Atoms,
,1989,Wrist Command,Tides of Light,Gregory Benford,A wearable communications device; the logical endpoint of mobile computing.,Yes,Tech industry,Smartwatch,2010s,Wearable computers on the wrist,Bits,
,1989,Schrön Loop,Hyperion,Dan Simmons,Small data storage device; a USB chip that stores terabytes.,Yes,Tech industry,USB flash drive,2000s,Portable data storage device,Bits,
,1990,Personal Cache,Earth,David Brin,An online data repository used to store personal data.,Yes,Tech industry,Personal cloud storage,2000s,Like Dropbox or Google Drive,Bits,
,1933,Belt Automatic-Equalizers,The Star-Roamers,Edmond Hamilton,The wearer's experience of gravity will be just like Earth's.,No,N/A,N/A,N/A,Artificial gravity,Atoms,
,1932,Sunward,The Space Rover,Edwin K. Sloat,The direction leading toward the center of the solar system.,No,-,-,-,Conceptual idea,Atoms,
,1932,Daisy Projector,The Derelicts of Ganymede,John W. Campbell,Beam of energy penetrates the Heaviside layer to enable communication from planet to planet.,No,-,-,-,Fictional concept,Atoms,
,1932,Ether-Traffic,The Duel on the Asteroid,P. Schuyler Miller (w/D. McDermott,The communications spectrum of the solar system.,No,-,-,-,Conceptual idea,Bits,
,1932,Bone-Building Compounds,A Conquest of Two Worlds,Edmond Hamilton,Combat heavy gravity on other planets by building greater bone density in workers and colonists.,No,-,-,-,Fictional concept,Atoms,
,1990,Citizen Journalism,Earth,David Brin,The notion that ordinary people can make use of technological tools like cellphone cameras and the Internet to provide information.,Yes,Public,Citizen journalism,1990s,Grassroots reporting,Bits,
,1990,Autosecretary (Autosec),Earth,David Brin,A software agent able to accept your query and then seach the public net for related information.,Yes,Tech industry,Virtual assistant,2010s,AI helpers like Siri,Bits,
,1990,Vivisector,Earth,David Brin,"A program that takes another computer program apart, while it's running, to see what it does.",Yes,Tech industry,Debugger,1940s,Inspect program execution,Bits,
,1932,Earth Normal,The Pygmy Planet,Jack Williamson,Using the earth standard.,No,-,-,-,Measurement standard,Atoms,
,1990,Garbage Mine,Earth,David Brin,The idea that recycling can spawn entirely new industries.,Yes,Industry,Recycling,1960s,Repurposing waste materials,Atoms,
,1932,Government Machine,Mechanocracy,Miles J. Breuer,"The automata that constitute the entire government, all in one building.",No,-,-,-,Fictional concept,Atoms,
,1990,Oxygen Hip Flask,Earth,David Brin,"A small, portable source of pure oxygen for breathing.",Yes,Industry,Oxygen canister,1900s,Portable supplemental O2,Atoms,
,1990,Filter Program,Earth,David Brin,Using programs to filter Internet results; a person need see only what they want to see.,Yes,Tech industry,Internet filters,1990s,Block unwanted content,Bits,
,1990,E-Document Distribution,Earth,David Brin,A method of wirelessly distributing a document to a large group of people in an ad hoc setting.,Yes,Tech industry,Wireless sharing,2000s,Like Apple AirDrop,Bits,
,1932,Water Pool Cushions Acceleration,The Derelicts of Ganymede,John W. Campbell,The use of water to cushion and protect against extreme ship accelerations.,No,-,-,-,Fictional concept,Atoms,
,1932,Atomic Pistol,Mutiny on Mercury,Clifford Simak,Reduces the target to atomic dust.,No,-,-,-,Fictional concept,Atoms,
,1932,Ship's Magnetic Plates (Magnetic Mooring),Asteroid of Gold,Clifford Simak,Keeps a mining ship attached to the surface of an asteroid.,No,-,-,-,Fictional concept,Atoms,
,1932,Asteroid Mining (Blasting),Asteroid of Gold,Clifford Simak,Setting charges on an asteroid.,No,-,-,-,Fictional concept,Atoms,Astroforge
,1990,Bee Zapper,Earth,David Brin,A laser-based insect remover.,Yes,Consumer goods,Bug zapper,1960s,Electric insect control,Atoms,
,1990,Portable Ident-Plate,Earth,David Brin,"A small, thin device that will capture biometric data from a person's finger.",Yes,Tech industry,Fingerprint scanner,1960s,Biometric identification,Bits,
,1932,Negative Gravity Field,50th Century Revolt,A.G. Stangland,Antigravity effect produced for space ship propulsion.,No,-,-,-,Fictional concept,Atoms,
,1932,Electro-Magnet Anchor,The Space Rover,Edwin K. Sloat,Attach a line to a spacecraft hull.,No,-,-,-,Fictional concept,Atoms,
,1990,Home Manager,Queen of Angels,Greg Bear,A device that responds to verbal or other commands; serves as an intelligent telephone answering machine and other tasks.,Yes,Tech industry,Smart home hub,2010s,Home automation systems,Bits,
,1932,Battle Sphere,The Space Rover,Edwin K. Sloat,An armored space ship using the simplest geometric shape.,No,-,-,-,Fictional concept,Atoms,
,1932,Space-Armor,Revolt of the Star Men,Raymond Z. Gallun,Special shielding worn against rays and explosives.,No,-,-,-,Fictional concept,Atoms,
,1932,Magnet Grapnel,The Space Rover,Edwin K. Sloat,Used to pull another vessel closer when boarding in space.,No,N/A,N/A,N/A,Fictional concept,Atoms,
,1932,Rotating Hollow Planetoid Habitat,Electronic Siege,John W. Campbell,"An asteroid (or planetoid) hollowed out, spun for artificial gravity, used as a habitat.",No,N/A,N/A,N/A,Space habitat,Atoms,
,1990,Tracking Bracelet,Shadowspeer,Patricia Jo Clayton,A security device armed with explosives.,Yes,Criminal justice,Ankle monitor,1980s,Tracks location of person,Bits,
,1932,Scent-Organ,Brave New World,Aldous Huxley,A device that output specified odors.,No,N/A,N/A,N/A,Fictional concept,Atoms,
,1932,Laboratory Planet,The Pygmy Planet,Jack Williamson,A toy planet created in a laboratory; a fully functional world in miniature.,No,N/A,N/A,N/A,Planet simulation,Atoms,
,1932,Violet Shrink Ray,The Pygmy Planet,Jack Williamson,A miniaturization ray.,No,N/A,N/A,N/A,Shrink ray,Bits,
,1932,Negrian Death Ray,Invaders From The Infinite,John W. Campbell,A ray that causes the cessation of life processes.,No,N/A,N/A,N/A,Death ray,Bits,
,1932,Quartzite Leak Foil,The Great Dome of Mercury,Leo Zagat,Special material for space dome leaks.,No,N/A,N/A,N/A,Constructing space habitats,Atoms,
,1932,Time-Space Television,Water-Bound World,Harl Vincent,A device for seeing into the past.,No,N/A,N/A,N/A,Time viewer,Bits,
,1990,Reading Plaque,Earth,David Brin,A tablet-sized display for reading.,Yes,Tech industry,eReader,1990s,Early electronic book devices,Bits,
,1990,Lawyer Program,Earth,David Brin,Software that could listen to legal argument.,Yes,Legal tech,AI lawyer,2010s,Chatbots for legal guidance,Bits,
,1932,Surta,The Great Dome of Mercury,Leo Zagat,A base material for synthetic food.,No,N/A,N/A,N/A,Food synthesis,Atoms,
,1990,Predictions Registry,Earth,David Brin,An organization that keeps track of predictions made by individuals.,Yes,Tech,Prediction Markets,2010s,Fictional concept in the novel,Bits,
,1932,Gravity Beam,"Wandl, The Invader",Ray Cummings,"An conical attractive ray, it pulls ships to their doom.",No,N/A,N/A,N/A,Tractor beam,Bits,
,1990,Data-Retrieval Programs,Earth,David Brin,Programs that searched the Net for specific information.,Yes,Tech industry,Search engine,1990s,Find info on the web,Bits,
,1932,Space-Boat,Revolt of the Star Men,Raymond Z. Gallun,A small space-worthy craft for use in emergencies.,No,N/A,N/A,N/A,Space shuttle,Atoms,
,1932,Neo-Crystal,Master of the Asteroid,Clark Ashton Smith,Unbreakable transparent window material.,No,N/A,N/A,N/A,Transparent alloy,Atoms,
,1932,Space-Tanned,Slaves of Mercury,Warren Hammond,The characteristic darkening of the men of the spaceways.,No,N/A,N/A,N/A,Space travel,N/A,
,1932,Sol-Ido,Water-Bound World,Harl Vincent,The universal language of interplanetary travelers.,No,N/A,N/A,N/A,Interplanetary language,N/A,
,1932,Manufactured Planet,The Heritage of the Earth,Harley S. Aldinger,Is that a moon - or a space station?,No,N/A,N/A,N/A,Artificial planet,Atoms,
,1990,Polar Ice,The Ring of Charon,Roger MacBride Allen,Water ice at the poles of the Moon.,Yes,Astronomy,Lunar ice,1990s,Detected by space probes,Atoms,
,1991,Patient Bath Robot,Roujin Z,Katsuhiro Otomo,Robot gives patient a bath.,Yes,Toyota,Robotic bath assistant,2010,Concept proven in trials,Atoms,
,1991,Stimsuit,Heavy Time,C.J. Cherryh,An elastic suit worn to decrease the effects of micro-gravity in space.,Yes,NASA,Anti-gravity suit,2000,Tested on ISS,Atoms,
,1991,Tiersian Therapy,Red Orc's Revenge,Philip Jose Farmer,A therapeutic discipline in which the patient chooses a character from a book and then attempts to be that character.,Yes,Private therapists,Role playing therapy,1995,Gaining popularity,Atoms,
,1932,Protolectric Gun,Electronic Siege,John W. Campbell,Fires twin beams of protons and electrons.,No,N/A,N/A,N/A,Ray gun,Bits,
,1991,Law Expert System (LEX),The Moat,Greg Egan,Software capable of rendering a legal opinion.,Yes,IBM,Watson Legal,2016,In limited use,Bits,
,1991,Screening Software,The Moat,Greg Egan,Rules-based software trained to eliminate spam email.,Yes,Microsoft,Outlook Spam Filter,1997,Now standard,Bits,
,1932,Isolation Barrage,"Wandl, The Invader",Ray Cummings,Device prevents eavesdropping.,No,N/A,N/A,N/A,Communication blocking,Bits,
,1991,Teaching Chair,Rammer,Larry Niven,No-frills teaching machine.,Yes,Multiple,Intelligent tutors,2010,Growing adoption,Atoms,
,1991,Roujin Z-0001 Robotic Bed,Roujin Z,Katsuhiro Otomo,A fully automated hospital bed and transport robot.,Yes,Toyota,Robotic hospital bed,2015,In trials,Atoms,
,1991,Flatscreen Movie,Orbital Resources,John Barnes,"Like holographic or three-dimensional recordings, but showing only two dimensions.",Yes,Multiple,2D movies,1890s,Standard today,Bits,
,1932,Weather Machine,Slaves of Mercury,Nat Schachner,A device for controlling the weather.,No,N/A,N/A,N/A,Weather control,Bits,
,1992,DreamTime Scleral Contact Lenses,The California Voodoo Game,Larry Niven (w/S. Barnes,Full-size contact lenses that can provide an augmented reality view.,Yes,Microsoft,HoloLens,2016,Developer version sold,Atoms,
,1932,Diskoid,Slaves of Mercury,Nat Schachner,A huge flying saucer.,No,N/A,N/A,N/A,Flying saucer,Atoms,
,1932,Polarization Apparatus,Slaves of Mercury,Nat Schachner,A device that caused a space ship to repel the Earth and send a space ship on its way.,No,N/A,N/A,N/A,Spaceship propulsion,Bits,
,1992,Disney Therapy,Steel Beach,John Varley,"Letting people retreat to a simpler time, for their mental health.",Yes,Disney,Disney parks,1955,Popular destination,Bits,
,1932,Smoke Jets (Air Leak Detection),The Great Dome of Mercury,Leo Zagat,A means of determining the location of air leaks in a building built on an airless moon.,No,N/A,N/A,N/A,Constructing space habitats,Atoms,
,1932,Sun-Tube,Slaves of Mercury,Nat Schachner,A slicing ray of death!,No,N/A,N/A,N/A,Death ray,Bits,
,1932,Antigravity,The Vanguard of Neptune,J.M. Walsh,A force opposed to gravity.,No,N/A,N/A,N/A,Anti-gravity propulsion,Atoms,
,1992,Reality Graphics,A Fire Upon The Deep,Vernor Vinge,One-stop design - the final design is the object.,Yes,Autodesk,3D printing,1980s,Can print designs,Bits,
,1932,Attraction Ray,Pirates of the Gorm,Nat Schachner,"In effect, a tractor beam.",No,N/A,N/A,N/A,Tractor beam,Atoms,
,1932,Electro-Bullet,Pirates of the Gorm,Nat Schachner,Fired by an electro-gun.,No,N/A,N/A,N/A,Ray gun,Atoms,
,1992,Nanobot,Steel Beach,John Varley,A robot constructed with nanotechnology.,Yes,Multiple,Medical nanobots,2000,Research ongoing,Atoms,
,1932,Electro-Gun,Pirates of the Gorm,Nat Schachner,It shoots electro-bullets.,No,N/A,N/A,N/A,Ray gun,Atoms,
,1992,Timeslip,Red Mars,Spider Robinson,"When humans keep time on Mars, they must work with the extra forty minutes in each day.",Yes,NASA,Mars time,2021,Adjusted clocks,Bits,
,1992,Burbclave,Snow Crash,Neal Stephenson,Contraction of suburban enclave; an extension of today's gated communities.,Yes,Developers,Gated communities,1970s,Common in US,Atoms,
,1932,Intergalactic,Invaders From The Infinite,John W. Campbell,Going between galaxies.,No,N/A,N/A,N/A,Intergalactic travel,N/A,
,1992,Metaverse,Snow Crash,Neal Stephenson,A virtual universe.,Yes,Meta,Metaverse,2022,VR world,Bits,
,1932,Search Beams,Slaves of Mercury,Nat Schachner,"Penetrating rays that disclose the contents of rooms, ships, etc.",No,N/A,N/A,N/A,Scanning technology,Atoms,
,1992,Data Goggles,Snow Crash,Neal Stephenson,Eyewear connected to a computer provides total immersion in the matrix.,Yes,Multiple,VR headsets,2010,Many brands,Atoms,
,1932,Space-Drive,Invaders From The Infinite,John W. Campbell,A means of providing propulsion for a spacecraft.,No,N/A,N/A,N/A,Spaceship propulsion,Atoms,
,1992,CIC Virtual Earth,Snow Crash,Neal Stephenson,A software application that presents detailed information about the Earth.,Yes,Google,Google Earth,2005,Online and apps,Bits,
,1932,Ostler Insulation Beam,The Radium World,Frank K. Kelly,A beam of energy stretching from one planet to another that protects space craft from radiation.,No,N/A,N/A,N/A,Spaceship shielding,Bits,
,1992,Metavirus (Digital Metavirus),Snow Crash,Neal Stephenson,"Binary code that can infect computers or even hackers, through the binary nerve.",Yes,Multiple,Computer viruses,1970s,Ongoing threat,Bits,
,1992,Avatar,Snow Crash,Neal Stephenson,A computer-enhanced doppelganger; a computer-generated image that takes your place in a three-dimensional online encounter.,Yes,Meta,Meta avatars,2022,Part of Metaverse,Bits,
,1932,Vacuum Cylinder,"Wandl, The Invader",Ray Cummings,"Traveling first class, but like mail, in a tube system.",No,N/A,N/A,N/A,Space travel,Atoms,
,1932,Super-Photon,Invaders From The Infinite,John W. Campbell,Three photons in one.,No,N/A,N/A,N/A,Faster-than-light communication,Bits,
,1932,Hypnopædia (Sleep-Teaching),Brave New World,Aldous Huxley,The idea that a person can learn explicit subject matter while sleeping.,No,N/A,N/A,N/A,Subconscious learning,Bits,
,1932,Artificial Womb,Brave New World,Aldous Huxley,"A room in which a human embryo waits for the necessary months as a fetus, preparing for birth (decanting).",No,N/A,N/A,N/A,Artificial gestation,Atoms,
,1992,Hypercard,Snow Crash,Neal Stephenson,A virtual business card; what one avatar might hand another to introduce themselves.,Yes,Meta,Meta profiles,2022,Part of Metaverse,Bits,
,1932,Spaceboat,Waves of Compulsion,Raymond Z. Gallun,Runabout for outer space.,No,N/A,N/A,N/A,Space shuttle,Atoms,
,1992,U-Stor-It,Snow Crash,Neal Stephenson,A storage unit converted for use as an apartment.,Yes,Storage companies,Storage rentals,1960s,Alternative housing,Atoms,
,1992,Avatar Construction Set,Snow Crash,Neal Stephenson,A collection of software that allows the building of a complete avatar.,Yes,Meta,Meta avatar editor,2022,Part of Metaverse,Bits,
,1992,Padloid,Steel Beach,John Varley,"A tawdry news publication on a PDA, or notepad, device.",Yes,Multiple,Tablets,2010,Replaced papers,Atoms,
,1932,Telectroscope,Invaders From The Infinite,John W. Campbell,A much better telescope than yours.,No,N/A,N/A,N/A,Advanced telescope,Bits,
,1932,Pent House,The Pent House,David H. Keller,An island in the sky - a hermetically sealed skyscraper isolated entirely from its surroundings.,No,N/A,N/A,N/A,Sealed habitat,Atoms,
,1932,Pneumatic-Tube Zone,Mechanocracy,Miles J. Breuer,The portion of a city that is served by direct tubes to each dwelling.,No,N/A,N/A,N/A,Pneumatic tube delivery,Atoms,Pipedream
,1932,Alpha Plus,Brave New World,Aldous Huxley,Intervening in the physical development of humans can result in enhancements.,No,N/A,N/A,N/A,Genetic engineering,Atoms,
,1992,Dataset,A Fire Upon The Deep,Vernor Vinge,A portable computer with multiple screens and capabilities.,Yes,Microsoft,Surface Pro,2013,Touchscreen laptop,Atoms,
,1932,Space Freighter,The Space Rover,Edwin K. Sloat,A large spacecraft used for heavy cargo; can lift off from the Earth or other planets.,No,N/A,N/A,N/A,Cargo spacecraft,Atoms,
,1993,Translation Program,Deep Eddy,Bruce Sterling,"A computer program that translates speech from one language to another, in real time, to aid in conversation.",Yes,Various,Real-time translation,2010s,Google Translate,Bits,
,1993,Spex (Spexware),Deep Eddy,Bruce Sterling,Video glasses with computer assistance.,Yes,Various,AR glasses,2010s,N/A,Atoms,
,1993,Wende,Deep Eddy,Bruce Sterling,"A change, a turning point, a reversal of culture and politics.",Yes,Humanity,N/A,N/A,N/A,Bits,
,1932,Jump,Invaders From The Infinite,John W. Campbell,"Instantaneous movement over vast distances, points many light-years apart.",No,N/A,N/A,N/A,Teleportation,Atoms,
,1932,Centrifugal Bumble-Puppy,Brave New World,Aldous Huxley,Futuristic children's game.,No,N/A,N/A,N/A,Fictional game,N/A,
,1932,Gravity-Plates,The Bluff of the Hawk,Anthony Gilmore,"Reliable, controllable gravity force.",No,N/A,N/A,N/A,Artificial gravity,Atoms,
,1932,Light Beam Propulsion (Light-Ship),The Radium World,Frank K. Kelly,Use of brilliant light as motive power for a space ship.,No,N/A,N/A,N/A,Spaceship propulsion,Atoms,
,1932,Landing-Cradle,The Radium World,Frank K. Kelly,A supporting structure for a space craft landing on a planetary surface.,No,N/A,N/A,N/A,Spacecraft design,Atoms,
,1932,Wandering Worlds,When Worlds Collide,Edwin Balmer (w/P. Wylie,"Planets that are attached to no sun, and roam interstellar space.",No,N/A,N/A,N/A,Rogue planets,Atoms,
,1932,Emergency Space-Boat,Revolt of the Star Men,Raymond Z. Gallun,An escape ship.,No,N/A,N/A,N/A,Space shuttle,Atoms,
,1932,Luminous Stake-Markers,The Radium World,Frank K. Kelly,"Illuminated pole designating a staked claim on the surface of a planet, moon or asteroid.",No,N/A,N/A,N/A,Space mining,Atoms,
,1993,Canola Oil,Virtual Light,William Gibson,Vegetable oil refined for use as fuel,Yes,Various,Biodiesel,1900s,N/A,Atoms,
,1931,Control Disk,The Slave Ship From Space,A.R. Holmes,Not Provided,No,-,-,-,Purpose not specified.,Atoms,
,1931,Ultra-Telescope Ray,The Moon Weed,Harl Vincent,A transporter Ray that works over interplanetary distances.,No,-,-,-,Still fictional technology.,Atoms,
,1931,Robot-Deranger,The Exile of Time,Nat Schachner (w. AL Zagat,A device that confuses the cognitive functions of robots.,No,-,-,-,Not created yet.,Atoms,
,1931,Sodaluminum,Exiles of the Moon,Nat Schachner (w. AL Zagat,Lightweight and tough!,No,-,-,-,Fictional metal alloy.,Atoms,
,1931,Vita-Light,If The Sun Died,R.F. Starzl,A special form of bulb or light source that could keep people who were never exposed to the sun perfectly healthy.,No,-,-,-,Not created yet.,Atoms,
,1931,Thought-receptor Vote-counting Machine,If The Sun Died,R.F. Starzl,That's one way to do a plebiscite.,No,-,-,-,Not created.,Atoms,
,1931,Normal Space,Islands of Space,John W. Campbell,As opposed to hyperspace.,No,-,-,-,Hyperspace still fictional.,Atoms,
,1931,Groundling,Exiles of the Moon,Nat Schachner (w. AL Zagat,"A person who does not fly, especially into space.",No,-,-,-,Still a fictional term.,Atoms,
,1931,Flame Pistol,Invisible Ships,Harl Vincent,A hand-held weapon that incinerates opponents.,No,-,-,-,Still fictional.,Atoms,
,1931,Centrifugal Force Creates 'Artificial Gravity',The Prince of Space,Jack Williamson,Using centrifugal force in a rotating cylinder as a substitute for gravity.,No,-,-,-,Proposed but not implemented.,Atoms,
,1931,Time Stream,Time Stream,John Taine,The total sequence of events considered as a kind of flow.,No,-,-,-,Still a metaphorical concept.,Atoms,
,1931,Motor Torpedo,The Prince of Space,Jack Williamson,"A terrestrial torpedo, driven by ion beams.",No,-,-,-,Not created.,Atoms,
,1931,Self-Sustaining Space Craft,The Prince of Space,Jack Williamson,A spacecraft ecosystem.,No,-,-,-,Not yet achieved for long-duration missions.,Atoms,
,1931,Beam-Powered Propulsion,The Prince of Space,Jack Williamson,Using a powerful energy source as motive power for a projectile.,No,-,-,-,Still fictional.,Atoms,
,1931,Food Factory,Exiles of the Moon,Nat Schachner (w. AL Zagat,Mechanized production of food by entirely artificial means.,No,-,-,-,Not achieved yet.,Atoms,
,1931,Alpha Insert,Exiles of the Moon,Nat Schachner (w. AL Zagat,A special compound used to seal punctures in space craft.,No,-,-,-,Fictional substance.,Atoms,
,1931,Rocket Liner,Exiles of the Moon,Nat Schachner (w. AL Zagat,A rocket designed for point-to-point Earth journeys; it goes well into the stratosphere.,No,-,-,-,Not created.,Atoms,
,1931,Vitalium,The Prince of Space,Jack Williamson,A rare radioactive metal which enables solar power cells.,No,-,-,-,Fictional metal.,Atoms,
,1931,Recoil Pistol,Exiles of the Moon,Nat Schachner (w. AL Zagat,A handheld device that permits a spaceman to manuever in zero gravity.,No,-,-,-,Still fictional.,Atoms,
,1931,Sunship,The Prince of Space,Jack Williamson,A space craft powered entirely by the sun.,No,-,-,-,Not yet built.,Atoms,
,1931,Kundrenaline,The Hands of Aten,H.G. Winter,Revives even a dead man's heart.,No,-,-,-,Fictional drug.,Atoms,
,1994,Virtuality Helmet ('Virching' Helmet),Heavy Weather,Bruce Sterling,A helmet with a communication system and a display; a pilot wearing this helmet could sit on the ground and control a distant aircraft.,Yes,Various,VR headset,2010s,Oculus Rift,Atoms,
,1931,Centipede-Machine,Monsters of Mars,Edmond Hamilton,Multi-legged transport.,No,-,-,-,Not created.,Atoms,
,1931,Pneumatic Tube Station,Exiles of the Moon,Nat Schachner (w. AL Zagat,Passengers are sealed into a narrow cylinder that is shot through a pressurized tube to their destination.,No,-,-,-,Not built for passengers.,Atoms,
,1931,Spaceyacht,The Sargasso of Space,Edmond Hamilton,Interplanetary spacecraft for the well-to-do.,No,-,-,-,Still fictional.,Atoms,
,1994,Electronic Cash,Heavy Weather,Bruce Sterling,"A digital currency, like Bitcoin.",Yes,Satoshi Nakamoto,Bitcoin,2009,N/A,Bits,
,1931,Annihilator Beam,The Conquest of Gola,L.F. Stone,A deadly ray that literally dissolved matter!,No,-,-,-,Still fictional.,Atoms,
,1931,Mechanical Thought Transformers,The Conquest of Gola,L.F. Stone,Machinery to expedite the process of thought transfer.,No,-,-,-,Not created.,Atoms,
,1931,Gravito-Statoscope,The Emperor of the Stars,Nat Schachner (w. AL Zagat,An instrument used to detect the gravitational influences on a space ship.,No,-,-,-,Still fictional.,Atoms,
,1931,Zero-Ray,An Adventure in Futurity,Clark Ashton Smith,Inflicts a fatal frostbite on living tissue.,No,-,-,-,Fictional weapon.,Atoms,
,1994,Embryo Visualization,Daughter of Elysium,Joan Slonczewski,Special display technique lets researchers see cell development in three dimensions.,Yes,Various,3D microscopy,1990s,N/A,Bits,
,1931,Transparent Spherical Ship,The Emperor of the Stars,Nat Schachner (w. AL Zagat,A huge sphere of quartz housing a platform for space use.,No,-,-,-,Not constructed.,Atoms,
,1931,Faster-Than-Light,Islands of Space,John W. Campbell,"Describes something that exceeds the usual speed limit on physical objects of 186,282 miles per second in vacuum.",No,-,-,-,Still fictional technology.,Atoms,
,1931,Matter Transmitter,The Conquest of Gola,L.F. Stone,Device which causes a physical object to disappear from one place and reappear in another.,No,-,-,-,Still fictional technology.,Atoms,
,1931,Sargasso of Space,The Sargasso of Space,Edmond Hamilton,"A ""dead area"" in which the gravitational fields of the planets are cancelled out.",No,-,-,-,Hypothetical region of space.,Atoms,
,1931,Gravograph,The Sargasso of Space,Edmond Hamilton,A graphical representation of gravitational fields.,No,-,-,-,Not created.,Atoms,
,1931,Wreck-Pack,The Sargasso of Space,Edmond Hamilton,An agglomeration of wrecked spacecraft drawn together by mutual gravitational attraction in the 'dead area' of the solar system.,No,-,-,-,Still fictional.,Atoms,
,1931,Neutronic Dust,Twelve Hours To Live,Jack Williamson,What's left over when you've annihilated matter.,No,-,-,-,Fictional substance.,Atoms,
,1931,Thought Screen,The Emperor of the Stars,Nat Schachner (w. AL Zagat,"A material screen that is worn by the user, upon which are projected the mental images of the user.",No,-,-,-,Not created.,Atoms,
,1931,Dimensoscope,The Fifth-Dimension Catapult,Murray Leinster,A telescope for peering into other dimensions.,No,-,-,-,Still fictional.,Atoms,
,1931,Space Liner,On Board the Martian Liner,Miles J. Breuer,"A large, passenger-carrying space ship.",No,-,-,-,Not yet built.,Atoms,
,1931,Tractor Beam,Spacehounds of IPC,E.E. 'Doc' Smith,A force field used to pull objects.,No,-,-,-,Still fictional.,Atoms,
,1931,Pressor (Pressor Beam),Spacehounds of IPC,E.E. 'Doc' Smith,"A force-field beam that pushes, rather than pulls.",No,-,-,-,Still fictional.,Atoms,
,1931,Force-Field,Islands of Space,John W. Campbell,"A barrier to objects, created by projected forces.",No,-,-,-,Still fictional.,Atoms,
,1931,City of Space,The Prince of Space,Jack Williamson,A very early reference to an enormous cylindrical space station.,No,-,-,-,Not yet built.,Atoms,
,1931,Object-Finder Beam,The Conquest of Gola,L.F. Stone,A unique device that projected a beam that found what you wanted.,No,-,-,-,Fictional technology.,Atoms,
,1931,Helio-Beryllium,Out Around Rigel,Robert H. Wilson,Unusual alloy combines a metal and a gas.,No,-,-,-,Not actually possible.,Atoms,
,1931,Attractor,The Conquest of Gola,L.F. Stone,"A beam capable of holding objects motionless, as well as adjusting their position.",No,-,-,-,Fictional technology.,Atoms,
,1931,Gravity Detector,The Lunar Chrysalis,Raymond Z. Gallun,A device capable of detecting the gravitational field of a distant mass.,No,-,-,-,Not created.,Atoms,
,1931,Disruptor Tube (Disruptor Ray),The Emperor of the Stars,Nat Schachner (w. AL Zagat,A device that interrupted the very bonds between atoms.,No,-,-,-,Fictional technology.,Atoms,
,1931,Space-Liner,Twelve Hours To Live,Jack Williamson,A passenger ship in space.,No,-,-,-,Not yet built.,Atoms,
,1931,Death Bath,The Revolt of the Machines,Nat Schachner (w. AL Zagat,A suicide chamber.,No,-,-,-,Not created.,Atoms,
,1931,Gravity Belt,"Venus Mines, Incorporated",Nat Schachner (w. AL Zagat,Adds 'weight' for walking on asteroids.,No,-,-,-,Still fictional.,Atoms,
,1931,Propulsion Gun,"Venus Mines, Incorporated",Nat Schachner (w. AL Zagat,What can you push against in space?,No,-,-,-,Not created.,Atoms,
,1931,Curtain (Force Barrier),"Venus Mines, Incorporated",Nat Schachner (w. AL Zagat,An easily set-up protective force barrier.,No,-,-,-,Still fictional technology.,Atoms,
,1931,Energy Curtain Key,"Venus Mines, Incorporated",Nat Schachner (w. AL Zagat,"A small handheld ""key"" to shut off a force field.",No,-,-,-,Fictional device.,Atoms,
,1931,Meteorite Deflector,On Board the Martian Liner,Miles J. Breuer,A means of pushing aside asteroids that get in the path of your space ship.,No,-,-,-,Not created.,Atoms,
,1931,Thought Coil (Machine Intelligence),The Revolt of the Machines,Nat Schachner (w. AL Zagat,Specially designed hardware that imparts intelligence to machines.,No,-,-,-,Still fictional.,Atoms,
,1931,Argento-Platinoid Dispatch Box,"Venus Mines, Incorporated",Nat Schachner (w. AL Zagat,Impenetrable message carriers.,No,-,-,-,Fictional material.,Atoms,
,1931,Dressing Machines,The Revolt of the Machines,Nat Schachner (w. AL Zagat,Semi-autonomous guided devices that could dress a person in ordinary clothing.,No,-,-,-,Not created.,Atoms,
,1931,Ownership of Machines,The Revolt of the Machines,Nat Schachner (w. AL Zagat,Who will own the machines that produce material abundance?,No,-,-,-,Philosophical concept.,Atoms,
,1931,Astrogator,The Conquest of Space,David Lasser,A person who acts as navigator for s space ship.,No,-,-,-,Still a fictional role.,Atoms,
,1931,Paralyzing Blast,The Exile of Time,Ray Cummings,A red Ray of light that freezes those it falls upon.,No,-,-,-,Fictional technology.,Atoms,
,1931,Robot Revolt,The Exile of Time,Ray Cummings,Robots to throw off the yoke of Man?,No,-,-,-,Still fictional.,Atoms,
,1931,Time-Telespectroscope.,The Exile of Time,Ray Cummings,See other time-travelers.,No,-,-,-,Fictional device.,Atoms,
,1931,Master Machine,The Revolt of the Machines,Nat Schachner (w. AL Zagat,One single machine to run a civilization!,No,-,-,-,Still fictional.,Atoms,
,1931,Evolution Machine,The Man Who Evolved,Edmond Hamilton,A device that accelerates the process of evolution by millions of times.,No,-,-,-,Fictional technology.,Atoms,
,1931,Matter Annihilation Ray,Twelve Hours To Live,Jack Williamson,"A beam that forces electrons into protons, thereby destroying ordinary matter.",No,-,-,-,Fictional weapon.,Atoms,
,1931,Protonite,Twelve Hours To Live,Jack Williamson,Radioactive fuel for spacecraft.,No,-,-,-,Fictional substance.,Atoms,
,1931,Thigh Grips,The Power Planet,Murray Leinster,Special chair feature for space ships undergoing accelerations.,No,-,-,-,Not created.,Atoms,
,1931,Spacegram,An Adventure on Eros,J. Harvey Haggard,Telegrams of the space lanes.,No,-,-,-,Still fictional.,Atoms,
,1931,Skycar,Prima Donna 1980,Bernard Brown,A personal means of transportation that flies.,No,-,-,-,Not yet realized.,Atoms,
,1931,Disintegrator Plate Ray,The Revolt of the Machines,Nat Schachner (w. AL Zagat,Ray cuts through metal like butter.,No,-,-,-,Fictional weapon.,Atoms,
,1931,Jovium,"Venus Mines, Incorporated",Nat Schachner (w. AL Zagat,Rocket fuel catalyst that makes space travel commercially practical.,No,-,-,-,Fictional substance.,Atoms,
,1931,Power Planet,The Power Planet,Murray Leinster,A satellite that supplies the Earth with power.,No,-,-,-,Not yet built.,Atoms,
,1931,Gate,The Gate to Xoran,Hal K. Wells,A opening through spacetime to other worlds.,No,-,-,-,Fictional technology.,Atoms,
,1931,Magnetic Clamps,Twelve Hours To Live,Jack Williamson,Used for attaching your craft to a larger spaceship.,No,-,-,-,Still fictional.,Atoms,
,1931,Zeta-Ray,The Death Cloud,Nat Schachner (w. AL Zagat,Makes and maintains vast holes - even in ocean water!,No,-,-,-,Fictional technology.,Atoms,
,1931,Ultra-Light Vision System,Spacehounds of IPC,E.E. 'Doc' Smith,A viewing technology able to see through and even within most objects.,No,-,-,-,Still fictional.,Atoms,
,1931,Message Cylinder (Message Bomb),The Cosmic Cloud,Bruno H. Burgel,A means of sending dispatches from space via a small projectile dropped from orbit; effectively a message rocket.,No,-,-,-,Not implemented.,Atoms,
,1931,Radium Repeller ray,The Asteroid of Death,Neil R. Jones,Move inbound asteroids aside to keep ships safe.,No,-,-,-,Fictional technology.,Atoms,
,1931,Terrene,An Adventure in Futurity,Clark Ashton Smith,Pertaining to the Earth.,No,-,-,-,Literary term.,Atoms,
,1931,Sapience,The Planet Entity,E.M. Johnson (w/C.A. Smith,"The ability of a species to think, to reason with discernment and wisdom.",No,-,-,-,Philosophical concept.,Atoms,
,1931,Magnetic Ray,The Exiles of Venus,Jim Vanny,A powerful magnetic beam.,No,-,-,-,Still fictional.,Atoms,
,1931,Rocket Float,Too Many Boards!,Harl Vincent,A sea-going floating platform for rocket launches.,No,-,-,-,Not created.,Atoms,
,1931,Telepadion Instructor,An Adventure on Eros,J. Harvey Haggard,A device that places an entire sensory experience directly into the brain.,No,-,-,-,Still fictional.,Atoms,
,1931,Ultra-Terrene,An Adventure in Futurity,Clark Ashton Smith,Originating from some world other than Earth.,No,-,-,-,Literary term.,Atoms,
,1931,Terminator Zone,Exiles of the Moon,Nat Schachner (w. AL Zagat,The area between solar illumination and shade.,No,-,-,-,Astronomical term.,Atoms,
,1931,Space-Tent,The Lunar Chrysalis,Raymond Z. Gallun,"A small, portable air-tight structure used on the lunar surface.",No,-,-,-,Not created.,Atoms,
,1931,Invasion Gate For Aliens,Monsters of Mars,Edmond Hamilton,Using alien instructions to create a gate for alien invasion.,No,-,-,-,Fictional concept.,Atoms,
,1931,Matter Transmitter and Receiver,Monsters of Mars,Edmond Hamilton,A device that transports matter through space.,No,-,-,-,Still fictional technology.,Atoms,
,1931,Machine Masters,The Reign of the Masters,Edmond Hamilton,"Humans did less and less, and machines did more and more, until machines became the masters.",No,-,-,-,Speculative fiction.,Atoms,
,1997,Automated DNA Typing,Gattaca,Andrew Niccol,A device that takes quick samples of DNA and compares each sample to a database.,Yes,Various,DNA analyzer,1980s,N/A,Atoms,
,1931,Blue Beam,The Reign of the Masters,Edmond Hamilton,A pitiless pale blue beam of death!,No,-,-,-,Fictional weapon.,Atoms,
,1931,Observation Room Recreation Center,The Power Planet,Murray Leinster,"A vast internal space in a space station, often used for exercise and amusement.",No,-,-,-,Not yet built.,Atoms,
,1931,Air Tank Flying,The Power Planet,Murray Leinster,Using little blasts of compressed air to fly around inside a space station.,No,-,-,-,Still fictional.,Atoms,
,1997,Helmet Visor Display,The Tank Lords,David Drake,A heads-up display with a variety of advanced features.,Yes,Various,AR helmet display,2010s,N/A,Atoms,
,1931,Mother World,The Asteroid of Death,Neil R. Jones,Planet of origin.,No,-,-,-,Speculative fiction term.,Atoms,
,1997,Boink Biosensor,The Cobra Event,Richard Preston,A hand-held sensor that detects the presence of hazardous biological material.,Yes,Various,Biosensors,1962,N/A,Atoms,
,1931,Iron Inlay Plates,A Daring Trip To Mars,Max Valier,Works perfectly with an electromagnetic table to maintain place settings.,No,-,-,-,Not created.,Atoms,
,1998,Junkbot,Distraction,Bruce Sterling,An automated email program that specializes in sending junk mail (spam),Yes,Various,Spam bot,1990s,N/A,Atoms,
,1931,Filling Station Moon,A Daring Trip To Mars,Max Valier,The idea that Man could first go to the Moon to obtain fuel or propellant.,No,-,-,-,Still hypothetical.,Atoms,
,1998,Infowar Operation,Distraction,Bruce Sterling,Making use of various means to disrupt the enemy's military and civilian information networks.,Yes,Various,Cyber warfare,1990s,N/A,Bits,
,1998,Bugged Money,Distraction,Bruce Sterling,American cash with embedded listening devices.,Yes,Various,RFID chips,1980s,Counterfeit detection,Atoms,
,1998,Netwar,Distraction,Bruce Sterling,Making use of various means to disrupt the enemy's military and civilian information networks.,Yes,Various,Cyber warfare,1990s,N/A,Bits,
,1998,Profile Sniffers,Distraction,Bruce Sterling,A software device that sifts Internet access records for patterns associate with particular personality types.,Yes,Various,Web tracking,1990s,N/A,Bits,
,1931,Ozone Radiation Shield,A Daring Trip To Mars,Max Valier,Filling the gap between the inner and outer hull with ozone.,No,-,-,-,Not implemented.,Atoms,
,1931,Ship's Telescope,A Daring Trip To Mars,Max Valier,A large telescope built into the main axis of the ship.,No,-,-,-,Not created.,Atoms,
,1998,Dime Disk,The Best of all Possible Wars,Larry Niven,A very small data storage medium.,Yes,Various,MicroSD card,2000s,N/A,Bits,
,1931,Space Madness,A Daring Trip To Mars,Max Valier,The monotony of space travel could drive you crazy.,No,-,-,-,Speculative concept.,Atoms,
,1998,Boob Cube,The Best of all Possible Wars,Larry Niven,Device for showing three-dimensional news broadcasts.,Yes,Various,3D displays,2010s,N/A,Bits,
,1931,Braking Disks,A Daring Trip To Mars,Max Valier,Used when the ship is falling through a planetary atmosphere.,No,-,-,-,Not implemented this way.,Atoms,
,1931,Porter Televox-Robot,On Board the Martian Liner,Miles J. Breuer,A robot that carries your bags through the passageways of space liners.,No,-,-,-,Not created.,Atoms,
,1930,Brigands of the Moon,Brigands of the Moon,Ray Cummings,Magnifies even the smallest sound.,No,N/A,N/A,N/A,N/A,Atoms,
,1998,Desktop-TV,Factoring Humanity,Robert J. Sawyer,"Video available worldwide, prepared by everyone.",Yes,Various,YouTube,2005,N/A,Bits,
,1930,Brain Rejuvenation,The Message From Space,David M. Speaker,Erase unnecessary parts of memory to make room for new impressions.,No,N/A,N/A,N/A,N/A,Atoms,
,1930,Plastifoam,Collision Orbit,Jack Williamson,Used to seal large leaks in space craft.,No,N/A,N/A,N/A,N/A,Atoms,
,1930,Moon Dome,Brigands of the Moon,Ray Cummings,A permanent domed structure for living on the Moon.,No,N/A,N/A,N/A,N/A,Atoms,
,1930,Spherical Tires,The Death's Head Meteor,Neil R. Jones,"Tires that are shaped like balls, rather than like squat cylinders.",No,N/A,N/A,N/A,N/A,Atoms,
,1998,Smart Bike,Distraction,Bruce Sterling,A motorcycle with sophisticated systems for steering and balance.,Yes,Various,Self-balancing motorcycle,2010s,N/A,Atoms,
,1930,Rubber Soled Feet,The Robot Terror,Melbourne Huff,Silent padding for clanky robots.,No,N/A,N/A,N/A,N/A,Atoms,
,1930,Shock-Absorbing Seats,Evans of the Earth-Guard,Edmond Hamilton,Perfect for the many gravities of acceleration upon take-off.,No,N/A,N/A,N/A,N/A,Atoms,
,1999,Exoskeleton,A Good Old-Fashioned Future,Bruce Sterling,Fighting suit,Yes,Various,Military exoskeletons,1960s,N/A,Atoms,
,1930,Planet City,The Message From Space,David M. Speaker,"A planet the surface of which is entirely covered over, forming one single city.",No,N/A,N/A,N/A,N/A,Atoms,
,1930,Bird-Like Robots,Flamingo: A Drama of A.D. 1950,Clarence Edward Heller,Robotic birds used in a stage play.,No,N/A,N/A,N/A,N/A,Atoms,
,1930,Shield,Skylark Three,E.E. 'Doc' Smith,Early name for a defensive force field.,No,N/A,N/A,N/A,N/A,Atoms,
,1930,Spectrumoscope,Flamingo: A Drama of A.D. 1950,Clarence Edward Heller,Provides sight directly to the brain-cells of the sightless.,No,N/A,N/A,N/A,N/A,Bits,
,1930,Air-Shoes,An Adventure in Time,Francis Flagg,"Footgear provides the wearer with the ability to ""walk"" through the air, climbing as needed.",No,N/A,N/A,N/A,N/A,Atoms,
,1930,Planets Made Habitable,Last and First Men,Olaf Stapledon,"A plan to ""terraform"" a planet to improve its habitability by human beings.",No,N/A,N/A,N/A,N/A,Atoms,
,1930,Ray Gun (Handheld),The Black Star Passes,John W. Campbell,A weapon shaped like a handgun that shoots rays of energy.,No,N/A,N/A,N/A,N/A,Atoms,
,1930,Asteroid From Outside Solar System,Brigands of the Moon,Ray Cummings,An asteroid or similar body that comes from outside the solar system; an interstellar body.,No,N/A,N/A,N/A,N/A,Atoms,
,1930,Death Projector,The Stolen Mind,M.L. Staley,Wide angle Ray of death!,No,N/A,N/A,N/A,N/A,Atoms,
,1930,Magnalloy,The Cave of Horror,S.P. Meek,A durable form of magnesium.,No,N/A,N/A,N/A,N/A,Atoms,
,1930,Sound-Killing Air Fluid,The Noise Killer,A.M. McNeill,"A means to eliminate all of the noise made by machines in a city, leaving the voices of human beings.",No,N/A,N/A,N/A,N/A,Atoms,
,1930,Artificial Island For Ocean Rocket Launch,Between Earth and Moon,Otfrid von Hanstein,"An entirely artificial, floating island used as a launch platform.",No,N/A,N/A,N/A,N/A,Atoms,
,1930,Exodus Ship,Tani of Ekkis,Judson W. Reeves,A generation ship to save a culture from extinction.,No,N/A,N/A,N/A,N/A,Atoms,
,1999,Motion Capture Suit,All Tomorrow's Parties,William Gibson,A tight fitting garment that uses sensors at various positions to record movement in space; can be used as the basis for computer graphic creations.,Yes,Various,Motion capture,1970s,N/A,Atoms,
,1999,GPS Sunglasses,All Tomorrow's Parties,William Gibson,Sunglasses that contain both global positioning system components and cell phone services.,Yes,Various,Smartglasses,2020s,Google Glass,Atoms,
,1930,Artificial Gravity System,Last and First Men,Olaf Stapledon,Producing a gravity field without a large nearby mass.,No,N/A,N/A,N/A,N/A,Atoms,
,1999,Video Wallpaper,A Deepness in the Sky,Vernor Vinge,"Very thin, large scale display.",Yes,Various,Video walls,1990s,N/A,Bits,
,1999,Localizer,A Deepness in the Sky,Vernor Vinge,Devices that work together to form ad-hoc networks.,Yes,Various,Mesh networks,2000s,N/A,Bits,
,1999,Dustmote,A Deepness in the Sky,Vernor Vinge,A tiny sensor device that could also form networks with other motes.,Yes,Various,Smart dust,1998,N/A,Atoms,
,1999,Bohemias,All Tomorrow's Parties,William Gibson,"A place where the ordinary rules of society don't apply; the ""next big thing"" often comes from these places.",Yes,N/A,N/A,N/A,N/A,Atoms,
,1930,Lux,The Black Star Passes,John W. Campbell,A bar of solidified light.,No,N/A,N/A,N/A,N/A,Atoms,
,1930,The Cosmic Express,The Cosmic Express,Jack Williamson,A means of transmitting matter wirelessly.,No,N/A,N/A,N/A,N/A,Atoms,
,1930,The Sleep,Tani of Ekkis,Judson W. Reeves,Use of a special technique to lessen the supplies required for long space voyages.,No,N/A,N/A,N/A,N/A,Atoms,
,1930,Invisible Cloak,Brigands of the Moon,Ray Cummings,A cloak that renders the wearer invisible.,No,N/A,N/A,N/A,N/A,Atoms,
,1930,Ring-Table,The Universe Wreckers,Edmond Hamilton,"A device that creates a 'group mind', a single mind, from the many gathered around it.",No,N/A,N/A,N/A,N/A,Bits,
,1930,Iron Fingers,The Death's Head Meteor,Neil R. Jones,"Special metal manipulators set on the hull of a space craft, and manipulated from the inside.",No,N/A,N/A,N/A,N/A,Atoms,
,1930,Ray Pistol,The Black Star Passes,John W. Campbell,A handheld device for projecting radiative force of some kind.,No,N/A,N/A,N/A,N/A,Atoms,
,1930,Robot Doctor,Flamingo: A Drama of A.D. 1950,Clarence Edward Heller,A mechanical physician.,No,N/A,N/A,N/A,N/A,Atoms,
,1930,Oxygen Space Flare,Brigands of the Moon,Ray Cummings,A flare that burns inside a glass bulb with oxygen.,No,N/A,N/A,N/A,N/A,Atoms,
,1930,Paralyzing Ray,Brigands of the Moon,Ray Cummings,Stops body motions.,No,N/A,N/A,N/A,N/A,Atoms,
,1930,Pencil Heat Ray,Brigands of the Moon,Ray Cummings,"An offensive, man-portable heat ray.",No,N/A,N/A,N/A,N/A,Atoms,
,1930,Space Pirate,Evans of the Earth-Guard,Edmond Hamilton,Space ships taken against their will.,No,N/A,N/A,N/A,N/A,Atoms,
,1999,Palm Scan,All Tomorrow's Parties,William Gibson,"A means of positive identification, in this case, for an ATM machine.",Yes,Various,Biometric scanners,1960s,N/A,Atoms,
,1930,Mother Ship,The Black Star Passes,John W. Campbell,A large spacecraft that serves as home base for other (usually smaller) ships.,No,N/A,N/A,N/A,N/A,Atoms,
,1930,Lunar Mining,Brigands of the Moon,Ray Cummings,Very early (first?) reference to mining operations on the moon.,No,N/A,N/A,N/A,N/A,Atoms,
,1999,Sonar Pistol,Starfish,Peter Watts,A device that divers can use to find seabottom and objects in extremely dark or murky water.,Yes,Various,Handheld sonar,1960s,N/A,Atoms,
,1930,Asteroid Space Flyer,The Death's Head Meteor,Neil R. Jones,Specialized one-man craft for exploring asteroids.,No,-,-,-,Still purely fictional.,Atoms,
,1930,Space-Walkers,The Universe Wreckers,Edmond Hamilton,"Tall cylinders with a window at eye-level, and pincer-claws controlled by the wearer.",No,-,-,-,Still fictional.,Atoms,
,1929,Rocket Pistol,"Buck Rogers, 2430 AD",Philip Nowlan (w/D. Calkins,Using pistol rounds to maneuver in space.,No,N/A,N/A,N/A,N/A,Atoms,
,1929,Ships With Legs,"Buck Rogers, 2430 AD",Philip Nowlan (w/D. Calkins,Space ships with mechanical limbs for walking the Earth.,No,N/A,N/A,N/A,N/A,Atoms,
,1929,O-220,Tarzan at the Eath's Core,Edgar Rice Burroughs,Ultralight zeppelin,No,N/A,N/A,N/A,N/A,Atoms,
,1929,Atomic Shell,"Buck Rogers, 2430 AD",Philip Nowlan (w/D. Calkins,"A nuclear munition, fired from a cannon.",No,N/A,N/A,N/A,N/A,Atoms,
,1929,Reflectocosmic Spectrometer,"Buck Rogers, 2430 AD",Philip Nowlan (w/D. Calkins,A device that detects and measures cosmic rays that reflect from different metals.,No,N/A,N/A,N/A,N/A,Atoms,
,1929,Force-Ray,"Buck Rogers, 2430 AD",Philip Nowlan (w/D. Calkins,"A large, hand-held spear of force.",No,N/A,N/A,N/A,N/A,Atoms,
,1929,Aerocab,"Buck Rogers, 2430 AD",Philip Nowlan (w/D. Calkins,A floating taxicab.,No,N/A,N/A,N/A,N/A,Bits,
,1929,Hypnotelevisor,"Buck Rogers, 2430 AD",Philip Nowlan (w/D. Calkins,A device that displays memories directly on a helmet screen.,No,N/A,N/A,N/A,N/A,Atoms,
,1929,Ship's Artificial Gravity,"Buck Rogers, 2430 AD",Philip Nowlan (w/D. Calkins,A very early mention of the term.,No,N/A,N/A,N/A,N/A,Atoms,
,1929,Disrupter Ray (Molecule Disrupter),The Silent Destroyer,Henri Dahl Juve,Atoms of materials no longer adhere to each other.,No,N/A,N/A,N/A,N/A,Atoms,
,1929,Electro-Culturer,The Ancient Brain,A.G. Stangland,A device used to artificially stimulate cell growth and development.,No,N/A,N/A,N/A,N/A,Atoms,
,2001,Wearables,Fast Times At Fairmont High,Vernor Vinge,Slang for 'wearable computer.',Yes,Various,Wearable tech,1960s,N/A,Atoms,
,2001,Datapack,Dune: House Harkonnen,Brian Herbert,A compact device for carrying data.,Yes,Various,USB drive,2000s,N/A,Atoms,
,1929,Diagnostic Type Sense Transmitter,The Sky Maniac,Henri Dahl Juve,Allows the doctor to directly feel the same sensations that the patient feels.,No,N/A,N/A,N/A,N/A,Bits,
,1929,Metalloglass,"Buck Rogers, 2430 AD",Philip Nowlan (w/D. Calkins,"A transparent ""glass"" made of metal.",No,N/A,N/A,N/A,N/A,Atoms,
,1929,Local Time Clock,The Silent Destroyer,Henri Dahl Juve,A clock for use in airships that always indicates the time for the place they are flying over.,No,N/A,N/A,N/A,N/A,Bits,
,1929,Ship Pushes Moon,"Buck Rogers, 2430 AD",Philip Nowlan (w/D. Calkins,Altering the course of a small moon by pushing on it with a rocket motor.,No,N/A,N/A,N/A,N/A,Atoms,
,1929,Atmospheric Pressure Control Plane,Around the World in 24 Hours,R.H. Romans,A vessel that flies by creating pockets of high and low pressure.,No,N/A,N/A,N/A,N/A,Atoms,
,1929,Rocket Engine Moves Moon,The Space Dwellers,Raymond Z. Gallun,Using the propulsive mechanism of a space ship to move a small moon or asteroid.,No,N/A,N/A,N/A,N/A,Atoms,
,1929,Suitcase Airplane,Suitcase Airplanes,E.D. Skinner,"A diminutive, collapsible, two-passenger biplane.",No,N/A,N/A,N/A,N/A,Atoms,
,1929,Robots Take Human Jobs,The Threat of the Robot,David H. Keller,Robots displace human beings in the workforce.,No,N/A,N/A,N/A,N/A,Atoms,
,1929,Sunparlor,The Cubic City,"Louis Tucker, D.D.","A vast esplanade enclosed in glass, to permit sunbathing without leaving an immense building.",No,N/A,N/A,N/A,N/A,Atoms,
,1929,Inurbanity (Inurbane),The Cubic City,"Louis Tucker, D.D.",Criminal penalties for persons who are unable to behave properly in crowded cubic cities.,No,N/A,N/A,N/A,N/A,N/A,
,1929,Helium Tubes,The Cubic City,"Louis Tucker, D.D.",Lighting that exactly mimics the frequencies of sunlight.,No,N/A,N/A,N/A,N/A,Atoms,
,1929,Boring Heat Machine,The Onslaught From Venus,Frank Phillips,Takes tunnel boring material and turns it into building material.,No,N/A,N/A,N/A,N/A,Atoms,
,1929,Shovel-Handed Digging Machines,The Onslaught From Venus,Frank Phillips,Huge multi-legged machines used to dig and manipulate earth.,No,N/A,N/A,N/A,N/A,Atoms,
,2002,Folding Computer Terminal,The Merchants of Souls,John Barnes,A foldable pocket computer.,Yes,Various,Foldable smartphone,2010s,N/A,Atoms,
,2002,Provigil,When the Devil Dances,John Ringo,A medication that makes the user 'untired' - not just more awake.,Yes,Cephalon,Provigil,1998,N/A,Atoms,
,2002,E-paper Newspaper,Minority Report (Movie),Steven Spielberg,"A paper-thin, flexible LCD-style display that is large enough to display a full newspaper page.",Yes,E Ink,E-paper,1997,N/A,Atoms,
,2002,Public Iris Scanner,Minority Report (Movie),Steven Spielberg,"A device that uses iris-scanning for identification, and does not require subject awareness.",Yes,Various,Iris recognition,1994,N/A,Atoms,
,1929,Fan Ray,The Onslaught From Venus,Frank Phillips,A protective ray screen in the shape of a cone.,No,N/A,N/A,N/A,N/A,Atoms,
,2002,Reggie the Bartending Machine,The Outpost,Mike Resnick,A mechanism able to mix drinks; a robot bartender.,Yes,Various,Robotic bartenders,2017,N/A,Atoms,
,1929,Human Blood Chlorophyll,The Murgatroyd Experiment,S.P. Meek,Replacement of elements of human blood with chlorophyll.,No,N/A,N/A,N/A,N/A,Atoms,
,1929,Magnetic Shoes,The Silent Destroyer,Henri Dahl Juve,Footgear magnetized for working on steel hulls.,No,N/A,N/A,N/A,N/A,Atoms,
,1929,Cubic City,The Cubic City,"Louis Tucker, D.D.","A city contained in a single, immense building.",No,N/A,N/A,N/A,N/A,Atoms,
,1929,Invisible Cloak,Brigands of the Moon,Ray Cummings,A cloak that renders the wearer invisible.,No,N/A,N/A,N/A,N/A,Atoms,
,1929,Life Chamber,The Chamber of Life,G. Peyton Wertenbaker,"A machine-mediated, fully immersive experiential environment.",No,N/A,N/A,N/A,N/A,Atoms,
,1929,Space Sailing,"The World, The Flesh And The Devil",J.D. Bernal,Using the solar wind to propel a space vessel.,No,N/A,N/A,N/A,N/A,Atoms,
,2002,Bullet-guard Overalls,Kiln People,David Brin,Very tough fabric.,Yes,Various,Bulletproof clothing,1970s,Kevlar,Atoms,
,1929,Rescue Nets,Flight of the Eastern Star,Ed Earl Repp,Nets raised around the circumference of a vast air transport.,No,N/A,N/A,N/A,N/A,Atoms,
,1929,Vibration Machine,The Comet Doom,Edmond Hamilton,A device that neutralized the gravitational force of the sun on the earth.,No,N/A,N/A,N/A,N/A,Atoms,
,1929,Ships Propelled By Light Pressure,The Comet Doom,Edmond Hamilton,Space ships that use light pressure from a distant source for propulsion,No,N/A,N/A,N/A,N/A,Atoms,
,1929,Brain Placed In Metal Body,The Comet Doom,Edmond Hamilton,A robotic body with a support system for a connected organic brain.,No,N/A,N/A,N/A,N/A,Atoms,
,1929,Gravity Nullifier,The Sky Maniac,Henri Dahl Juve,Shields a large object from the effect of gravity.,No,N/A,N/A,N/A,N/A,Atoms,
,1929,Pocket Gravity Nullifier,The Sky Maniac,Henri Dahl Juve,Personal device stops gravity's effect.,No,N/A,N/A,N/A,N/A,Atoms,
,1929,Air Tunnel,Through the Air Tunnel,Harl Vincent,A means of sending trains through the air.,No,N/A,N/A,N/A,N/A,Atoms,
,1929,Harbenite,Tarzan at the Eath's Core,Edgar Rice Burroughs,Ultralight metal.,No,N/A,N/A,N/A,N/A,Atoms,
,1929,Anti-Fatigue Pill,The Silent Destroyer,Henri Dahl Juve,A pill that counteracts the effects of fatigue and lack of sleep.,No,N/A,N/A,N/A,N/A,Atoms,
,1929,Personal Metallic Record Disc,The Ancient Brain,A.G. Stangland,A stamped metal record that contains all of a person's data in a convenient form.,No,N/A,N/A,N/A,N/A,Atoms,
,1929,Chemical Brain,The Chemical Brain,Francis Flagg,A purely chemical artificial intelligence.,No,N/A,N/A,N/A,N/A,Atoms,
,1929,Ray-Pistol,The War of the Planets,Harl Vincent,An early version of the raygun.,No,N/A,N/A,N/A,N/A,Atoms,
,1929,Flying Platform,Locked Worlds,Edmond Hamilton,Simple black squares that fly and hover.,No,N/A,N/A,N/A,N/A,Atoms,
,1929,Overmind,The Chemical Brain,Francis Flagg,A consciousness that supersedes the minds of many individuals.,No,N/A,N/A,N/A,N/A,Bits,
,1928,Universal Sterilization Law,A Biological Experiment,David H. Keller,"All young people were sterilized, and replacement people were generated artificially.",No,N/A,N/A,N/A,N/A,N/A,
,1928,Flying Harness,Skylark of Space,E.E. 'Doc' Smith,Device allows free movement in the air.,No,N/A,N/A,N/A,N/A,Atoms,
,1928,Gravity-Screen,Crashing Suns,Edmond Hamilton,A device that shields an object from the effects of gravity.,No,N/A,N/A,N/A,N/A,Atoms,
,1928,Synthetic Babies,A Biological Experiment,David H. Keller,A means of gestating eggs to term is found.,No,N/A,N/A,N/A,N/A,Atoms,
,1928,Psycho-Phone,A Biological Experiment,David H. Keller,A device that recorded and played back the thoughts of the user.,No,N/A,N/A,N/A,N/A,Atoms,
,1928,Auto-Car,The Revolt of the Pedestrians,David H. Keller,A personal vehicle for indoor and outdoor use.,No,N/A,N/A,N/A,N/A,Atoms,
,1928,Electric Diaper,The Psychophonic Nurse,David H. Keller,A diaper that will indicate when it is wet.,No,N/A,N/A,N/A,N/A,Atoms,
,1928,Atomic Percolator,The Golden Girl of Munan,Harl Vincent,Make coffee with radiation.,No,N/A,N/A,N/A,N/A,Atoms,
,1928,Neutralizing Wall,The Golden Girl of Munan,Harl Vincent,"A barrier that stops electrical and mechanical vibrations, rendering the protected area effectively invisible.",No,N/A,N/A,N/A,N/A,Atoms,
,1928,Needle Pipe,Beyond the Stars,Ray Cummings,A device that could project slivers of metal at near light speed.,No,N/A,N/A,N/A,N/A,Atoms,
,1928,Telestereo,Crashing Suns,Edmond Hamilton,"A disk, upon which the projected image of the distant sender appears.",No,N/A,N/A,N/A,N/A,Atoms,
,1928,Atoplane,The Moon of Doom,Earl L. Bell,"An airplane powered by nuclear energy, capable of tremendous speed and distance.",No,N/A,N/A,N/A,N/A,Atoms,
,1928,Mother World,The Moon of Doom,Earl L. Bell,"One's home planet, or the origin world of one's species.",No,N/A,N/A,N/A,N/A,Atoms,
,1928,De-atomizing Ray,Crashing Suns,Edmond Hamilton,Beam of energy causes matter to fly apart.,No,N/A,N/A,N/A,N/A,Atoms,
,1928,Vibration-Propelled Cruiser,Crashing Suns,Edmond Hamilton,A spacecraft with a propulsion system relying on waves in spacetime itself.,No,N/A,N/A,N/A,N/A,Atoms,
,1928,Attractive Ray,Crashing Suns,Edmond Hamilton,A beam of radiation that pulls.,No,N/A,N/A,N/A,N/A,Atoms,
,1928,Raytron Apparatus,Beyond the Stars,Ray Cummings,A device for aerial surveillance; the image was transmitted back to the user.,No,N/A,N/A,N/A,N/A,Atoms,
,1928,Steering a Star,Crashing Suns,Edmond Hamilton,"Steering a star, altering its path, taking it to a new location.",No,N/A,N/A,N/A,N/A,Atoms,
,1928,Harvest Power From Stray Energy,The Golden Girl of Munan,Harl Vincent,A means of collecting enough energy from stray electronic impulses to power a device.,No,N/A,N/A,N/A,N/A,Atoms,
,1928,Repellor Anti-Gravity Rays,Armageddon: 2419 A.D.,Philip Frances Nowlan,Device provides support for planet-side air travel.,No,N/A,N/A,N/A,N/A,Atoms,
,1928,Anti-Gravity Belt,Armageddon: 2419 A.D.,Philip Frances Nowlan,"A device which, when worn, reduces exposure to the effects of gravitation.",No,N/A,N/A,N/A,N/A,Atoms,
,1928,Inertron,Armageddon: 2419 A.D.,Philip Frances Nowlan,"Material with all the properties of heavier metals, but lighter.",No,N/A,N/A,N/A,N/A,Atoms,
,1928,Ultron Wire,Armageddon: 2419 A.D.,Philip Frances Nowlan,"Invisible metal makes the thinnest, strongest wire.",No,N/A,N/A,N/A,N/A,Atoms,
,1928,Space-Lanes,Crashing Suns,Edmond Hamilton,Well-traveled routes through outer space.,No,N/A,N/A,N/A,N/A,Atoms,
,1928,Psychophonic Nurse,The Psychophonic Nurse,David H. Keller,A child-care robot - a nanny bot.,No,N/A,N/A,N/A,N/A,Bits,
,1928,Heat Transmitter,Crashing Suns,Edmond Hamilton,Device which captures solar energy close to the source and then beams it in concentrated form to outer planets.,No,N/A,N/A,N/A,N/A,Atoms,
,1928,Hyper-space,The Invisible Bubble,Kirk Meadowcroft,A realm or parallel universe in which it is possible to travel much faster than light.,No,N/A,N/A,N/A,N/A,Atoms,
,1928,Pain Ray,Crashing Suns,Edmond Hamilton,Creates pain by nerve induction.,No,N/A,N/A,N/A,N/A,Atoms,
,1928,Meteorometer,Crashing Suns,Edmond Hamilton,A device that warned space ships in flight about oncoming meteors.,No,N/A,N/A,N/A,N/A,Atoms,
,1928,Space Buoy,Crashing Suns,Edmond Hamilton,A marker in space.,No,N/A,N/A,N/A,N/A,Atoms,
,1928,Death-Beam,Crashing Suns,Edmond Hamilton,Ravening pale beams of light used in space battles.,No,N/A,N/A,N/A,N/A,Atoms,
,1928,Meteor-Sweeps,Crashing Suns,Edmond Hamilton,Maneuver to chase down and destroy meteor showers that threaten celestial navigation.,No,N/A,N/A,N/A,N/A,Atoms,
,1928,Hall of the Council,Crashing Suns,Edmond Hamilton,"An enormous council chamber, fit for a galaxy.",No,N/A,N/A,N/A,N/A,Atoms,
,2004,Muscle Sensor Interface,The Algebraist,Iain M Banks,Interface senses muscle movements to control display.,Yes,Tech companies,Electromyography,1900s,Senses electric signals in muscles,Bits,
,1928,Negative Acceleration,Skylark of Space,E.E. 'Doc' Smith,"Turning a torchship through a half-circle, thereby applying force in the direction of motion, slowing the ship down.",No,N/A,N/A,N/A,N/A,Atoms,
,1928,Jumper,Armageddon: 2419 A.D.,Philip Frances Nowlan,Inertron belt results in effective weightlessness.,No,N/A,N/A,N/A,N/A,Atoms,
,1928,Telechart,Crashing Suns,Edmond Hamilton,An interactive metal plate upon which were displayed celestial objects for interstellar navigation.,No,N/A,N/A,N/A,N/A,Bits,
,2004,Bee Cam,City of Pearl,Karen Traviss,"Small, airborne, self-guided personal camcorder.",Yes,drone companies,Nano drones,2010s,Tiny flying cameras,Atoms,
,1928,Ultron,Armageddon: 2419 A.D.,Philip Frances Nowlan,Very handy material is invisible and non-reflective.,No,N/A,N/A,N/A,N/A,Atoms,
,2004,Loiter-Drone,The Algebraist,Iain M Banks,A autonomous flying device that hovers protectively over a defined area.,Yes,defense contractors,Surveillance drones,2000s,Monitor an area from the air,Atoms,
,1928,Disintegrator Ray (Dis Ray),Armageddon: 2419 A.D.,Philip Frances Nowlan,A device that projects a beam reducing matter to nothingness.,No,N/A,N/A,N/A,N/A,Atoms,
,1928,Floater,Armageddon: 2419 A.D.,Philip Frances Nowlan,A device that allows the user to literally float in the air,No,N/A,N/A,N/A,N/A,Atoms,
,2004,Swiss,City of Pearl,Karen Traviss,A small piece of personal gear that combines a great many items in a single device.,Yes,tech companies,Smartphones,2000s,Integrates multiple functions,Atoms,
,1927,Cold Ray,The Atomic Conquerors,Edmond Hamilton,A device that pulled warmth from anything it was aimed at.,No,N/A,N/A,N/A,N/A,Atoms,
,1927,Paralyzing Cone,The Atomic Conquerors,Edmond Hamilton,A device that paralyzes the muscles.,No,N/A,N/A,N/A,N/A,Atoms,
,1927,Repulsor Ray,The Time-Raider,Edmond Hamilton,Fires an invisible beam of electrons for propulsion.,No,N/A,N/A,N/A,N/A,Atoms,
,1926,Artificial Life,Across Space,Edmond Hamilton,Creating living beings from inorganic elements.,No,N/A,N/A,N/A,N/A,Bits,
,1926,Atomic Energy Motor,The Man from the Atom,G. Peyton Wertenbaker,An engine which utilizes atomic energy.,No,N/A,N/A,N/A,N/A,Atoms,
,1926,Robot Wheel,The Metal Giants,Edmond Hamilton,An enormous vehicular robot in the shape of a gigantic wheel.,No,N/A,N/A,N/A,N/A,Atoms,
,1926,Bolognium,Transactions of Amer Soc for Steel Treating,Edgar Bain,"Very early fictional element, courtesy of metallurgists.",No,N/A,N/A,N/A,N/A,Atoms,
,1926,Atomic Machine,The Man from the Atom,G. Peyton Wertenbaker,A device that shrinks and expands its wearer.,No,N/A,N/A,N/A,N/A,Atoms,
,1926,Gyro-Hat,An Experiment in Gyro-Hats,Ellis Parker Butler,"Hidden in a top hat, this device cures staggering and reeling, for whatever reason.",No,N/A,N/A,N/A,N/A,Atoms,
,1926,Flexible Metal Arms (Tentacles),The Metal Giants,Edmond Hamilton,An interesting description of how mechanical tentacles might function.,No,N/A,N/A,N/A,N/A,Atoms,
,1926,Blue Ray of Death,Across Space,Edmond Hamilton,A ray that reduces an organic being to ash instantly.,No,N/A,N/A,N/A,N/A,Atoms,
,2005,Computational Textile,Pushing Ice,Alastair Reynolds,Wearable computer sensors.,Yes,wearable companies,Smart fabrics,2010s,Fabrics with electronics,Bits,
,1926,Tentacle Machines,The Metal Giants,Edmond Hamilton,"Enormous robots, cylindrical of body, tentacular of arms, autonomous of brain, sinister of intent.",No,N/A,N/A,N/A,N/A,Atoms,
,1926,Artificial Brain,The Metal Giants,Edmond Hamilton,A non-organic device structured like a human brain.,No,N/A,N/A,N/A,N/A,Bits,
,1925,Blaster,When the Green Star Waned,Nictzin Dyalhis,A device that shoots a beam of energy that destroys whatever is in its path.,No,N/A,N/A,N/A,N/A,Atoms,
,1925,Quadraturin,Quadraturin,Sigizmund Krzhizhanowsky,"Substance that creates more space when applied to walls, floors and ceilings.",No,N/A,N/A,N/A,N/A,Atoms,
,1923,Parallel Universe,Men Like Gods,H.G. Wells,An entirely separate realm or universe that exists along with our own; it may be wildly different or vary from ours by only a tiny degree.,No,N/A,N/A,N/A,N/A,Atoms,
,1923,Clockwork Man,The Clockwork Man,E.V. Odle,A man from the future with an embedded mechanism to manipulate time.,No,N/A,N/A,N/A,N/A,Atoms,
,1922,Membrane,We,Yevgeny Zamyatin,A listening device.,No,N/A,N/A,N/A,N/A,Atoms,
,2006,Automated Taxi,Sagramanda,Alan Dean Foster,A driverless taxicab.,Yes,"Waymo, Cruise",Self-driving taxis,2010s,Robotaxis remove need for driver,Atoms,
,1921,Pocket-Wings,A Journey to the Year 2025,Clement Fezandie,Individual powered flight.,No,N/A,N/A,N/A,N/A,Atoms,
,1920,Living Metal Cubes,The Metal Monster,Abraham Merritt,Tiny metal cubes and pyramids that work together to create larger shapes.,No,N/A,N/A,N/A,N/A,Atoms,
,1920,Robotess,R.U.R.,Karel Capek,A female robot.,No,N/A,N/A,N/A,N/A,Atoms,
,1918,Magnetic Elevator,The Gods of Mars,Edgar Rice Burroughs,A device that uses very powerful electromagnets for propulsion.,No,N/A,N/A,N/A,N/A,Atoms,
,2006,Command Bracelet,Sagramanda,Alan Dean Foster,A wrist-borne device with a variety of capabilities.,Yes,wearables companies,Smartwatches,2010s,Wearable computer on the wrist,Bits,
,1918,Aero Bus (Flying Bus),What Not: A Prophetic Comedy,Rose Macaulay,A flying bus.,No,N/A,N/A,N/A,N/A,Atoms,
,1917,Telephone Funnel,The Messiah of the Cylinder,Victor Rousseau,A kind of two-way public loudspeaker.,No,N/A,N/A,N/A,N/A,Atoms,
,1917,Ray gun,The Messiah of the Cylinder,Victor Rousseau,A weapon that projects a beam of destructive force.,No,N/A,N/A,N/A,N/A,Atoms,
,1915,Food Tablet,John Jones's Dollar,Harry Stephen Keeler,All of your nutrients in one easy-to-swallow form factor.,No,N/A,N/A,N/A,N/A,Atoms,
,2006,Browser Paper,Rainbows End,Vernor Vinge,A paper-thin computer display.,Yes,Tech companies,Flexible displays,2010s,Foldable touchscreens,Bits,
,1914,Sunray Tank,Warlord of Mars,Edgar Rice Burroughs,A device that stores sunlight itself for use as an energy source.,No,N/A,N/A,N/A,N/A,Atoms,
,2006,Answerboard,Rainbows End,Vernor Vinge,A forum or computer meeting location with experts on a particular topic.,Yes,Internet companies,Online forums,1980s,Message boards on the web,Bits,
,2006,Navicloud Custom Debinder,Rainbows End,Vernor Vinge,A machine that pulls books apart and scans the contents.,Yes,Book digitizers,Book scanning,1990s,Convert print books to digital,Bits,
,2006,Wearables (Wearable Computers),Rainbows End,Vernor Vinge,Computers and peripherals that use textiles for electronic circuitry.,Yes,Wearable companies,Smart fabrics,2010s,Fabrics with electronics,Bits,
,1914,Radioactive Ruin,The World Set Free,H.G. Wells,The aftermath of atomic war is generations of ruin.,No,N/A,N/A,N/A,N/A,Atoms,
,2006,Clothing Size Scanner,Sagramanda,Alan Dean Foster,A device that scanned a living person to determine clothing sizes.,Yes,Body labs,3D body scanning,1990s,Creates 3D model of person,Bits,
,1914,Atomic Engine,The World Set Free,H.G. Wells,A motor running on atomic fuel.,No,N/A,N/A,N/A,N/A,Atoms,
,1913,Poison Space Cloud (Etheric Poison),The Poison Belt,Arthur Conan Doyle,A deadly cloud of gas large enough to envelop the solar system.,No,N/A,N/A,N/A,N/A,Atoms,
,1912,Automated Restaurant,A Princess of Mars,Edgar Rice Burroughs,Food is prepared and served entirely automatically.,No,N/A,N/A,N/A,N/A,Atoms,
,2006,Voxcoder,Storm Thief,Chris Wooding,Device for secure communication.,Yes,Tech companies,Encryption,1900s,Scramble data for privacy,Bits,
,1911,Hypnobioscope,Ralph 124c 41 +,Hugo Gernsback,The first fictional reference to sleep teaching.,No,N/A,N/A,N/A,N/A,Atoms,
,2006,Pocket-Sized Ad-Blocker,Sagramanda,Alan Dean Foster,A device that prevented targeted advertisements from reaching you.,Yes,Companies,Ad blockers,1990s,Block online ads,Bits,
,2006,Librareome Project,Rainbows End,Vernor Vinge,Blasting libraries into bits to create a library of perfect digitized electronic books.,Yes,"Google, Internet Archive",Book digitization,1990s,Convert print books to digital,Bits,
,1911,Alohydrolium,Ralph 124c 41 +,Hugo Gernsback,The lightest metal.,No,N/A,N/A,N/A,N/A,Atoms,
,1911,Menograph (Mind-Writer),Ralph 124c 41 +,Hugo Gernsback,Direct translation of thought to paper.,No,N/A,N/A,N/A,N/A,Atoms,
,1911,Aerocab (Aeroflyer),Ralph 124c 41 +,Hugo Gernsback,"A electric flying taxi, or car.",No,N/A,N/A,N/A,N/A,Atoms,
,1911,Demagnitizing Ray,The Lord of Labour,George Griffith,A beam of radiation that makes even the strongest steel as brittle as chalk.,No,N/A,N/A,N/A,N/A,Atoms,
,1911,Gyrocar,Two Boys in a Gyrocar the story of a New York to Paris motor race,Kenneth Brown,"A two-wheeled, self-balancing automobile.",No,N/A,N/A,N/A,N/A,Atoms,
,1911,Gravity Nullification (Gravity Screen),Ralph 124c 41 +,Hugo Gernsback,Gravity annulled in its entirety in a small area.,No,N/A,N/A,N/A,N/A,Atoms,
,1911,Sub-Atlantic Tube,Ralph 124c 41 +,Hugo Gernsback,A tunnel under the ocean; the shortest distance between the two points.,No,N/A,N/A,N/A,N/A,Atoms,
,2007,Driverless Drones,Halting State,Charles Stross,"One remote supervisor can drive a half-dozen drones, with some computer assistance.",Yes,Defense contractors,Autonomous drones,2010s,No onboard pilot needed,Atoms,
,1911,Iridium Spirals (Street Lights),Ralph 124c 41 +,Hugo Gernsback,Streetlights provide sunlight at night.,No,N/A,N/A,N/A,N/A,Atoms,
,1911,Steelonium,Ralph 124c 41 +,Hugo Gernsback,A remarkable kind of steel that did not rust or corrode.,No,N/A,N/A,N/A,N/A,Atoms,
,1911,Tele-Motor-Coasters,Ralph 124c 41 +,Hugo Gernsback,Powered skates for personal transportation.,No,N/A,N/A,N/A,N/A,Atoms,
,2007,Overlay Specs,Halting State,Charles Stross,Glasses that provide an additional feature; an overlay that lets you see information and graphics along with the real-world view.,Yes,Tech companies,AR glasses,2010s,Augmented reality eyewear,Bits,
,1911,Space-Sick,Ralph 124c 41 +,Hugo Gernsback,Uneasiness associated with space travel.,No,N/A,N/A,N/A,N/A,Atoms,
,1909,The Machine,The Machine Stops,E.M. Forster,A single vast contrivance that supplied all the needs of the world's millions of solitary inhabitants.,No,N/A,N/A,N/A,N/A,Atoms,
,1909,The Book of the Machine,The Machine Stops,E.M. Forster,The only book needed for life in the vast Machine.,No,N/A,N/A,N/A,N/A,Atoms,
,2007,Weapon Sound Tracker,Quantico,Greg Bear,Locate an enemy by the sound of gunfire.,Yes,Defense contractors,Gunshot detection,1990s,Sensors to detect gunfire,Bits,
,1909,Machine Apartment,The Machine Stops,E.M. Forster,"Each person lives isolated in their own room, supported by a vast planetary machine.",No,N/A,N/A,N/A,N/A,Atoms,
,2007,WAGD Germ Detector,Quantico,Greg Bear,A hand-held biohazard analyzer.,Yes,Safran,Biohazard detection,2000s,Detect airborne pathogens,Bits,
,1909,Breed Humans For Machines,The Machine Stops,E.M. Forster,"Carefully cull the strong, resilient humans in favor of weakness, that the human race might be more adapted to life in the Machine.",No,N/A,N/A,N/A,N/A,Atoms,
,1908,Etheroneph,Red Star,Aleksandr Bogdanov,Spacefraft fueled by radioactive materials.,No,N/A,N/A,N/A,N/A,Atoms,
,1908,Minus-Matter,Red Star,Aleksandr Bogdanov,Material that negates weight.,No,N/A,N/A,N/A,N/A,Atoms,
,1907,Tik-Tok,Ozma of Oz,L. Frank Baum,A mechanical man.,No,N/A,N/A,N/A,N/A,Atoms,
,1907,Interplanetary Radiograph Station,On The Martian Way,Harry Gore Bishop,Network of communication in the solar system.,No,N/A,N/A,N/A,N/A,Atoms,
,1907,Neutral (Point),On The Martian Way,Harry Gore Bishop,The point at which the gravitational pull of the sun and that of a planet cancel each other out.,No,N/A,N/A,N/A,N/A,Atoms,
,1907,Gravitation Screen,On The Martian Way,Harry Gore Bishop,Shields a spacecraft from the gravity of a planetary body.,No,N/A,N/A,N/A,N/A,Atoms,
,1905,Glass Dome,A Modern Utopia,H.G. Wells,Protective cover for cities.,No,N/A,N/A,N/A,N/A,Atoms,
,1904,The Terror,Master of the World,Jules Verne,An amazing vehicle capable of attaining tremendous speeds - in many different ways.,No,N/A,N/A,N/A,N/A,Atoms,
,1903,Death-Ray,The World Masters,George Griffith,A thin ray of electric light that melts flesh away from the bone.,No,N/A,N/A,N/A,N/A,Atoms,
,1903,Vandelite Gun,The World Masters,George Griffith,An artillery device that freezes the explosive material for firing so it doesn't explode in the gun when it fires.,No,N/A,N/A,N/A,N/A,Atoms,
,1901,Breathing Dresses,A Honeymoon In Space,George Griffith,A special suit and apparatus for survival on the surface of the Moon.,No,N/A,N/A,N/A,N/A,Atoms,
,1901,Homeworld (Home-World),A Honeymoon In Space,George Griffith,One's planet of origin.,No,N/A,N/A,N/A,N/A,Atoms,
,1901,Cavorite,The First Men in the Moon,H.G. Wells,"An antigravity metal; when it cools, whatever it covers will be impervious to gravitational forces.",No,N/A,N/A,N/A,N/A,Atoms,
,1900,Aerocar,The Abduction of Alexandra Seine,Fred C. Smale,A personal flying vehicle.,No,N/A,N/A,N/A,N/A,Atoms,
,1899,Automatic Valet,Looking Forward: A Dream of the United States of the Americas in 1999,Arthur Bird,A robotic manservant.,No,N/A,N/A,N/A,N/A,Atoms,
,1899,Aerocycle (Ærocycle),Looking Forward: A Dream of the United States of the Americas in 1999,Arthur Bird,"An aerial bicycle, human powered.",No,N/A,N/A,N/A,N/A,Atoms,
,1899,Nickalum,Looking Forward: A Dream of the United States of the Americas in 1999,Arthur Bird,An alloy of aluminum crystalized within a magnetic field for exceptional strength.,No,N/A,N/A,N/A,N/A,Atoms,
,1899,Electric-Automatic Household Robot Cook,Ely's Automatic Housemaid,Elizabeth Bellamy,A robot chef - an Electric-Automatic Household Benefi­cent Genius!,No,N/A,N/A,N/A,N/A,Atoms,
,1899,Nutritious Pellets,Looking Forward: A Dream of the United States of the Americas in 1999,Arthur Bird,Food in pill form.,No,N/A,N/A,N/A,N/A,Atoms,
,1899,Individualized Clothing Manufacture,When the Sleeper Wakes,H.G. Wells,A device that will produce suits of clothing based on measurement data gathered.,No,N/A,N/A,N/A,N/A,Atoms,
,1899,Eadhamite,When the Sleeper Wakes,H.G. Wells,Synthetic material that creates extremely smooth roads.,No,N/A,N/A,N/A,N/A,Atoms,
,2008,SchoolBook,Little Brother,Cory Doctorow,A standard-issue laptop computer for school use.,Yes,Tech companies,School-issued laptops,2000s,Providing devices for education,Atoms,
,1898,Disintegrator,Edison's Conquest of Mars,Garrett P. Serviss,A device that causes objects to burst into molecular pieces.,No,N/A,N/A,N/A,N/A,Atoms,
,1898,Steel Tentacle,The War of the Worlds,H.G. Wells,Flexible robotic steel limbs that can both support a vehicle and grasp objects.,No,N/A,N/A,N/A,N/A,Atoms,
,1898,Electrical 'Tether',Edison's Conquest of Mars,Garrett P. Serviss,A device to make sure an astronaut could return from a free space walk.,No,N/A,N/A,N/A,N/A,Atoms,
,2009,Zip Paper,Mariposa,Greg Bear,Very thin display like a single sheet of paper.,Yes,Tech companies,Flexible displays,2010s,Foldable touchscreens,Bits,
,1898,Aerial Telegraph,Edison's Conquest of Mars,Garrett P. Serviss,Communication between individuals in spacesuits.,No,N/A,N/A,N/A,N/A,Atoms,
,1898,Asteroid Mining,Edison's Conquest of Mars,Garrett P. Serviss,"The mining of asteroid ore, accomplished by traveling to these tiny bodies.",No,N/A,N/A,N/A,N/A,Atoms,
,2009,HUD Glasses,Daemon,Daniel Suarez,Integrated glasses and projector provides a portable heads-up display for augmented reality.,Yes,Tech companies,AR glasses,2010s,Augmented reality eyewear,Bits,
,2009,AutoM8,Daemon,Daniel Suarez,A remote-controlled automobile.,Yes,Car companies,Remote control cars,1900s,Drive car from a distance,Atoms,
,1898,Black Smoke,The War of the Worlds,H.G. Wells,A smoke or vapor dispensed in canisters.,No,N/A,N/A,N/A,N/A,Atoms,
,1898,Red Weed (Terraforming Plant),The War of the Worlds,H.G. Wells,A plant brought by the Martians that grew on Earth.,No,N/A,N/A,N/A,N/A,Atoms,
,1898,Quasi-Muscles (Sham Musculature),The War of the Worlds,H.G. Wells,A means of giving motive power to robots or machines that is similar to animal musculature.,No,N/A,N/A,N/A,N/A,Atoms,
,1898,Tripod,The War of the Worlds,H.G. Wells,An enormous metallic robot.,No,N/A,N/A,N/A,N/A,Atoms,
,1898,Robot Biomimicry,The War of the Worlds,H.G. Wells,"Endowing robots with an organic-appearing fluidity, rather than mechanical motion.",No,N/A,N/A,N/A,N/A,Atoms,
,1898,Robot Spider (Handling Machine),The War of the Worlds,H.G. Wells,Multipurpose device used almost as an extension of the Martian's own bodies.,No,N/A,N/A,N/A,N/A,Atoms,
,1897,Noninterference With Other Worlds,In the Deep of Time,George Parsons Lathrop,Earliest expression of the 'Prime Directive' idea.,No,N/A,N/A,N/A,N/A,Bits,
,1897,Glow-Worm Living,In the Deep of Time,George Parsons Lathrop,"Alternated work, play and slumber without long periods of sleep.",No,N/A,N/A,N/A,N/A,Atoms,
,1897,Life-Brew,In the Deep of Time,George Parsons Lathrop,"A non-alcoholic beverage, but similar to wine.",No,N/A,N/A,N/A,N/A,Atoms,
,1897,Gravitational Wave Viewer,Two Planets,Kurd Lasswitz,A device used to see at astronomical distances.,No,N/A,N/A,N/A,N/A,Atoms,
,1897,Helium Metal,In the Deep of Time,George Parsons Lathrop,An ore with the spectroscopic line of Helium.,No,N/A,N/A,N/A,N/A,Atoms,
,1897,Walking Balloon,In the Deep of Time,George Parsons Lathrop,A means of efficiently traversing rough country.,No,N/A,N/A,N/A,N/A,Atoms,
,1897,Magnetic Shell,The Great Stone of Sardis,Frank Stockton,A munition that is powerfully attracted to ferrous ships.,No,N/A,N/A,N/A,N/A,Atoms,
,1897,Automatic Shell,The Great Stone of Sardis,Frank Stockton,A projectile that bores through obstacles - even the Earth!,No,N/A,N/A,N/A,N/A,Atoms,
,1897,Photic Borer (Artesian Ray),The Great Stone of Sardis,Frank Stockton,A ray of energy that illuminates a cross-section of Earth as it goes through solid earth and rock.,No,N/A,N/A,N/A,N/A,Atoms,
,1897,Home Planet,In the Deep of Time,George Parsons Lathrop,Usually the birthplace of your species or simply your planet of origin.,No,N/A,N/A,N/A,N/A,N/A,
,1897,Invisibility,The Invisible Man,H.G. Wells,The idea that it is possible to make a person invisible using some sort of optical technology to alter the body.,No,N/A,N/A,N/A,N/A,Atoms,
,2010,Aeromuse Pillow,The Human Blend,Alan Dean Foster,A pillow that doubles as a music player.,Yes,Consumer goods,Smart speakers,2010s,Play music and more,Atoms,
,1897,Interstellar Express Car,In the Deep of Time,George Parsons Lathrop,Uses anti-gravitation metal to achieve terrific speeds in space.,No,N/A,N/A,N/A,N/A,Atoms,
,1897,Sun-Telephone,In the Deep of Time,George Parsons Lathrop,Receives transmissions from the sun itself.,No,N/A,N/A,N/A,N/A,Atoms,
,2010,Metallic Display Scroll,Freedom,Daniel Suarez,A rollable video screen.,Yes,LG,Rollable TV,2020,Rollup OLED display,Bits,
,1897,Vivification,In the Deep of Time,George Parsons Lathrop,A process by which the body can be preserved for centuries at body temperature and then revived.,No,N/A,N/A,N/A,N/A,Atoms,
,1897,Electric Gun (Mass Driver),A Trip to Venus,John Munro,A device that used electromagnetic energy to accelerated capsules into orbit.,No,N/A,N/A,N/A,N/A,Atoms,
,1897,Planetary Telegraphing,In the Deep of Time,George Parsons Lathrop,A method for communicating with dwellers on other planets in the solar system.,No,N/A,N/A,N/A,N/A,Bits,
,1896,Monsters Manufactured,The Island of Dr. Moreau,H.G. Wells,Dr. Moreau demonstrates the plasticity of the organic form.,No,N/A,N/A,N/A,N/A,Atoms,
,2011,DNA Publishing,Spiral,Paul McEuen,"Encode a poem or story in DNA, then multiply.",Yes,Researchers,DNA data storage,2010s,Store digital data in DNA,Atoms,
,1896,Fulgurator,Facing The Flag,Jules Verne,An 'autopropulsive projectile'.,No,N/A,N/A,N/A,N/A,Atoms,
,1895,Time Machine,The Time Machine,H.G. Wells,"A device allowing the rider to move freely in the temporal dimension, just as we ordinarily do in the two physical dimensions normal to gravity.",No,N/A,N/A,N/A,N/A,Atoms,
,1895,Government Lethal Chamber,The Repairer of Reputations,Robert W. Chambers,A legal suicide booth.,No,N/A,N/A,N/A,N/A,Atoms,
,1895,Submarine Tube,An Express of the Future,Michel Verne,A means of transport between Europe and North America via underwater tubes.,No,N/A,N/A,N/A,N/A,Atoms,
,1895,Undersea City,The Crystal City Under the Sea,Andre Laurie,"A great city under the sea, covered by a crystal dome.",No,N/A,N/A,N/A,N/A,Atoms,
,1894,Aeriduct (Rain Maker),A Journey In Other Worlds,John Jacob Astor IV,A specific means of producing rain.,No,N/A,N/A,N/A,Fictional,Atoms,
,1894,Arctic Signal Light,A Journey In Other Worlds,John Jacob Astor IV,A means of communicating with spacecraft from the surface of the Earth.,No,N/A,N/A,N/A,N/A,Atoms,
,1893,War-Balloon (Navigable Aerostat),The Angel of the Revolution,George Griffith,Enormous dirigible airships used for war.,No,N/A,N/A,N/A,Fictional,Atoms,
,1889,Straightening the Earth's Poles,The Purchase of the North Pole (Topsy Turvy),Jules Verne,"By means of a suitable force, push the Earth until the planet's axis of rotation is perpendicular to the ecliptic.",No,N/A,N/A,N/A,Fictional,Atoms,
,1887,Anacronopete (Time Machine),El Anacronopete,Enrique Gaspar,A flying electric-powered time machine.,No,N/A,N/A,N/A,Fictional,Atoms,
,1886,Ether Ship,Aleriel or A Voyage to Other Worlds,W.S. Lach-Szyrma,A space-going ship.,No,N/A,N/A,N/A,Fictional term for spacecraft,Atoms,
,1881,Dutch Clock (Time Machine),The Clock That Went Backward,Edward Page Mitchell,A tall Dutch clock with hands that move... backward.,No,N/A,N/A,N/A,Fictional,Atoms,
,1880,Astronaut (Ship),Across the Zodiac,Percy Greg,"The first instance of this phrase, it denotes a space-going vessel.",No,N/A,N/A,N/A,New term for spacecraft,Atoms,
,1880,Apergy (Apergion),Across the Zodiac,Percy Greg,An antigravity substance with sufficient power to propel a space ship from the Earth to Mars.,No,N/A,N/A,N/A,Fictional,Atoms,
,1879,Compact Food Pastilles,The Senator's Daughter,Edward Page Mitchell,One small tablet is a month's worth of food.,No,N/A,N/A,N/A,Fictional,Atoms,
,1879,Suspended Animation (Frigorific Process),The Senator's Daughter,Edward Page Mitchell,Very early reference to cryogenic storage.,No,N/A,N/A,N/A,Fictional,Atoms,
,1877,Telepomp (Matter Transmission),The Man Without a Body,Edward Page Mitchell,A device that transmitted matter from one place to another.,No,N/A,N/A,N/A,Fictional,Atoms,
,1875,Electrify the Rail,"20,000 Leagues Under the Sea",Jules Verne,Use of substantial electrical charge applied to outer hull to repel potential boarders.,No,N/A,N/A,N/A,Fictional,Atoms,
,1875,Nautilus,"20,000 Leagues Under the Sea",Jules Verne,The wondrous submarine of Captain Nemo; the instrument of his escape from humanity and his revenge upon it.,No,N/A,N/A,N/A,Fictional,Atoms,
,1875,Leyden Ball,"20,000 Leagues Under the Sea",Jules Verne,Device for hunting underwater; transfers a powerful electrical charge to the prey.,No,N/A,N/A,N/A,Fictional,Atoms,
,1872,Mechanical Consciousness,Erewhon,Samuel Butler,The notion that machines may develop a form of consciousness.,No,N/A,N/A,N/A,Fictional idea,Bits,
,1871,Fossil Shell Coin,The Coming Race,Edward Bulwer-Lytton,"The use of rare natural shells of an extinct species, for money.",No,N/A,N/A,N/A,Fictional,Atoms,
,1869,Brick Moon,The Brick Moon,Edward Everett Hale,An artificial satellite or space station with living quarters for passengers.,No,N/A,N/A,N/A,Fictional,Atoms,
,1869,Flywheel Launcher,The Brick Moon,Edward Everett Hale,Gigantic flywheels that build up enough power to launch a spacecraft - hurl it into the heavens!,No,N/A,N/A,N/A,Fictional,Atoms,
,1868,Burn the Ship,Around the World in 80 days,Jules Verne,Utilize parts of the ship as fuel for forward movement.,No,N/A,N/A,N/A,Fictional,Atoms,
,1868,Steam Man,The Steam Man of the Prairies,Edward S. Ellis,A mechanical robot powered by steam.,No,N/A,N/A,N/A,Fictional,Atoms,
,1867,Water-Springs,From the Earth to the Moon,Jules Verne,Using water to cushion the living space of a spacecraft from the effects of acceleration.,No,N/A,N/A,N/A,Fictional,Atoms,
,1867,Gourmet Space Cuisine,From the Earth to the Moon,Jules Verne,"The finest in French cuisine, in outer space.",No,N/A,N/A,N/A,Fictional,Atoms,
,1867,Launching Facility,From the Earth to the Moon,Jules Verne,A specific spot with support for a space launch.,No,N/A,N/A,N/A,Fictional,Atoms,
,1867,Columbiad,From the Earth to the Moon,Jules Verne,"An enormous cannon, sufficient in size to send a projectile to the Moon.",No,N/A,N/A,N/A,Fictional,Atoms,
,2017,Wristpad,New York 2140,Kim Stanley Robinson,A tablet computer worn on the wrist.,Yes,Tech companies,Smartwatches,2010s,Wearable computers on the wrist,Bits,
,1867,Projectile-Vehicle,From the Earth to the Moon,Jules Verne,"A projectile, or shot, capable of enclosing passengers and being safely hurled to the moon by an enormous cannon.",No,N/A,N/A,N/A,Fictional,Atoms,
,1866,Paper Steel,Robur-the-Conqueror,Jules Verne,Specially treated paper that forms material as hard as steel.,No,N/A,N/A,N/A,Fictional,Atoms,
,1846,Express Dolphin,Le Monde Tel Qu'il Sera (The World As It Shall Be),Emile Souvestre,A most agreeable means of locomotion under the waves.,No,N/A,N/A,N/A,Fictional,Atoms,
,1846,Steam Horse,Le Monde Tel Qu'il Sera (The World As It Shall Be),Emile Souvestre,A remarkable mechanical beast.,No,N/A,N/A,N/A,Fictional,Atoms,
,1846,Forced Scholars,Le Monde Tel Qu'il Sera (The World As It Shall Be),Emile Souvestre,Hothouse intellectuals.,No,N/A,N/A,N/A,Fictional,Bits,
,1846,Feeding Room,Le Monde Tel Qu'il Sera (The World As It Shall Be),Emile Souvestre,An automated child care.,No,N/A,N/A,N/A,Fictional,Atoms,
,1846,Passenger-Carrying Mortar,Le Monde Tel Qu'il Sera (The World As It Shall Be),Emile Souvestre,"A unique way of crossing a river, without a boat or a bridge.",No,N/A,N/A,N/A,Fictional,Atoms,
,1828,Steam-Propelled Moving Houses,The Mummy! A Tale of the Twenty-Second Century,Jane Webb Loudon,"Otherwise ordinary residences that move from place to place, powered by steam.",No,N/A,N/A,N/A,Fictional,Atoms,
,1828,Barrels of Air,The Mummy! A Tale of the Twenty-Second Century,Jane Webb Loudon,A very early mention of a means for breathing once above the Earth's atmosphere.,No,N/A,N/A,N/A,Fictional,Atoms,
,1828,Mail-Post Letter-Ball,The Mummy! A Tale of the Twenty-Second Century,Jane Webb Loudon,A system of sending mail quickly from town to town via steam-cannon-powered hollow spheres.,No,N/A,N/A,N/A,Fictional,Atoms,
,1828,Stage Balloon,The Mummy! A Tale of the Twenty-Second Century,Jane Webb Loudon,"A regular means of conveyance, like a train or carriage.",No,N/A,N/A,N/A,Fictional,Atoms,
,1726,Laputa,Gulliver's Travels,Jonathan Swift,A floating island or rock in the air.,No,N/A,N/A,N/A,Fictional,Atoms,
,2022,Autofreighter,The Mountain in the Sea,Ray Naylor,An autonomous vessel carrying trade materials.,Yes,Maritime,Autonomous ships,2010s,Crewless cargo vessels,Atoms,
,2022,Palimpscreen,The Mountain in the Sea,Ray Naylor,A thin piece of digital paper.,Yes,Tech companies,E-paper displays,2010s,"Thin, low-power screens",Bits,
,1705,Cogitator (The Chair of Reflection),The Consolidator,Daniel Defoe,A device which improves the rationality of the thinking processes.,No,N/A,N/A,N/A,Fictional,Atoms,
,2022,Folding Terminal,The Mountain in the Sea,Ray Naylor,A computer that unfolds itself for use.,Yes,Lenovo,Foldable laptops,2020s,Laptops with foldable screens,Bits,
,1657,Moon Machine,A Voyage to the Moon,Cyrano de Bergerac,A device that could power a man from the surface of the Earth to that of the Moon.,No,N/A,N/A,N/A,Fictional,Atoms,
,1638,Gansas,The Man in the Moone,Francis Godwin,Migratory birds that fly all the way to the Moone.,No,N/A,N/A,N/A,Fictional,Atoms,